employee_key,employee_id,full_name,email,department,role,salary,years_experience,status,change_reason,valid_from,valid_to,is_current
1,EMP0001,Anjali Desai,anjali.desai@presight.ai,Operations,Senior Data Engineer,9882.0,6,Active,Initial appointment,2019-08-06,2021-08-22,False
2,EMP0001,Anjali Desai,anjali.desai@presight.ai,Operations,Senior Data Engineer,11383.0,6,Active,Market correction adjustment,2021-08-22,2022-10-09,False
3,EMP0001,Anjali Desai,anjali.desai@presight.ai,Operations,Senior Data Engineer,17839.0,6,Active,Promoted following review,2022-10-09,9999-12-31,True
4,EMP0002,Mohammed Mansour,mohammed.mansour@presight.ai,Operations,Senior Data Engineer,33928.0,11,Active,Hire - Initial Appointment,2014-08-20,9999-12-31,True
5,EMP0003,Adam Rahman,adam.rahman@presight.ai,Legal,Compliance Analyst,12743.0,4,Active,Initial appointment,2021-02-17,2023-01-21,False
6,EMP0003,Adam Rahman,adam.rahman@presight.ai,Legal,Compliance Analyst,14807.0,4,Active,Promoted following review,2023-01-21,2023-02-01,False
7,EMP0003,Adam Rahman,adam.rahman@presight.ai,Legal,Compliance Analyst,18763.0,4,Active,Cost of living adjustment,2023-02-01,9999-12-31,True
8,EMP0004,Fatima Al Suwaidi,fatima.al.suwaidi@presight.ai,Procurement,Procurement Analyst,14834.0,2,Active,Initial appointment,2024-05-30,2025-01-10,False
9,EMP0004,Fatima Al Suwaidi,fatima.al.suwaidi@presight.ai,Procurement,Procurement Analyst,17737.0,2,Active,Cost of living adjustment,2025-01-10,2025-01-24,False
10,EMP0004,Fatima Al Suwaidi,fatima.al.suwaidi@presight.ai,Procurement,Procurement Analyst,18854.0,2,Active,Retention adjustment,2025-01-24,2025-06-29,False
11,EMP0004,Fatima Al Suwaidi,fatima.al.suwaidi@presight.ai,Procurement,Procurement Analyst,20100.0,2,Active,Annual performance increase,2025-06-29,9999-12-31,True
12,EMP0005,Priya Chen,priya.chen@presight.ai,Procurement,Procurement Analyst,14370.0,0,Active,Hire - Initial Appointment,2024-02-21,9999-12-31,True
13,EMP0006,Rohan Murthy,rohan.murthy@presight.ai,HR,Learning & Development,15200.0,2,Active,Initial appointment,2024-03-28,2024-09-27,False
14,EMP0006,Rohan Murthy,rohan.murthy@presight.ai,HR,Learning & Development,17654.0,2,Active,Market correction adjustment,2024-09-27,2025-01-09,False
15,EMP0006,Rohan Murthy,rohan.murthy@presight.ai,HR,Learning & Development,19734.0,2,Active,Promoted following review,2025-01-09,2025-04-25,False
16,EMP0006,Rohan Murthy,rohan.murthy@presight.ai,HR,Learning & Development,22749.0,2,Active,Retention adjustment,2025-04-25,9999-12-31,True
17,EMP0007,Abdulla Farooq,abdulla.farooq@presight.ai,HR,HR Analyst,17155.0,5,Active,Initial appointment,2021-07-25,2022-07-17,False
18,EMP0007,Abdulla Farooq,abdulla.farooq@presight.ai,HR,HR Analyst,19279.0,5,Active,Project completion bonus integration,2022-07-17,2022-08-18,False
19,EMP0007,Abdulla Farooq,abdulla.farooq@presight.ai,HR,HR Analyst,28752.0,5,Active,Annual performance increase,2022-08-18,9999-12-31,True
20,EMP0008,Kavya Mehta,kavya.mehta@presight.ai,Operations,Supply Chain Analyst,22145.0,12,Active,Initial appointment,2013-05-18,2014-03-03,False
21,EMP0008,Kavya Mehta,kavya.mehta@presight.ai,Operations,Supply Chain Analyst,25313.0,12,Active,Market correction adjustment,2014-03-03,2016-10-30,False
22,EMP0008,Kavya Mehta,kavya.mehta@presight.ai,Operations,Supply Chain Analyst,28912.0,12,Active,Market correction adjustment,2016-10-30,2018-03-09,False
23,EMP0008,Kavya Mehta,kavya.mehta@presight.ai,Operations,Supply Chain Analyst,35532.0,12,Active,Annual performance increase,2018-03-09,9999-12-31,True
24,EMP0009,Eman Saeed,eman.saeed@presight.ai,Legal,Compliance Analyst,12521.0,5,Active,Initial appointment,2020-01-26,2021-09-16,False
25,EMP0009,Eman Saeed,eman.saeed@presight.ai,Legal,Compliance Analyst,21174.0,5,Active,Promoted following review,2021-09-16,9999-12-31,True
26,EMP0010,Ravi Joshi,ravi.joshi@presight.ai,Legal,Legal Analyst,12983.0,4,Active,Initial appointment,2023-01-06,2025-01-10,False
27,EMP0010,Ravi Joshi,ravi.joshi@presight.ai,Legal,Legal Analyst,21334.0,4,Active,Project completion bonus integration,2025-01-10,9999-12-31,True
28,EMP0011,Mariam Najjar,mariam.najjar@presight.ai,HR,Learning & Development,13295.0,3,Active,Hire - Initial Appointment,2022-05-15,9999-12-31,True
29,EMP0012,Reem Najjar,reem.najjar@presight.ai,Sustainability,Data Analyst,18770.0,7,Active,Initial appointment,2020-09-29,2024-05-06,False
30,EMP0012,Reem Najjar,reem.najjar@presight.ai,Sustainability,Data Analyst,21896.0,7,Active,Market correction adjustment,2024-05-06,2024-06-27,False
31,EMP0012,Reem Najjar,reem.najjar@presight.ai,Sustainability,Data Analyst,24214.0,7,Active,Cost of living adjustment,2024-06-27,2025-02-01,False
32,EMP0012,Reem Najjar,reem.najjar@presight.ai,Sustainability,Data Analyst,31126.0,7,Active,Cost of living adjustment,2025-02-01,9999-12-31,True
33,EMP0013,Salma Al Shamsi,salma.al.shamsi@presight.ai,Operations,Senior Data Engineer,8347.0,0,Active,Initial appointment,2024-09-05,2025-03-24,False
34,EMP0013,Salma Al Shamsi,salma.al.shamsi@presight.ai,Operations,Senior Data Engineer,12645.0,0,Active,Project completion bonus integration,2025-03-24,9999-12-31,True
35,EMP0014,Aaliyah Mansour,aaliyah.mansour@presight.ai,IT,Data Engineer,20466.0,3,Active,Hire - Initial Appointment,2024-04-12,9999-12-31,True
36,EMP0015,Roshan Reddy,roshan.reddy@presight.ai,Digital,Product Manager,6915.0,2,Active,Initial appointment,2023-04-28,2024-03-22,False
37,EMP0015,Roshan Reddy,roshan.reddy@presight.ai,Digital,Product Manager,7517.0,2,Active,Promoted following review,2024-03-22,2025-03-08,False
38,EMP0015,Roshan Reddy,roshan.reddy@presight.ai,Digital,Product Manager,12524.0,2,Active,Retention adjustment,2025-03-08,9999-12-31,True
39,EMP0016,Min Joshi,min.joshi@presight.ai,Engineering,Data Engineer,46423.0,11,Active,Hire - Initial Appointment,2015-09-08,9999-12-31,True
40,EMP0017,Priya Nambiar,priya.nambiar@presight.ai,Operations,Supply Chain Analyst,28119.0,6,Active,Hire - Initial Appointment,2019-08-10,9999-12-31,True
41,EMP0018,Raj Menon,raj.menon@presight.ai,Sales,Account Manager,14779.0,0,Active,Hire - Initial Appointment,2024-04-08,9999-12-31,True
42,EMP0019,Noura Al Mazrouei,noura.al.mazrouei@presight.ai,Data Science,BI Developer,14981.0,2,Active,Initial appointment,2023-01-08,2023-11-20,False
43,EMP0019,Noura Al Mazrouei,noura.al.mazrouei@presight.ai,Data Science,BI Developer,17604.0,2,Active,Cost of living adjustment,2023-11-20,2025-02-28,False
44,EMP0019,Noura Al Mazrouei,noura.al.mazrouei@presight.ai,Data Science,BI Developer,21508.0,2,Active,Annual performance increase,2025-02-28,9999-12-31,True
45,EMP0020,Dana Hamdan,dana.hamdan@presight.ai,Operations,Operations Analyst,24729.0,14,Active,Initial appointment,2011-07-22,2012-08-19,False
46,EMP0020,Dana Hamdan,dana.hamdan@presight.ai,Operations,Operations Analyst,28620.0,14,Active,Market correction adjustment,2012-08-19,2022-08-26,False
47,EMP0020,Dana Hamdan,dana.hamdan@presight.ai,Operations,Operations Analyst,30206.0,14,Active,Cost of living adjustment,2022-08-26,2022-10-03,False
48,EMP0020,Dana Hamdan,dana.hamdan@presight.ai,Operations,Operations Analyst,40697.0,14,Active,Project completion bonus integration,2022-10-03,9999-12-31,True
49,EMP0021,Dana Al Naqbi,dana.al.naqbi@presight.ai,Operations,Operations Analyst,15458.0,6,Active,Initial appointment,2019-06-11,2021-10-06,False
50,EMP0021,Dana Al Naqbi,dana.al.naqbi@presight.ai,Operations,Operations Analyst,21744.0,6,Active,Promoted following review,2021-10-06,9999-12-31,True
51,EMP0022,Carlos Okonkwo,carlos.okonkwo@presight.ai,Sustainability,Data Analyst,8879.0,0,Active,Initial appointment,2024-04-30,2024-11-04,False
52,EMP0022,Carlos Okonkwo,carlos.okonkwo@presight.ai,Sustainability,Data Analyst,10081.0,0,Active,Annual performance increase,2024-11-04,2024-11-05,False
53,EMP0022,Carlos Okonkwo,carlos.okonkwo@presight.ai,Sustainability,Data Analyst,10825.0,0,Active,Retention adjustment,2024-11-05,2025-01-08,False
54,EMP0022,Carlos Okonkwo,carlos.okonkwo@presight.ai,Sustainability,Data Analyst,12561.0,0,Active,Project completion bonus integration,2025-01-08,9999-12-31,True
55,EMP0023,Khalifa Saleh,khalifa.saleh@presight.ai,Data Science,BI Engineer,21630.0,6,Active,Hire - Initial Appointment,2020-05-14,9999-12-31,True
56,EMP0024,Bilal Farooq,bilal.farooq@presight.ai,Sales,Account Manager,23159.0,2,Active,Hire - Initial Appointment,2023-08-23,9999-12-31,True
57,EMP0025,Ibrahim Khoury,ibrahim.khoury@presight.ai,Finance,Data Analyst,7132.0,1,Active,Initial appointment,2024-05-25,2024-12-31,False
58,EMP0025,Ibrahim Khoury,ibrahim.khoury@presight.ai,Finance,Data Analyst,12563.0,1,Active,Cost of living adjustment,2024-12-31,9999-12-31,True
59,EMP0026,Ahmed Farooq,ahmed.farooq@presight.ai,Sustainability,Data Analyst,10677.0,4,Active,Initial appointment,2021-02-24,2021-11-02,False
60,EMP0026,Ahmed Farooq,ahmed.farooq@presight.ai,Sustainability,Data Analyst,11614.0,4,Active,Annual performance increase,2021-11-02,2022-02-08,False
61,EMP0026,Ahmed Farooq,ahmed.farooq@presight.ai,Sustainability,Data Analyst,13086.0,4,Active,Market correction adjustment,2022-02-08,2022-05-24,False
62,EMP0026,Ahmed Farooq,ahmed.farooq@presight.ai,Sustainability,Data Analyst,13812.0,4,Active,Market correction adjustment,2022-05-24,2025-06-30,False
63,EMP0026,Ahmed Farooq,ahmed.farooq@presight.ai,Sustainability,Data Analyst,18100.0,4,Active,Annual performance increase,2025-06-30,9999-12-31,True
64,EMP0027,Kavya Mehta,kavya.mehta1@presight.ai,Operations,Supply Chain Analyst,21170.0,12,Active,Initial appointment,2014-01-29,2021-04-29,False
65,EMP0027,Kavya Mehta,kavya.mehta1@presight.ai,Operations,Supply Chain Analyst,23420.0,12,Active,Promoted following review,2021-04-29,2022-04-30,False
66,EMP0027,Kavya Mehta,kavya.mehta1@presight.ai,Operations,Supply Chain Analyst,27029.0,12,Active,Promoted following review,2022-04-30,2024-05-13,False
67,EMP0027,Kavya Mehta,kavya.mehta1@presight.ai,Operations,Supply Chain Analyst,33280.0,12,Active,Promoted following review,2024-05-13,9999-12-31,True
68,EMP0028,Layla Al Naqbi,layla.al.naqbi@presight.ai,Sales,Sales Analyst,40619.0,20,Active,Initial appointment,2007-08-11,2010-12-14,False
69,EMP0028,Layla Al Naqbi,layla.al.naqbi@presight.ai,Sales,Sales Analyst,47557.0,20,Active,Retention adjustment,2010-12-14,2018-01-20,False
70,EMP0028,Layla Al Naqbi,layla.al.naqbi@presight.ai,Sales,Sales Analyst,64478.0,20,Active,Retention adjustment,2018-01-20,9999-12-31,True
71,EMP0029,Mateo Patel,mateo.patel@presight.ai,Engineering,Data Modeler,22623.0,7,Active,Initial appointment,2019-03-08,2020-12-04,False
72,EMP0029,Mateo Patel,mateo.patel@presight.ai,Engineering,Data Modeler,24590.0,7,Active,Retention adjustment,2020-12-04,2023-07-16,False
73,EMP0029,Mateo Patel,mateo.patel@presight.ai,Engineering,Data Modeler,34052.0,7,Active,Annual performance increase,2023-07-16,9999-12-31,True
74,EMP0030,Karthik Murthy,karthik.murthy@presight.ai,Operations,Senior Data Engineer,18773.0,10,Active,Initial appointment,2017-07-29,2018-11-28,False
75,EMP0030,Karthik Murthy,karthik.murthy@presight.ai,Operations,Senior Data Engineer,26684.0,10,Active,Promoted following review,2018-11-28,9999-12-31,True
76,EMP0031,Adam Al Marri,adam.al.marri@presight.ai,Legal,Legal Analyst,15372.0,1,Active,Hire - Initial Appointment,2024-03-22,9999-12-31,True
77,EMP0032,Min Chen,min.chen@presight.ai,Digital,Product Manager,18826.0,2,Active,Hire - Initial Appointment,2024-04-08,9999-12-31,True
78,EMP0033,Lara Hernandez,lara.hernandez@presight.ai,Sales,Account Manager,11184.0,2,Active,Initial appointment,2024-04-01,2025-01-05,False
79,EMP0033,Lara Hernandez,lara.hernandez@presight.ai,Sales,Account Manager,12076.0,2,Active,Annual performance increase,2025-01-05,2025-03-27,False
80,EMP0033,Lara Hernandez,lara.hernandez@presight.ai,Sales,Account Manager,17226.0,2,Active,Annual performance increase,2025-03-27,9999-12-31,True
81,EMP0034,Eman Al Zaabi,eman.al.zaabi@presight.ai,Procurement,Vendor Manager,24691.0,6,Active,Initial appointment,2020-04-08,2022-05-20,False
82,EMP0034,Eman Al Zaabi,eman.al.zaabi@presight.ai,Procurement,Vendor Manager,28611.0,6,Active,Market correction adjustment,2022-05-20,2023-08-28,False
83,EMP0034,Eman Al Zaabi,eman.al.zaabi@presight.ai,Procurement,Vendor Manager,31123.0,6,Active,Project completion bonus integration,2023-08-28,2024-04-26,False
84,EMP0034,Eman Al Zaabi,eman.al.zaabi@presight.ai,Procurement,Vendor Manager,34932.0,6,Active,Annual performance increase,2024-04-26,9999-12-31,True
85,EMP0035,Omar Al Zaabi,omar.al.zaabi@presight.ai,Legal,Legal Analyst,10456.0,0,Active,Initial appointment,2024-06-02,2025-01-15,False
86,EMP0035,Omar Al Zaabi,omar.al.zaabi@presight.ai,Legal,Legal Analyst,12241.0,0,Active,Project completion bonus integration,2025-01-15,2025-04-14,False
87,EMP0035,Omar Al Zaabi,omar.al.zaabi@presight.ai,Legal,Legal Analyst,13611.0,0,Active,Market correction adjustment,2025-04-14,2025-05-22,False
88,EMP0035,Omar Al Zaabi,omar.al.zaabi@presight.ai,Legal,Legal Analyst,14571.0,0,Active,Retention adjustment,2025-05-22,9999-12-31,True
89,EMP0036,Aisha Mansour,aisha.mansour@presight.ai,IT,IT Manager,13425.0,2,Active,Hire - Initial Appointment,2024-01-01,9999-12-31,True
90,EMP0037,Meera Mehta,meera.mehta@presight.ai,Digital,Product Manager,21187.0,5,Active,Hire - Initial Appointment,2022-03-28,9999-12-31,True
91,EMP0038,Divya Joshi,divya.joshi@presight.ai,Operations,Operations Analyst,28262.0,7,Active,Hire - Initial Appointment,2020-01-01,9999-12-31,True
92,EMP0039,Roshan Tanaka,roshan.tanaka@presight.ai,Sales,Account Manager,33099.0,11,Active,Hire - Initial Appointment,2014-03-19,9999-12-31,True
93,EMP0040,Anika Tanaka,anika.tanaka@presight.ai,Operations,Senior Data Engineer,9751.0,3,Active,Initial appointment,2022-05-08,2023-02-17,False
94,EMP0040,Anika Tanaka,anika.tanaka@presight.ai,Operations,Senior Data Engineer,10418.0,3,Active,Cost of living adjustment,2023-02-17,2023-04-07,False
95,EMP0040,Anika Tanaka,anika.tanaka@presight.ai,Operations,Senior Data Engineer,16243.0,3,Active,Cost of living adjustment,2023-04-07,9999-12-31,True
96,EMP0041,Lin Nair,lin.nair@presight.ai,HR,Learning & Development,48037.0,16,Active,Hire - Initial Appointment,2010-08-20,9999-12-31,True
97,EMP0042,Hassan Najjar,hassan.najjar@presight.ai,Finance,Finance Manager,32939.0,8,Active,Hire - Initial Appointment,2018-08-15,9999-12-31,True
98,EMP0043,Hamad Al Naqbi,hamad.al.naqbi@presight.ai,IT,Cloud Architect,14467.0,3,Active,Initial appointment,2022-08-01,2023-12-23,False
99,EMP0043,Hamad Al Naqbi,hamad.al.naqbi@presight.ai,IT,Cloud Architect,15323.0,3,Active,Annual performance increase,2023-12-23,2024-06-30,False
100,EMP0043,Hamad Al Naqbi,hamad.al.naqbi@presight.ai,IT,Cloud Architect,17641.0,3,Active,Retention adjustment,2024-06-30,2024-12-06,False
101,EMP0043,Hamad Al Naqbi,hamad.al.naqbi@presight.ai,IT,Cloud Architect,22786.0,3,Active,Market correction adjustment,2024-12-06,9999-12-31,True
102,EMP0044,Nadia Ibrahim,nadia.ibrahim@presight.ai,Marketing,Marketing Analyst,47432.0,14,Active,Hire - Initial Appointment,2012-01-07,9999-12-31,True
103,EMP0045,Sanjay Patel,sanjay.patel@presight.ai,Procurement,Procurement Analyst,22427.0,8,Active,Initial appointment,2018-08-13,2024-09-19,False
104,EMP0045,Sanjay Patel,sanjay.patel@presight.ai,Procurement,Procurement Analyst,25080.0,8,Active,Promoted following review,2024-09-19,2025-04-22,False
105,EMP0045,Sanjay Patel,sanjay.patel@presight.ai,Procurement,Procurement Analyst,32999.0,8,Active,Project completion bonus integration,2025-04-22,9999-12-31,True
106,EMP0046,Pooja Pillai,pooja.pillai@presight.ai,Digital,Senior Data Engineer,27756.0,8,Active,Initial appointment,2018-01-15,2021-03-28,False
107,EMP0046,Pooja Pillai,pooja.pillai@presight.ai,Digital,Senior Data Engineer,46751.0,8,Active,Annual performance increase,2021-03-28,9999-12-31,True
108,EMP0047,Rashid Al Rumaithi,rashid.al.rumaithi@presight.ai,Legal,Legal Analyst,19677.0,4,Active,Hire - Initial Appointment,2022-05-23,9999-12-31,True
109,EMP0048,Hiroshi Sharma,hiroshi.sharma@presight.ai,Procurement,Vendor Manager,12038.0,2,Active,Initial appointment,2024-01-21,2025-01-09,False
110,EMP0048,Hiroshi Sharma,hiroshi.sharma@presight.ai,Procurement,Vendor Manager,18836.0,2,Active,Project completion bonus integration,2025-01-09,9999-12-31,True
111,EMP0049,Ravi Krishnan,ravi.krishnan@presight.ai,Operations,Senior Data Engineer,12937.0,1,Active,Hire - Initial Appointment,2024-05-11,9999-12-31,True
112,EMP0050,Sophie Williams,sophie.williams@presight.ai,IT,DevOps Engineer,32115.0,8,Active,Initial appointment,2018-07-13,2020-05-15,False
113,EMP0050,Sophie Williams,sophie.williams@presight.ai,IT,DevOps Engineer,37026.0,8,Active,Project completion bonus integration,2020-05-15,2022-06-08,False
114,EMP0050,Sophie Williams,sophie.williams@presight.ai,IT,DevOps Engineer,42543.0,8,Active,Cost of living adjustment,2022-06-08,2023-12-03,False
115,EMP0050,Sophie Williams,sophie.williams@presight.ai,IT,DevOps Engineer,47481.0,8,Active,Market correction adjustment,2023-12-03,9999-12-31,True
116,EMP0051,Meera Bhatt,meera.bhatt@presight.ai,Data Science,Data Scientist,25410.0,6,Active,Initial appointment,2021-01-22,2024-03-21,False
117,EMP0051,Meera Bhatt,meera.bhatt@presight.ai,Data Science,Data Scientist,28570.0,6,Active,Cost of living adjustment,2024-03-21,2025-05-15,False
118,EMP0051,Meera Bhatt,meera.bhatt@presight.ai,Data Science,Data Scientist,32540.0,6,Active,Annual performance increase,2025-05-15,2025-05-19,False
119,EMP0051,Meera Bhatt,meera.bhatt@presight.ai,Data Science,Data Scientist,34837.0,6,Active,Project completion bonus integration,2025-05-19,9999-12-31,True
120,EMP0052,Layla Al Mansoori,layla.al.mansoori@presight.ai,Legal,Compliance Analyst,32102.0,10,Active,Hire - Initial Appointment,2017-08-25,9999-12-31,True
121,EMP0053,Mariam Saleh,mariam.saleh@presight.ai,Sustainability,Sustainability Analyst,18189.0,9,Active,Initial appointment,2017-05-07,2019-07-01,False
122,EMP0053,Mariam Saleh,mariam.saleh@presight.ai,Sustainability,Sustainability Analyst,19458.0,9,Active,Market correction adjustment,2019-07-01,2019-11-06,False
123,EMP0053,Mariam Saleh,mariam.saleh@presight.ai,Sustainability,Sustainability Analyst,22249.0,9,Active,Promoted following review,2019-11-06,2020-04-27,False
124,EMP0053,Mariam Saleh,mariam.saleh@presight.ai,Sustainability,Sustainability Analyst,32136.0,9,Active,Cost of living adjustment,2020-04-27,9999-12-31,True
125,EMP0054,Priya Nair,priya.nair@presight.ai,Sales,Sales Analyst,21049.0,4,Active,Hire - Initial Appointment,2021-09-07,9999-12-31,True
126,EMP0055,Mariam Mansour,mariam.mansour@presight.ai,Engineering,Senior Data Engineer,10005.0,3,Active,Initial appointment,2024-07-27,2025-02-13,False
127,EMP0055,Mariam Mansour,mariam.mansour@presight.ai,Engineering,Senior Data Engineer,17701.0,3,Active,Project completion bonus integration,2025-02-13,9999-12-31,True
128,EMP0056,Dana Mahmoud,dana.mahmoud@presight.ai,Engineering,Senior Data Engineer,11479.0,1,Active,Initial appointment,2024-07-07,2025-02-10,False
129,EMP0056,Dana Mahmoud,dana.mahmoud@presight.ai,Engineering,Senior Data Engineer,15312.0,1,Active,Project completion bonus integration,2025-02-10,9999-12-31,True
130,EMP0057,Eric Hernandez,eric.hernandez@presight.ai,Procurement,Vendor Manager,19059.0,3,Active,Hire - Initial Appointment,2022-04-09,9999-12-31,True
131,EMP0058,Rohan Chen,rohan.chen@presight.ai,Operations,Supply Chain Analyst,34659.0,9,Active,Hire - Initial Appointment,2016-04-11,9999-12-31,True
132,EMP0059,Bilal Al Rumaithi,bilal.al.rumaithi@presight.ai,Engineering,Data Modeler,33852.0,23,Active,Initial appointment,2002-09-14,2009-02-13,False
133,EMP0059,Bilal Al Rumaithi,bilal.al.rumaithi@presight.ai,Engineering,Data Modeler,59572.0,23,Active,Market correction adjustment,2009-02-13,9999-12-31,True
134,EMP0060,Maryam Al Bloushi,maryam.al.bloushi@presight.ai,IT,Network Engineer,28932.0,9,Active,Initial appointment,2016-07-26,2021-09-30,False
135,EMP0060,Maryam Al Bloushi,maryam.al.bloushi@presight.ai,IT,Network Engineer,32858.0,9,Active,Annual performance increase,2021-09-30,2022-02-24,False
136,EMP0060,Maryam Al Bloushi,maryam.al.bloushi@presight.ai,IT,Network Engineer,45827.0,9,Active,Cost of living adjustment,2022-02-24,9999-12-31,True
137,EMP0061,Sami Saeed,sami.saeed@presight.ai,Finance,Budget Analyst,8929.0,3,Active,Initial appointment,2024-04-25,2025-01-31,False
138,EMP0061,Sami Saeed,sami.saeed@presight.ai,Finance,Budget Analyst,10288.0,3,Active,Market correction adjustment,2025-01-31,2025-04-01,False
139,EMP0061,Sami Saeed,sami.saeed@presight.ai,Finance,Budget Analyst,12970.0,3,Active,Cost of living adjustment,2025-04-01,9999-12-31,True
140,EMP0062,Eman Al Shamsi,eman.al.shamsi@presight.ai,Marketing,Marketing Analyst,21111.0,8,Active,Initial appointment,2018-02-12,2021-07-25,False
141,EMP0062,Eman Al Shamsi,eman.al.shamsi@presight.ai,Marketing,Marketing Analyst,22501.0,8,Active,Market correction adjustment,2021-07-25,2022-07-26,False
142,EMP0062,Eman Al Shamsi,eman.al.shamsi@presight.ai,Marketing,Marketing Analyst,28404.0,8,Active,Market correction adjustment,2022-07-26,9999-12-31,True
143,EMP0063,Nadia Mahmoud,nadia.mahmoud@presight.ai,Procurement,Vendor Manager,25534.0,8,Active,Hire - Initial Appointment,2018-05-26,9999-12-31,True
144,EMP0064,Fatima Najjar,fatima.najjar@presight.ai,Marketing,Marketing Analyst,31965.0,6,Active,Hire - Initial Appointment,2021-04-26,9999-12-31,True
145,EMP0065,Rashid Al Marri,rashid.al.marri@presight.ai,Finance,Finance Manager,29728.0,12,Active,Hire - Initial Appointment,2013-08-30,9999-12-31,True
146,EMP0066,Dana Mahmoud,dana.mahmoud1@presight.ai,Data Science,ML Engineer,20799.0,9,Active,Initial appointment,2016-02-18,2020-03-14,False
147,EMP0066,Dana Mahmoud,dana.mahmoud1@presight.ai,Data Science,ML Engineer,30280.0,9,Active,Cost of living adjustment,2020-03-14,9999-12-31,True
148,EMP0067,Anjali Hussain,anjali.hussain@presight.ai,Finance,Budget Analyst,32708.0,12,Active,Hire - Initial Appointment,2014-04-05,9999-12-31,True
149,EMP0068,Inga Hernandez,inga.hernandez@presight.ai,Legal,Compliance Analyst,18317.0,4,Active,Hire - Initial Appointment,2022-09-11,9999-12-31,True
150,EMP0069,Karthik Zhang,karthik.zhang@presight.ai,Data Science,Data Scientist,17949.0,5,Active,Hire - Initial Appointment,2022-01-01,9999-12-31,True
151,EMP0070,Salma Saleh,salma.saleh@presight.ai,Digital,UX Designer,15978.0,9,Active,Initial appointment,2018-03-10,2018-11-23,False
152,EMP0070,Salma Saleh,salma.saleh@presight.ai,Digital,UX Designer,18637.0,9,Active,Promoted following review,2018-11-23,2020-08-29,False
153,EMP0070,Salma Saleh,salma.saleh@presight.ai,Digital,UX Designer,20647.0,9,Active,Annual performance increase,2020-08-29,2020-11-16,False
154,EMP0070,Salma Saleh,salma.saleh@presight.ai,Digital,UX Designer,22595.0,9,Active,Promoted following review,2020-11-16,2024-06-26,False
155,EMP0070,Salma Saleh,salma.saleh@presight.ai,Digital,UX Designer,28335.0,9,Active,Cost of living adjustment,2024-06-26,9999-12-31,True
156,EMP0071,Hassan Rahman,hassan.rahman@presight.ai,IT,DevOps Engineer,21524.0,5,Active,Hire - Initial Appointment,2020-04-26,9999-12-31,True
157,EMP0072,Hiroshi Malik,hiroshi.malik@presight.ai,Finance,Data Analyst,20403.0,5,Active,Hire - Initial Appointment,2021-05-05,9999-12-31,True
158,EMP0073,James Andersen,james.andersen@presight.ai,Finance,Finance Director,18443.0,9,Active,Initial appointment,2016-05-26,2018-05-06,False
159,EMP0073,James Andersen,james.andersen@presight.ai,Finance,Finance Director,22022.0,9,Active,Retention adjustment,2018-05-06,2019-10-02,False
160,EMP0073,James Andersen,james.andersen@presight.ai,Finance,Finance Director,30568.0,9,Active,Market correction adjustment,2019-10-02,9999-12-31,True
161,EMP0074,Inga Laurent,inga.laurent@presight.ai,Digital,Digital Analyst,13470.0,6,Active,Initial appointment,2021-07-13,2023-01-14,False
162,EMP0074,Inga Laurent,inga.laurent@presight.ai,Digital,Digital Analyst,14250.0,6,Active,Cost of living adjustment,2023-01-14,2024-11-16,False
163,EMP0074,Inga Laurent,inga.laurent@presight.ai,Digital,Digital Analyst,19723.0,6,Active,Project completion bonus integration,2024-11-16,9999-12-31,True
164,EMP0075,Sara Rossi,sara.rossi@presight.ai,Legal,Legal Analyst,17357.0,4,Active,Hire - Initial Appointment,2023-08-31,9999-12-31,True
165,EMP0076,James Pillai,james.pillai@presight.ai,Engineering,Data Modeler,10176.0,0,Inactive,Initial appointment,2024-02-21,2025-02-17,False
166,EMP0076,James Pillai,james.pillai@presight.ai,Engineering,Data Modeler,11486.0,0,Inactive,Retention adjustment,2025-02-17,2025-02-27,False
167,EMP0076,James Pillai,james.pillai@presight.ai,Engineering,Data Modeler,13441.0,0,Inactive,Market correction adjustment,2025-02-27,2025-05-23,False
168,EMP0076,James Pillai,james.pillai@presight.ai,Engineering,Data Modeler,14719.0,0,Inactive,Promoted following review,2025-05-23,9999-12-31,True
169,EMP0077,Sami Al Khaja,sami.al.khaja@presight.ai,Digital,Digital Analyst,30546.0,11,Active,Hire - Initial Appointment,2016-02-13,9999-12-31,True
170,EMP0078,Hanan Najjar,hanan.najjar@presight.ai,Procurement,Vendor Manager,31759.0,8,Active,Initial appointment,2019-02-06,2020-04-13,False
171,EMP0078,Hanan Najjar,hanan.najjar@presight.ai,Procurement,Vendor Manager,34429.0,8,Active,Annual performance increase,2020-04-13,2020-04-30,False
172,EMP0078,Hanan Najjar,hanan.najjar@presight.ai,Procurement,Vendor Manager,41115.0,8,Active,Market correction adjustment,2020-04-30,2020-08-13,False
173,EMP0078,Hanan Najjar,hanan.najjar@presight.ai,Procurement,Vendor Manager,46864.0,8,Active,Market correction adjustment,2020-08-13,9999-12-31,True
174,EMP0079,Camille Rivera,camille.rivera@presight.ai,Data Science,BI Specialist,26646.0,12,Active,Hire - Initial Appointment,2013-06-05,9999-12-31,True
175,EMP0080,Salma Yousef,salma.yousef@presight.ai,IT,IT Manager,15668.0,3,Active,Initial appointment,2022-03-31,2024-02-19,False
176,EMP0080,Salma Yousef,salma.yousef@presight.ai,IT,IT Manager,16960.0,3,Active,Cost of living adjustment,2024-02-19,2025-02-27,False
177,EMP0080,Salma Yousef,salma.yousef@presight.ai,IT,IT Manager,19409.0,3,Active,Project completion bonus integration,2025-02-27,2025-03-05,False
178,EMP0080,Salma Yousef,salma.yousef@presight.ai,IT,IT Manager,21636.0,3,Active,Annual performance increase,2025-03-05,9999-12-31,True
179,EMP0081,Hiroshi Kumar,hiroshi.kumar@presight.ai,IT,Network Engineer,13128.0,4,Active,Initial appointment,2023-01-05,2024-07-29,False
180,EMP0081,Hiroshi Kumar,hiroshi.kumar@presight.ai,IT,Network Engineer,15595.0,4,Active,Market correction adjustment,2024-07-29,2024-10-23,False
181,EMP0081,Hiroshi Kumar,hiroshi.kumar@presight.ai,IT,Network Engineer,16657.0,4,Active,Market correction adjustment,2024-10-23,2024-12-09,False
182,EMP0081,Hiroshi Kumar,hiroshi.kumar@presight.ai,IT,Network Engineer,20764.0,4,Active,Project completion bonus integration,2024-12-09,9999-12-31,True
183,EMP0082,Maryam Al Zaabi,maryam.al.zaabi@presight.ai,Marketing,Brand Manager,14822.0,4,Active,Initial appointment,2022-06-04,2024-03-13,False
184,EMP0082,Maryam Al Zaabi,maryam.al.zaabi@presight.ai,Marketing,Brand Manager,22655.0,4,Active,Cost of living adjustment,2024-03-13,9999-12-31,True
185,EMP0083,Mira Saeed,mira.saeed@presight.ai,HR,Lead Data Engineer,20304.0,5,Active,Initial appointment,2022-07-22,2023-06-10,False
186,EMP0083,Mira Saeed,mira.saeed@presight.ai,HR,Lead Data Engineer,29837.0,5,Active,Promoted following review,2023-06-10,9999-12-31,True
187,EMP0084,Karthik Nair,karthik.nair@presight.ai,Procurement,Vendor Manager,15217.0,3,Active,Initial appointment,2024-06-29,2025-03-02,False
188,EMP0084,Karthik Nair,karthik.nair@presight.ai,Procurement,Vendor Manager,16314.0,3,Active,Retention adjustment,2025-03-02,2025-03-02,False
189,EMP0084,Karthik Nair,karthik.nair@presight.ai,Procurement,Vendor Manager,23354.0,3,Active,Retention adjustment,2025-03-02,9999-12-31,True
190,EMP0085,Arun Hussain,arun.hussain@presight.ai,Sales,Sales Analyst,35280.0,5,Active,Hire - Initial Appointment,2021-08-14,9999-12-31,True
191,EMP0086,Aisha Al Bloushi,aisha.al.bloushi@presight.ai,Procurement,Procurement Analyst,11025.0,6,Active,Initial appointment,2020-09-29,2025-03-25,False
192,EMP0086,Aisha Al Bloushi,aisha.al.bloushi@presight.ai,Procurement,Procurement Analyst,18082.0,6,Active,Retention adjustment,2025-03-25,9999-12-31,True
193,EMP0087,Aaliyah Al Shamsi,aaliyah.al.shamsi@presight.ai,Procurement,Procurement Analyst,45673.0,9,Active,Hire - Initial Appointment,2016-04-27,9999-12-31,True
194,EMP0088,Anna Andersen,anna.andersen@presight.ai,Legal,Compliance Analyst,15725.0,2,Active,Hire - Initial Appointment,2024-05-14,9999-12-31,True
195,EMP0089,Abdulla Hamdan,abdulla.hamdan@presight.ai,Engineering,Data Modeler,30374.0,8,Active,Hire - Initial Appointment,2019-02-03,9999-12-31,True
196,EMP0090,Nadia Al Hashimi,nadia.al.hashimi@presight.ai,IT,DevOps Engineer,9776.0,3,Active,Initial appointment,2022-02-19,2022-12-30,False
197,EMP0090,Nadia Al Hashimi,nadia.al.hashimi@presight.ai,IT,DevOps Engineer,10711.0,3,Active,Retention adjustment,2022-12-30,2024-03-17,False
198,EMP0090,Nadia Al Hashimi,nadia.al.hashimi@presight.ai,IT,DevOps Engineer,12504.0,3,Active,Project completion bonus integration,2024-03-17,2024-07-23,False
199,EMP0090,Nadia Al Hashimi,nadia.al.hashimi@presight.ai,IT,DevOps Engineer,14493.0,3,Active,Retention adjustment,2024-07-23,9999-12-31,True
200,EMP0091,Nadia Saeed,nadia.saeed@presight.ai,Procurement,Vendor Manager,35730.0,6,Active,Hire - Initial Appointment,2020-07-28,9999-12-31,True
201,EMP0092,Hassan Al Zaabi,hassan.al.zaabi@presight.ai,Data Science,Data Scientist,67841.0,22,Active,Hire - Initial Appointment,2004-02-06,9999-12-31,True
202,EMP0093,Paolo Andersen,paolo.andersen@presight.ai,Sales,Sales Analyst,17414.0,4,Active,Hire - Initial Appointment,2021-03-06,9999-12-31,True
203,EMP0094,Priya Chen,priya.chen1@presight.ai,Operations,Operations Analyst,16504.0,6,Active,Initial appointment,2019-05-23,2021-03-28,False
204,EMP0094,Priya Chen,priya.chen1@presight.ai,Operations,Operations Analyst,18448.0,6,Active,Annual performance increase,2021-03-28,2023-05-04,False
205,EMP0094,Priya Chen,priya.chen1@presight.ai,Operations,Operations Analyst,20137.0,6,Active,Project completion bonus integration,2023-05-04,2024-12-16,False
206,EMP0094,Priya Chen,priya.chen1@presight.ai,Operations,Operations Analyst,23460.0,6,Active,Market correction adjustment,2024-12-16,9999-12-31,True
207,EMP0095,Anika Hussain,anika.hussain@presight.ai,Engineering,Lead Data Engineer,13949.0,2,Active,Hire - Initial Appointment,2023-03-31,9999-12-31,True
208,EMP0096,Salim Hamdan,salim.hamdan@presight.ai,Digital,Senior Data Engineer,25634.0,6,Active,Initial appointment,2020-09-15,2021-08-15,False
209,EMP0096,Salim Hamdan,salim.hamdan@presight.ai,Digital,Senior Data Engineer,30057.0,6,Active,Cost of living adjustment,2021-08-15,2025-05-04,False
210,EMP0096,Salim Hamdan,salim.hamdan@presight.ai,Digital,Senior Data Engineer,34726.0,6,Active,Annual performance increase,2025-05-04,9999-12-31,True
211,EMP0097,Raj Reddy,raj.reddy@presight.ai,Finance,Financial Analyst,17498.0,5,Active,Hire - Initial Appointment,2021-08-07,9999-12-31,True
212,EMP0098,Hamad Al Bloushi,hamad.al.bloushi@presight.ai,Marketing,Marketing Analyst,14252.0,2,Active,Hire - Initial Appointment,2024-09-28,9999-12-31,True
213,EMP0099,Yusuf Najjar,yusuf.najjar@presight.ai,Sales,Sales Analyst,24884.0,15,Active,Initial appointment,2010-08-03,2015-03-11,False
214,EMP0099,Yusuf Najjar,yusuf.najjar@presight.ai,Sales,Sales Analyst,27218.0,15,Active,Promoted following review,2015-03-11,2019-12-10,False
215,EMP0099,Yusuf Najjar,yusuf.najjar@presight.ai,Sales,Sales Analyst,45046.0,15,Active,Project completion bonus integration,2019-12-10,9999-12-31,True
216,EMP0100,Divya Tanaka,divya.tanaka@presight.ai,HR,Learning & Development,27500.0,12,Active,Hire - Initial Appointment,2013-02-18,9999-12-31,True
217,EMP0101,Mateo Patel,mateo.patel1@presight.ai,Engineering,Data Modeler,19395.0,10,Active,Initial appointment,2017-03-05,2018-06-02,False
218,EMP0101,Mateo Patel,mateo.patel1@presight.ai,Engineering,Data Modeler,22786.0,10,Active,Annual performance increase,2018-06-02,2022-06-07,False
219,EMP0101,Mateo Patel,mateo.patel1@presight.ai,Engineering,Data Modeler,23939.0,10,Active,Retention adjustment,2022-06-07,2022-09-22,False
220,EMP0101,Mateo Patel,mateo.patel1@presight.ai,Engineering,Data Modeler,34202.0,10,Active,Retention adjustment,2022-09-22,9999-12-31,True
221,EMP0102,Arun Iyer,arun.iyer@presight.ai,Finance,Data Analyst,26697.0,8,Active,Hire - Initial Appointment,2017-09-05,9999-12-31,True
222,EMP0103,Anika Desai,anika.desai@presight.ai,Marketing,Brand Manager,14578.0,6,Active,Initial appointment,2021-01-14,2021-09-01,False
223,EMP0103,Anika Desai,anika.desai@presight.ai,Marketing,Brand Manager,15614.0,6,Active,Project completion bonus integration,2021-09-01,2024-04-08,False
224,EMP0103,Anika Desai,anika.desai@presight.ai,Marketing,Brand Manager,17321.0,6,Active,Annual performance increase,2024-04-08,2024-06-03,False
225,EMP0103,Anika Desai,anika.desai@presight.ai,Marketing,Brand Manager,23923.0,6,Active,Promoted following review,2024-06-03,9999-12-31,True
226,EMP0104,Khalid Al Rumaithi,khalid.al.rumaithi@presight.ai,Procurement,Vendor Manager,30751.0,5,Active,Hire - Initial Appointment,2020-03-15,9999-12-31,True
227,EMP0105,Anjali Joshi,anjali.joshi@presight.ai,Procurement,Vendor Manager,12055.0,5,Active,Initial appointment,2021-03-22,2023-02-01,False
228,EMP0105,Anjali Joshi,anjali.joshi@presight.ai,Procurement,Vendor Manager,14426.0,5,Active,Project completion bonus integration,2023-02-01,2023-05-03,False
229,EMP0105,Anjali Joshi,anjali.joshi@presight.ai,Procurement,Vendor Manager,20439.0,5,Active,Market correction adjustment,2023-05-03,9999-12-31,True
230,EMP0106,Camille Okonkwo,camille.okonkwo@presight.ai,IT,Data Engineer,7027.0,0,Active,Initial appointment,2024-08-14,2025-03-12,False
231,EMP0106,Camille Okonkwo,camille.okonkwo@presight.ai,IT,Data Engineer,12407.0,0,Active,Project completion bonus integration,2025-03-12,9999-12-31,True
232,EMP0107,Ibrahim Khoury,ibrahim.khoury1@presight.ai,Data Science,Data Analyst,14259.0,6,Active,Initial appointment,2020-09-27,2025-04-05,False
233,EMP0107,Ibrahim Khoury,ibrahim.khoury1@presight.ai,Data Science,Data Analyst,19320.0,6,Active,Cost of living adjustment,2025-04-05,9999-12-31,True
234,EMP0108,Lucas Okonkwo,lucas.okonkwo@presight.ai,Operations,Operations Analyst,15056.0,3,Active,Initial appointment,2023-05-29,2024-03-20,False
235,EMP0108,Lucas Okonkwo,lucas.okonkwo@presight.ai,Operations,Operations Analyst,16320.0,3,Active,Market correction adjustment,2024-03-20,2024-11-28,False
236,EMP0108,Lucas Okonkwo,lucas.okonkwo@presight.ai,Operations,Operations Analyst,17864.0,3,Active,Market correction adjustment,2024-11-28,2024-12-26,False
237,EMP0108,Lucas Okonkwo,lucas.okonkwo@presight.ai,Operations,Operations Analyst,23286.0,3,Active,Project completion bonus integration,2024-12-26,9999-12-31,True
238,EMP0109,Bilal Ibrahim,bilal.ibrahim@presight.ai,Sustainability,Sustainability Analyst,18233.0,11,Active,Initial appointment,2016-01-24,2017-02-21,False
239,EMP0109,Bilal Ibrahim,bilal.ibrahim@presight.ai,Sustainability,Sustainability Analyst,26180.0,11,Active,Project completion bonus integration,2017-02-21,9999-12-31,True
240,EMP0110,Priya Tanaka,priya.tanaka@presight.ai,Marketing,Brand Manager,19371.0,2,Active,Hire - Initial Appointment,2024-01-11,9999-12-31,True
241,EMP0111,Salma Al Khaja,salma.al.khaja@presight.ai,Legal,Compliance Analyst,32138.0,11,Active,Hire - Initial Appointment,2016-02-12,9999-12-31,True
242,EMP0112,Adam Al Khaja,adam.al.khaja@presight.ai,Sustainability,Data Analyst,20561.0,10,Active,Initial appointment,2017-03-18,2022-11-12,False
243,EMP0112,Adam Al Khaja,adam.al.khaja@presight.ai,Sustainability,Data Analyst,30724.0,10,Active,Retention adjustment,2022-11-12,9999-12-31,True
244,EMP0113,Sami Najjar,sami.najjar@presight.ai,Data Science,BI Developer,9632.0,3,Active,Initial appointment,2024-08-17,2025-02-18,False
245,EMP0113,Sami Najjar,sami.najjar@presight.ai,Data Science,BI Developer,10571.0,3,Active,Market correction adjustment,2025-02-18,2025-02-27,False
246,EMP0113,Sami Najjar,sami.najjar@presight.ai,Data Science,BI Developer,16047.0,3,Active,Market correction adjustment,2025-02-27,9999-12-31,True
247,EMP0114,Ravi Mehta,ravi.mehta@presight.ai,Sales,Account Manager,10782.0,5,Active,Initial appointment,2021-06-05,2021-12-28,False
248,EMP0114,Ravi Mehta,ravi.mehta@presight.ai,Sales,Account Manager,12872.0,5,Active,Project completion bonus integration,2021-12-28,2024-10-12,False
249,EMP0114,Ravi Mehta,ravi.mehta@presight.ai,Sales,Account Manager,15342.0,5,Active,Annual performance increase,2024-10-12,2025-05-06,False
250,EMP0114,Ravi Mehta,ravi.mehta@presight.ai,Sales,Account Manager,17559.0,5,Active,Retention adjustment,2025-05-06,9999-12-31,True
251,EMP0115,Noura Mahmoud,noura.mahmoud@presight.ai,Engineering,Lead Data Engineer,8986.0,0,Active,Initial appointment,2024-09-16,2025-04-02,False
252,EMP0115,Noura Mahmoud,noura.mahmoud@presight.ai,Engineering,Lead Data Engineer,10396.0,0,Active,Retention adjustment,2025-04-02,2025-04-13,False
253,EMP0115,Noura Mahmoud,noura.mahmoud@presight.ai,Engineering,Lead Data Engineer,12323.0,0,Active,Cost of living adjustment,2025-04-13,2025-05-18,False
254,EMP0115,Noura Mahmoud,noura.mahmoud@presight.ai,Engineering,Lead Data Engineer,13450.0,0,Active,Cost of living adjustment,2025-05-18,2025-06-10,False
255,EMP0115,Noura Mahmoud,noura.mahmoud@presight.ai,Engineering,Lead Data Engineer,12628.0,0,Active,Project completion bonus integration,2025-06-10,9999-12-31,True
256,EMP0116,Karthik Zhang,karthik.zhang1@presight.ai,Marketing,Brand Manager,23868.0,12,Active,Initial appointment,2015-03-21,2019-06-01,False
257,EMP0116,Karthik Zhang,karthik.zhang1@presight.ai,Marketing,Brand Manager,34912.0,12,Active,Retention adjustment,2019-06-01,9999-12-31,True
258,EMP0117,Kavya Joshi,kavya.joshi@presight.ai,Sustainability,Data Analyst,17733.0,12,Active,Initial appointment,2014-09-28,2022-11-07,False
259,EMP0117,Kavya Joshi,kavya.joshi@presight.ai,Sustainability,Data Analyst,29059.0,12,Active,Market correction adjustment,2022-11-07,9999-12-31,True
260,EMP0118,Marcus Rivera,marcus.rivera@presight.ai,HR,HR Analyst,23462.0,10,Active,Initial appointment,2015-06-20,2016-11-14,False
261,EMP0118,Marcus Rivera,marcus.rivera@presight.ai,HR,HR Analyst,26508.0,10,Active,Annual performance increase,2016-11-14,2020-06-09,False
262,EMP0118,Marcus Rivera,marcus.rivera@presight.ai,HR,HR Analyst,35336.0,10,Active,Retention adjustment,2020-06-09,9999-12-31,True
263,EMP0119,Sami Al Bloushi,sami.al.bloushi@presight.ai,Data Science,Senior Data Analyst,17668.0,9,Active,Initial appointment,2018-07-21,2021-01-14,False
264,EMP0119,Sami Al Bloushi,sami.al.bloushi@presight.ai,Data Science,Senior Data Analyst,19396.0,9,Active,Cost of living adjustment,2021-01-14,2021-09-27,False
265,EMP0119,Sami Al Bloushi,sami.al.bloushi@presight.ai,Data Science,Senior Data Analyst,30731.0,9,Active,Project completion bonus integration,2021-09-27,9999-12-31,True
266,EMP0120,Mira Najjar,mira.najjar@presight.ai,HR,Lead Data Engineer,33624.0,6,Active,Hire - Initial Appointment,2021-08-05,9999-12-31,True
267,EMP0121,Ibrahim Al Bloushi,ibrahim.al.bloushi@presight.ai,Digital,Product Manager,7694.0,0,Active,Initial appointment,2024-02-21,2024-09-14,False
268,EMP0121,Ibrahim Al Bloushi,ibrahim.al.bloushi@presight.ai,Digital,Product Manager,8421.0,0,Active,Retention adjustment,2024-09-14,2024-10-27,False
269,EMP0121,Ibrahim Al Bloushi,ibrahim.al.bloushi@presight.ai,Digital,Product Manager,9755.0,0,Active,Retention adjustment,2024-10-27,2025-02-14,False
270,EMP0121,Ibrahim Al Bloushi,ibrahim.al.bloushi@presight.ai,Digital,Product Manager,11640.0,0,Active,Promoted following review,2025-02-14,2025-06-25,False
271,EMP0121,Ibrahim Al Bloushi,ibrahim.al.bloushi@presight.ai,Digital,Product Manager,13269.0,0,Active,Cost of living adjustment,2025-06-25,9999-12-31,True
272,EMP0122,Karthik Hussain,karthik.hussain@presight.ai,HR,Lead Data Engineer,40147.0,17,Active,Hire - Initial Appointment,2009-03-23,9999-12-31,True
273,EMP0123,Rohan Zhang,rohan.zhang@presight.ai,Engineering,Senior Data Engineer,20638.0,6,Active,Hire - Initial Appointment,2020-08-18,9999-12-31,True
274,EMP0124,Hiroshi Chen,hiroshi.chen@presight.ai,HR,Lead Data Engineer,32218.0,12,Active,Hire - Initial Appointment,2014-07-17,9999-12-31,True
275,EMP0125,Ravi Krishnan,ravi.krishnan1@presight.ai,Finance,Finance Director,15040.0,0,Active,Hire - Initial Appointment,2024-09-21,9999-12-31,True
276,EMP0126,Sami Yousef,sami.yousef@presight.ai,Data Science,Senior Data Analyst,45391.0,13,Active,Hire - Initial Appointment,2012-08-03,9999-12-31,True
277,EMP0127,Hamad Al Zaabi,hamad.al.zaabi@presight.ai,Operations,Operations Analyst,14746.0,1,Active,Hire - Initial Appointment,2024-01-20,9999-12-31,True
278,EMP0128,Kavya Nambiar,kavya.nambiar@presight.ai,Digital,UX Designer,15162.0,9,Active,Initial appointment,2016-03-19,2022-10-09,False
279,EMP0128,Kavya Nambiar,kavya.nambiar@presight.ai,Digital,UX Designer,17690.0,9,Active,Cost of living adjustment,2022-10-09,2023-08-22,False
280,EMP0128,Kavya Nambiar,kavya.nambiar@presight.ai,Digital,UX Designer,25311.0,9,Active,Market correction adjustment,2023-08-22,9999-12-31,True
281,EMP0129,Aisha Al Mazrouei,aisha.al.mazrouei@presight.ai,Finance,Budget Analyst,8843.0,3,Inactive,Initial appointment,2022-02-26,2023-04-26,False
282,EMP0129,Aisha Al Mazrouei,aisha.al.mazrouei@presight.ai,Finance,Budget Analyst,9441.0,3,Inactive,Annual performance increase,2023-04-26,2023-08-08,False
283,EMP0129,Aisha Al Mazrouei,aisha.al.mazrouei@presight.ai,Finance,Budget Analyst,15439.0,3,Inactive,Promoted following review,2023-08-08,9999-12-31,True
284,EMP0130,Hassan Rahman,hassan.rahman1@presight.ai,IT,DevOps Engineer,13573.0,4,Active,Initial appointment,2021-08-02,2024-06-23,False
285,EMP0130,Hassan Rahman,hassan.rahman1@presight.ai,IT,DevOps Engineer,22036.0,4,Active,Market correction adjustment,2024-06-23,9999-12-31,True
286,EMP0131,Camille Schmidt,camille.schmidt@presight.ai,Sustainability,Data Analyst,20198.0,5,Inactive,Hire - Initial Appointment,2020-07-18,9999-12-31,True
287,EMP0132,Aakash Bhatt,aakash.bhatt@presight.ai,Procurement,Procurement Analyst,34533.0,10,Active,Hire - Initial Appointment,2015-01-25,9999-12-31,True
288,EMP0133,Noura Rahman,noura.rahman@presight.ai,Digital,Product Manager,26033.0,12,Active,Hire - Initial Appointment,2013-06-02,9999-12-31,True
289,EMP0134,Reem Khoury,reem.khoury@presight.ai,Legal,Legal Analyst,39082.0,12,Active,Initial appointment,2015-04-10,2015-12-02,False
290,EMP0134,Reem Khoury,reem.khoury@presight.ai,Legal,Legal Analyst,44623.0,12,Active,Retention adjustment,2015-12-02,2019-06-27,False
291,EMP0134,Reem Khoury,reem.khoury@presight.ai,Legal,Legal Analyst,50829.0,12,Active,Cost of living adjustment,2019-06-27,2022-12-19,False
292,EMP0134,Reem Khoury,reem.khoury@presight.ai,Legal,Legal Analyst,58300.0,12,Active,Cost of living adjustment,2022-12-19,9999-12-31,True
293,EMP0135,Divya Desai,divya.desai@presight.ai,Data Science,ML Engineer,18194.0,12,Active,Initial appointment,2014-06-25,2015-09-26,False
294,EMP0135,Divya Desai,divya.desai@presight.ai,Data Science,ML Engineer,19287.0,12,Active,Promoted following review,2015-09-26,2016-12-15,False
295,EMP0135,Divya Desai,divya.desai@presight.ai,Data Science,ML Engineer,20791.0,12,Active,Retention adjustment,2016-12-15,2023-04-29,False
296,EMP0135,Divya Desai,divya.desai@presight.ai,Data Science,ML Engineer,22404.0,12,Active,Annual performance increase,2023-04-29,2025-01-14,False
297,EMP0135,Divya Desai,divya.desai@presight.ai,Data Science,ML Engineer,31553.0,12,Active,Cost of living adjustment,2025-01-14,9999-12-31,True
298,EMP0136,Lara Williams,lara.williams@presight.ai,Data Science,Data Analyst,20945.0,7,Active,Initial appointment,2020-05-31,2024-03-27,False
299,EMP0136,Lara Williams,lara.williams@presight.ai,Data Science,Data Analyst,32055.0,7,Active,Retention adjustment,2024-03-27,9999-12-31,True
300,EMP0137,Maryam Saleh,maryam.saleh@presight.ai,Procurement,Vendor Manager,13099.0,5,Active,Initial appointment,2020-06-30,2023-01-10,False
301,EMP0137,Maryam Saleh,maryam.saleh@presight.ai,Procurement,Vendor Manager,15712.0,5,Active,Promoted following review,2023-01-10,2023-02-06,False
302,EMP0137,Maryam Saleh,maryam.saleh@presight.ai,Procurement,Vendor Manager,18212.0,5,Active,Cost of living adjustment,2023-02-06,2024-12-03,False
303,EMP0137,Maryam Saleh,maryam.saleh@presight.ai,Procurement,Vendor Manager,19879.0,5,Active,Project completion bonus integration,2024-12-03,9999-12-31,True
304,EMP0138,Lucas Andersen,lucas.andersen@presight.ai,Sales,Account Manager,18764.0,7,Active,Initial appointment,2018-03-16,2019-08-16,False
305,EMP0138,Lucas Andersen,lucas.andersen@presight.ai,Sales,Account Manager,20718.0,7,Active,Project completion bonus integration,2019-08-16,2021-05-02,False
306,EMP0138,Lucas Andersen,lucas.andersen@presight.ai,Sales,Account Manager,23112.0,7,Active,Promoted following review,2021-05-02,2023-06-11,False
307,EMP0138,Lucas Andersen,lucas.andersen@presight.ai,Sales,Account Manager,33406.0,7,Active,Cost of living adjustment,2023-06-11,9999-12-31,True
308,EMP0139,Hassan Najjar,hassan.najjar1@presight.ai,HR,Lead Data Engineer,11486.0,6,Active,Initial appointment,2019-08-20,2021-12-02,False
309,EMP0139,Hassan Najjar,hassan.najjar1@presight.ai,HR,Lead Data Engineer,17265.0,6,Active,Promoted following review,2021-12-02,9999-12-31,True
310,EMP0140,Wei Murthy,wei.murthy@presight.ai,Legal,Legal Analyst,10823.0,2,Active,Initial appointment,2023-04-06,2025-04-24,False
311,EMP0140,Wei Murthy,wei.murthy@presight.ai,Legal,Legal Analyst,19044.0,2,Active,Retention adjustment,2025-04-24,9999-12-31,True
312,EMP0141,Fatima Rahman,fatima.rahman@presight.ai,Digital,Senior Data Engineer,11006.0,5,Active,Initial appointment,2020-03-04,2021-02-08,False
313,EMP0141,Fatima Rahman,fatima.rahman@presight.ai,Digital,Senior Data Engineer,13203.0,5,Active,Cost of living adjustment,2021-02-08,2021-04-07,False
314,EMP0141,Fatima Rahman,fatima.rahman@presight.ai,Digital,Senior Data Engineer,13959.0,5,Active,Retention adjustment,2021-04-07,2022-08-01,False
315,EMP0141,Fatima Rahman,fatima.rahman@presight.ai,Digital,Senior Data Engineer,15949.0,5,Active,Promoted following review,2022-08-01,2024-11-03,False
316,EMP0141,Fatima Rahman,fatima.rahman@presight.ai,Digital,Senior Data Engineer,19339.0,5,Active,Promoted following review,2024-11-03,9999-12-31,True
317,EMP0142,Roshan Joshi,roshan.joshi@presight.ai,Sales,Account Manager,36220.0,13,Active,Initial appointment,2014-02-05,2021-05-15,False
318,EMP0142,Roshan Joshi,roshan.joshi@presight.ai,Sales,Account Manager,48941.0,13,Active,Annual performance increase,2021-05-15,9999-12-31,True
319,EMP0143,Kavya Malik,kavya.malik@presight.ai,Procurement,Vendor Manager,33335.0,8,Active,Hire - Initial Appointment,2017-04-14,9999-12-31,True
320,EMP0144,Salma Mahmoud,salma.mahmoud@presight.ai,Sustainability,Data Analyst,7928.0,2,Active,Initial appointment,2024-09-02,2025-03-25,False
321,EMP0144,Salma Mahmoud,salma.mahmoud@presight.ai,Sustainability,Data Analyst,8744.0,2,Active,Market correction adjustment,2025-03-25,2025-03-30,False
322,EMP0144,Salma Mahmoud,salma.mahmoud@presight.ai,Sustainability,Data Analyst,12538.0,2,Active,Retention adjustment,2025-03-30,9999-12-31,True
323,EMP0145,Mateo Mehta,mateo.mehta@presight.ai,Sales,Account Manager,16238.0,2,Active,Hire - Initial Appointment,2023-04-04,9999-12-31,True
324,EMP0146,Lucas Andersen,lucas.andersen1@presight.ai,Sustainability,Data Analyst,13326.0,2,Active,Hire - Initial Appointment,2024-04-25,9999-12-31,True
325,EMP0147,Hamad Al Rumaithi,hamad.al.rumaithi@presight.ai,Operations,Senior Data Engineer,29496.0,7,Active,Hire - Initial Appointment,2020-06-05,9999-12-31,True
326,EMP0148,Sami Al Marri,sami.al.marri@presight.ai,Sales,Account Manager,23245.0,5,Active,Initial appointment,2020-02-12,2021-04-13,False
327,EMP0148,Sami Al Marri,sami.al.marri@presight.ai,Sales,Account Manager,26707.0,5,Active,Market correction adjustment,2021-04-13,2024-03-31,False
328,EMP0148,Sami Al Marri,sami.al.marri@presight.ai,Sales,Account Manager,34234.0,5,Active,Promoted following review,2024-03-31,9999-12-31,True
329,EMP0149,Ibrahim Saeed,ibrahim.saeed@presight.ai,Legal,Compliance Analyst,22538.0,9,Active,Initial appointment,2018-06-05,2019-06-19,False
330,EMP0149,Ibrahim Saeed,ibrahim.saeed@presight.ai,Legal,Compliance Analyst,24506.0,9,Active,Project completion bonus integration,2019-06-19,2020-12-24,False
331,EMP0149,Ibrahim Saeed,ibrahim.saeed@presight.ai,Legal,Compliance Analyst,33159.0,9,Active,Project completion bonus integration,2020-12-24,9999-12-31,True
332,EMP0150,Noura Al Khaja,noura.al.khaja@presight.ai,Procurement,Vendor Manager,10110.0,3,Active,Initial appointment,2023-04-15,2024-02-28,False
333,EMP0150,Noura Al Khaja,noura.al.khaja@presight.ai,Procurement,Vendor Manager,15404.0,3,Active,Market correction adjustment,2024-02-28,9999-12-31,True
334,EMP0151,Arun Murthy,arun.murthy@presight.ai,Legal,Legal Analyst,10712.0,0,Active,Initial appointment,2024-05-03,2024-11-17,False
335,EMP0151,Arun Murthy,arun.murthy@presight.ai,Legal,Legal Analyst,16218.0,0,Active,Project completion bonus integration,2024-11-17,9999-12-31,True
336,EMP0152,Rashid Al Shamsi,rashid.al.shamsi@presight.ai,Legal,Legal Analyst,23485.0,10,Active,Initial appointment,2016-06-11,2017-01-10,False
337,EMP0152,Rashid Al Shamsi,rashid.al.shamsi@presight.ai,Legal,Legal Analyst,27450.0,10,Active,Annual performance increase,2017-01-10,2022-08-27,False
338,EMP0152,Rashid Al Shamsi,rashid.al.shamsi@presight.ai,Legal,Legal Analyst,32006.0,10,Active,Cost of living adjustment,2022-08-27,2025-01-05,False
339,EMP0152,Rashid Al Shamsi,rashid.al.shamsi@presight.ai,Legal,Legal Analyst,42067.0,10,Active,Market correction adjustment,2025-01-05,9999-12-31,True
340,EMP0153,Dana Al Shamsi,dana.al.shamsi@presight.ai,Digital,Content Strategist,9323.0,3,Active,Initial appointment,2022-04-21,2024-03-03,False
341,EMP0153,Dana Al Shamsi,dana.al.shamsi@presight.ai,Digital,Content Strategist,9839.0,3,Active,Project completion bonus integration,2024-03-03,2024-04-26,False
342,EMP0153,Dana Al Shamsi,dana.al.shamsi@presight.ai,Digital,Content Strategist,16140.0,3,Active,Promoted following review,2024-04-26,9999-12-31,True
343,EMP0154,Aaliyah Al Shamsi,aaliyah.al.shamsi1@presight.ai,Sustainability,Data Analyst,10818.0,1,Active,Initial appointment,2024-07-06,2025-04-17,False
344,EMP0154,Aaliyah Al Shamsi,aaliyah.al.shamsi1@presight.ai,Sustainability,Data Analyst,11654.0,1,Active,Promoted following review,2025-04-17,2025-06-22,False
345,EMP0154,Aaliyah Al Shamsi,aaliyah.al.shamsi1@presight.ai,Sustainability,Data Analyst,15530.0,1,Active,Market correction adjustment,2025-06-22,9999-12-31,True
346,EMP0155,Omar Al Zaabi,omar.al.zaabi1@presight.ai,Sustainability,Sustainability Analyst,21130.0,5,Active,Hire - Initial Appointment,2022-05-24,9999-12-31,True
347,EMP0156,Marcus Hernandez,marcus.hernandez@presight.ai,HR,Learning & Development,18389.0,8,Active,Initial appointment,2019-09-19,2022-03-16,False
348,EMP0156,Marcus Hernandez,marcus.hernandez@presight.ai,HR,Learning & Development,21873.0,8,Active,Retention adjustment,2022-03-16,2022-09-01,False
349,EMP0156,Marcus Hernandez,marcus.hernandez@presight.ai,HR,Learning & Development,27363.0,8,Active,Project completion bonus integration,2022-09-01,9999-12-31,True
350,EMP0157,Layla Hamdan,layla.hamdan@presight.ai,Sustainability,Data Analyst,19686.0,6,Active,Hire - Initial Appointment,2020-03-25,9999-12-31,True
351,EMP0158,Layla Khoury,layla.khoury@presight.ai,Sustainability,Sustainability Analyst,12821.0,2,Active,Initial appointment,2024-06-18,2025-04-01,False
352,EMP0158,Layla Khoury,layla.khoury@presight.ai,Sustainability,Sustainability Analyst,14837.0,2,Active,Annual performance increase,2025-04-01,2025-05-16,False
353,EMP0158,Layla Khoury,layla.khoury@presight.ai,Sustainability,Sustainability Analyst,20890.0,2,Active,Annual performance increase,2025-05-16,9999-12-31,True
354,EMP0159,Mohammed Saleh,mohammed.saleh@presight.ai,Digital,Senior Data Engineer,12455.0,3,Active,Initial appointment,2024-01-27,2025-05-19,False
355,EMP0159,Mohammed Saleh,mohammed.saleh@presight.ai,Digital,Senior Data Engineer,13157.0,3,Active,Project completion bonus integration,2025-05-19,2025-06-12,False
356,EMP0159,Mohammed Saleh,mohammed.saleh@presight.ai,Digital,Senior Data Engineer,21731.0,3,Active,Annual performance increase,2025-06-12,9999-12-31,True
357,EMP0160,Pooja Krishnan,pooja.krishnan@presight.ai,Sales,Sales Analyst,18562.0,2,Active,Hire - Initial Appointment,2020-01-01,9999-12-31,True
358,EMP0161,Aaliyah Al Suwaidi,aaliyah.al.suwaidi@presight.ai,Procurement,Procurement Analyst,10840.0,2,Active,Initial appointment,2024-09-01,2025-03-03,False
359,EMP0161,Aaliyah Al Suwaidi,aaliyah.al.suwaidi@presight.ai,Procurement,Procurement Analyst,11711.0,2,Active,Market correction adjustment,2025-03-03,2025-03-05,False
360,EMP0161,Aaliyah Al Suwaidi,aaliyah.al.suwaidi@presight.ai,Procurement,Procurement Analyst,13963.0,2,Active,Promoted following review,2025-03-05,2025-04-13,False
361,EMP0161,Aaliyah Al Suwaidi,aaliyah.al.suwaidi@presight.ai,Procurement,Procurement Analyst,16594.0,2,Active,Retention adjustment,2025-04-13,9999-12-31,True
362,EMP0162,Layla Mansour,layla.mansour@presight.ai,HR,Lead Data Engineer,35539.0,9,Active,Hire - Initial Appointment,2018-09-06,9999-12-31,True
363,EMP0163,Reem Al Shamsi,reem.al.shamsi@presight.ai,Procurement,Vendor Manager,13450.0,5,Active,Initial appointment,2021-05-21,2022-08-13,False
364,EMP0163,Reem Al Shamsi,reem.al.shamsi@presight.ai,Procurement,Vendor Manager,15801.0,5,Active,Retention adjustment,2022-08-13,2025-01-02,False
365,EMP0163,Reem Al Shamsi,reem.al.shamsi@presight.ai,Procurement,Vendor Manager,19597.0,5,Active,Annual performance increase,2025-01-02,9999-12-31,True
366,EMP0164,Huda Al Zaabi,huda.al.zaabi@presight.ai,IT,Network Engineer,22850.0,2,Active,Hire - Initial Appointment,2024-08-14,9999-12-31,True
367,EMP0165,Mariam Mansour,mariam.mansour1@presight.ai,Procurement,Procurement Analyst,13167.0,6,Active,Initial appointment,2019-05-06,2020-11-26,False
368,EMP0165,Mariam Mansour,mariam.mansour1@presight.ai,Procurement,Procurement Analyst,15501.0,6,Active,Annual performance increase,2020-11-26,2021-07-02,False
369,EMP0165,Mariam Mansour,mariam.mansour1@presight.ai,Procurement,Procurement Analyst,16453.0,6,Active,Project completion bonus integration,2021-07-02,2021-11-15,False
370,EMP0165,Mariam Mansour,mariam.mansour1@presight.ai,Procurement,Procurement Analyst,17803.0,6,Active,Annual performance increase,2021-11-15,2023-11-16,False
371,EMP0165,Mariam Mansour,mariam.mansour1@presight.ai,Procurement,Procurement Analyst,22043.0,6,Active,Cost of living adjustment,2023-11-16,9999-12-31,True
372,EMP0166,Karthik Verma,karthik.verma@presight.ai,Legal,Legal Analyst,11443.0,3,Active,Initial appointment,2022-03-22,2023-03-22,False
373,EMP0166,Karthik Verma,karthik.verma@presight.ai,Legal,Legal Analyst,13080.0,3,Active,Promoted following review,2023-03-22,2023-03-24,False
374,EMP0166,Karthik Verma,karthik.verma@presight.ai,Legal,Legal Analyst,13861.0,3,Active,Promoted following review,2023-03-24,2023-09-06,False
375,EMP0166,Karthik Verma,karthik.verma@presight.ai,Legal,Legal Analyst,15641.0,3,Active,Retention adjustment,2023-09-06,2024-04-20,False
376,EMP0166,Karthik Verma,karthik.verma@presight.ai,Legal,Legal Analyst,17823.0,3,Active,Cost of living adjustment,2024-04-20,9999-12-31,True
377,EMP0167,Omar Al Shamsi,omar.al.shamsi@presight.ai,HR,HR Analyst,15145.0,2,Active,Initial appointment,2024-04-28,2024-11-26,False
378,EMP0167,Omar Al Shamsi,omar.al.shamsi@presight.ai,HR,HR Analyst,16623.0,2,Active,Cost of living adjustment,2024-11-26,2025-01-17,False
379,EMP0167,Omar Al Shamsi,omar.al.shamsi@presight.ai,HR,HR Analyst,19113.0,2,Active,Market correction adjustment,2025-01-17,2025-04-17,False
380,EMP0167,Omar Al Shamsi,omar.al.shamsi@presight.ai,HR,HR Analyst,23297.0,2,Active,Project completion bonus integration,2025-04-17,9999-12-31,True
381,EMP0168,Khalid Yousef,khalid.yousef@presight.ai,IT,DevOps Engineer,27060.0,15,Active,Initial appointment,2010-06-01,2011-02-01,False
382,EMP0168,Khalid Yousef,khalid.yousef@presight.ai,IT,DevOps Engineer,44504.0,15,Active,Promoted following review,2011-02-01,9999-12-31,True
383,EMP0169,Layla Al Shamsi,layla.al.shamsi@presight.ai,Digital,Senior Data Engineer,67180.0,19,Active,Hire - Initial Appointment,2006-09-20,9999-12-31,True
384,EMP0170,Noura Najjar,noura.najjar@presight.ai,Finance,Financial Analyst,30523.0,9,Active,Hire - Initial Appointment,2018-04-10,9999-12-31,True
385,EMP0171,Eman Khoury,eman.khoury@presight.ai,HR,Lead Data Engineer,12781.0,1,Inactive,Hire - Initial Appointment,2024-09-01,9999-12-31,True
386,EMP0172,Maryam Al Rumaithi,maryam.al.rumaithi@presight.ai,HR,Lead Data Engineer,12523.0,2,Active,Initial appointment,2024-07-03,2025-02-27,False
387,EMP0172,Maryam Al Rumaithi,maryam.al.rumaithi@presight.ai,HR,Lead Data Engineer,13612.0,2,Active,Cost of living adjustment,2025-02-27,2025-03-26,False
388,EMP0172,Maryam Al Rumaithi,maryam.al.rumaithi@presight.ai,HR,Lead Data Engineer,21693.0,2,Active,Promoted following review,2025-03-26,9999-12-31,True
389,EMP0173,Adam Ibrahim,adam.ibrahim@presight.ai,Sales,Account Manager,13960.0,2,Active,Initial appointment,2024-05-31,2024-11-30,False
390,EMP0173,Adam Ibrahim,adam.ibrahim@presight.ai,Sales,Account Manager,22654.0,2,Active,Retention adjustment,2024-11-30,9999-12-31,True
391,EMP0174,Sami Mahmoud,sami.mahmoud@presight.ai,Procurement,Vendor Manager,63626.0,23,Active,Hire - Initial Appointment,2004-09-03,9999-12-31,True
392,EMP0175,Hassan Farooq,hassan.farooq@presight.ai,Marketing,Marketing Analyst,46609.0,15,Active,Hire - Initial Appointment,2020-01-01,9999-12-31,True
393,EMP0176,Wei Chen,wei.chen@presight.ai,Marketing,Marketing Analyst,11505.0,6,Active,Initial appointment,2020-03-01,2023-10-18,False
394,EMP0176,Wei Chen,wei.chen@presight.ai,Marketing,Marketing Analyst,19687.0,6,Active,Cost of living adjustment,2023-10-18,9999-12-31,True
395,EMP0177,Maryam Al Suwaidi,maryam.al.suwaidi@presight.ai,Digital,Content Strategist,8790.0,0,Active,Initial appointment,2024-08-24,2025-06-22,False
396,EMP0177,Maryam Al Suwaidi,maryam.al.suwaidi@presight.ai,Digital,Content Strategist,15742.0,0,Active,Retention adjustment,2025-06-22,9999-12-31,True
397,EMP0178,Ahmed Al Dhaheri,ahmed.al.dhaheri@presight.ai,Marketing,Brand Manager,14822.0,0,Active,Hire - Initial Appointment,2024-01-31,9999-12-31,True
398,EMP0179,Khalid Al Naqbi,khalid.al.naqbi@presight.ai,Sales,Account Manager,40082.0,18,Active,Initial appointment,2008-07-16,2009-11-01,False
399,EMP0179,Khalid Al Naqbi,khalid.al.naqbi@presight.ai,Sales,Account Manager,62270.0,18,Active,Retention adjustment,2009-11-01,9999-12-31,True
400,EMP0180,Mateo Menon,mateo.menon@presight.ai,HR,Lead Data Engineer,15219.0,1,Active,Hire - Initial Appointment,2024-04-24,9999-12-31,True
401,EMP0181,Eman Mansour,eman.mansour@presight.ai,Legal,Compliance Analyst,19401.0,10,Active,Initial appointment,2015-05-24,2023-08-04,False
402,EMP0181,Eman Mansour,eman.mansour@presight.ai,Legal,Compliance Analyst,32546.0,10,Active,Annual performance increase,2023-08-04,9999-12-31,True
403,EMP0182,Nadia Saleh,nadia.saleh@presight.ai,Engineering,Data Engineer,13035.0,6,Active,Initial appointment,2019-08-18,2020-04-05,False
404,EMP0182,Nadia Saleh,nadia.saleh@presight.ai,Engineering,Data Engineer,17826.0,6,Active,Cost of living adjustment,2020-04-05,9999-12-31,True
405,EMP0183,Khalifa Ibrahim,khalifa.ibrahim@presight.ai,Digital,Product Manager,23179.0,2,Active,Hire - Initial Appointment,2023-09-15,9999-12-31,True
406,EMP0184,Priya Nair,priya.nair1@presight.ai,Sales,Sales Analyst,29944.0,7,Active,Hire - Initial Appointment,2020-09-24,9999-12-31,True
407,EMP0185,Priya Pillai,priya.pillai@presight.ai,Sales,Account Manager,25768.0,10,Active,Hire - Initial Appointment,2017-07-16,9999-12-31,True
408,EMP0186,Mira Al Marri,mira.al.marri@presight.ai,Sustainability,Data Analyst,10829.0,3,Active,Initial appointment,2023-01-30,2024-03-10,False
409,EMP0186,Mira Al Marri,mira.al.marri@presight.ai,Sustainability,Data Analyst,12684.0,3,Active,Retention adjustment,2024-03-10,2025-01-17,False
410,EMP0186,Mira Al Marri,mira.al.marri@presight.ai,Sustainability,Data Analyst,19463.0,3,Active,Retention adjustment,2025-01-17,9999-12-31,True
411,EMP0187,Mira Al Mazrouei,mira.al.mazrouei@presight.ai,Finance,Financial Analyst,20684.0,4,Active,Hire - Initial Appointment,2021-04-08,9999-12-31,True
412,EMP0188,Vikram Chen,vikram.chen@presight.ai,Marketing,Marketing Analyst,18442.0,8,Active,Initial appointment,2018-06-06,2021-08-31,False
413,EMP0188,Vikram Chen,vikram.chen@presight.ai,Marketing,Marketing Analyst,19607.0,8,Active,Project completion bonus integration,2021-08-31,2023-04-02,False
414,EMP0188,Vikram Chen,vikram.chen@presight.ai,Marketing,Marketing Analyst,32854.0,8,Active,Retention adjustment,2023-04-02,9999-12-31,True
415,EMP0189,Arun Nambiar,arun.nambiar@presight.ai,Operations,Senior Data Engineer,18526.0,11,Active,Initial appointment,2014-06-16,2016-01-11,False
416,EMP0189,Arun Nambiar,arun.nambiar@presight.ai,Operations,Senior Data Engineer,28350.0,11,Active,Project completion bonus integration,2016-01-11,9999-12-31,True
417,EMP0190,Nikhil Desai,nikhil.desai@presight.ai,HR,Learning & Development,12403.0,2,Active,Initial appointment,2024-08-28,2025-03-29,False
418,EMP0190,Nikhil Desai,nikhil.desai@presight.ai,HR,Learning & Development,13904.0,2,Active,Market correction adjustment,2025-03-29,2025-05-12,False
419,EMP0190,Nikhil Desai,nikhil.desai@presight.ai,HR,Learning & Development,20817.0,2,Active,Project completion bonus integration,2025-05-12,9999-12-31,True
420,EMP0191,Nadia Al Suwaidi,nadia.al.suwaidi@presight.ai,Marketing,Marketing Analyst,26779.0,12,Active,Initial appointment,2015-08-04,2018-07-08,False
421,EMP0191,Nadia Al Suwaidi,nadia.al.suwaidi@presight.ai,Marketing,Marketing Analyst,38265.0,12,Active,Annual performance increase,2018-07-08,9999-12-31,True
422,EMP0192,Hassan Hamdan,hassan.hamdan@presight.ai,Sustainability,Sustainability Analyst,18988.0,12,Active,Initial appointment,2015-09-11,2023-01-10,False
423,EMP0192,Hassan Hamdan,hassan.hamdan@presight.ai,Sustainability,Sustainability Analyst,29216.0,12,Active,Annual performance increase,2023-01-10,9999-12-31,True
424,EMP0193,Dana Al Marri,dana.al.marri@presight.ai,Sustainability,Data Analyst,40221.0,12,Active,Initial appointment,2013-01-27,2017-01-09,False
425,EMP0193,Dana Al Marri,dana.al.marri@presight.ai,Sustainability,Data Analyst,48120.0,12,Active,Retention adjustment,2017-01-09,2022-04-01,False
426,EMP0193,Dana Al Marri,dana.al.marri@presight.ai,Sustainability,Data Analyst,67168.0,12,Active,Market correction adjustment,2022-04-01,9999-12-31,True
427,EMP0194,Vikram Malik,vikram.malik@presight.ai,IT,Data Engineer,15735.0,2,Inactive,Hire - Initial Appointment,2023-09-05,9999-12-31,True
428,EMP0195,Anjali Sharma,anjali.sharma@presight.ai,Sustainability,Sustainability Analyst,18785.0,11,Active,Initial appointment,2014-02-26,2024-02-13,False
429,EMP0195,Anjali Sharma,anjali.sharma@presight.ai,Sustainability,Sustainability Analyst,21905.0,11,Active,Project completion bonus integration,2024-02-13,2024-02-15,False
430,EMP0195,Anjali Sharma,anjali.sharma@presight.ai,Sustainability,Sustainability Analyst,25280.0,11,Active,Market correction adjustment,2024-02-15,9999-12-31,True
431,EMP0196,Arjun Murthy,arjun.murthy@presight.ai,Finance,Financial Analyst,18466.0,11,Active,Initial appointment,2015-05-07,2016-12-22,False
432,EMP0196,Arjun Murthy,arjun.murthy@presight.ai,Finance,Financial Analyst,21852.0,11,Active,Project completion bonus integration,2016-12-22,2020-02-13,False
433,EMP0196,Arjun Murthy,arjun.murthy@presight.ai,Finance,Financial Analyst,31112.0,11,Active,Promoted following review,2020-02-13,9999-12-31,True
434,EMP0197,Meera Menon,meera.menon@presight.ai,Engineering,Platform Engineer,8306.0,3,Active,Initial appointment,2022-01-05,2023-06-16,False
435,EMP0197,Meera Menon,meera.menon@presight.ai,Engineering,Platform Engineer,8975.0,3,Active,Market correction adjustment,2023-06-16,2023-10-10,False
436,EMP0197,Meera Menon,meera.menon@presight.ai,Engineering,Platform Engineer,15089.0,3,Active,Retention adjustment,2023-10-10,9999-12-31,True
437,EMP0198,Layla Saeed,layla.saeed@presight.ai,Data Science,Data Analyst,30845.0,11,Active,Initial appointment,2016-09-02,2024-07-17,False
438,EMP0198,Layla Saeed,layla.saeed@presight.ai,Data Science,Data Analyst,41764.0,11,Active,Annual performance increase,2024-07-17,9999-12-31,True
439,EMP0199,Lucas Laurent,lucas.laurent@presight.ai,HR,HR Analyst,10124.0,1,Active,Initial appointment,2024-07-22,2025-01-28,False
440,EMP0199,Lucas Laurent,lucas.laurent@presight.ai,HR,HR Analyst,16808.0,1,Active,Promoted following review,2025-01-28,9999-12-31,True
441,EMP0200,Pooja Hussain,pooja.hussain@presight.ai,Sustainability,Data Analyst,23475.0,2,Active,Hire - Initial Appointment,2024-06-26,9999-12-31,True
442,EMP0201,Huda Al Bloushi,huda.al.bloushi@presight.ai,Engineering,Platform Engineer,33038.0,8,Active,Hire - Initial Appointment,2018-07-13,9999-12-31,True
443,EMP0202,Aisha Al Mazrouei,aisha.al.mazrouei1@presight.ai,Procurement,Vendor Manager,13263.0,3,Active,Hire - Initial Appointment,2024-03-19,9999-12-31,True
444,EMP0203,Reem Mahmoud,reem.mahmoud@presight.ai,HR,HR Analyst,27170.0,6,Active,Hire - Initial Appointment,2019-08-10,9999-12-31,True
445,EMP0204,Hamad Al Zaabi,hamad.al.zaabi1@presight.ai,Sustainability,Sustainability Analyst,15155.0,0,Active,Hire - Initial Appointment,2024-07-30,9999-12-31,True
446,EMP0205,Min Kumar,min.kumar@presight.ai,Sustainability,Sustainability Analyst,13388.0,1,Active,Hire - Initial Appointment,2024-06-03,9999-12-31,True
447,EMP0206,Nadia Al Shamsi,nadia.al.shamsi@presight.ai,Digital,Digital Analyst,20563.0,8,Active,Initial appointment,2019-09-12,2021-01-26,False
448,EMP0206,Nadia Al Shamsi,nadia.al.shamsi@presight.ai,Digital,Digital Analyst,29123.0,8,Active,Annual performance increase,2021-01-26,9999-12-31,True
449,EMP0207,Ahmed Ibrahim,ahmed.ibrahim@presight.ai,HR,Learning & Development,21884.0,12,Active,Initial appointment,2014-08-11,2024-03-19,False
450,EMP0207,Ahmed Ibrahim,ahmed.ibrahim@presight.ai,HR,Learning & Development,30399.0,12,Active,Cost of living adjustment,2024-03-19,9999-12-31,True
451,EMP0208,Omar Hamdan,omar.hamdan@presight.ai,HR,Learning & Development,14614.0,2,Active,Hire - Initial Appointment,2024-09-08,9999-12-31,True
452,EMP0209,Huda Al Zaabi,huda.al.zaabi1@presight.ai,Data Science,Senior Data Analyst,30006.0,16,Active,Initial appointment,2009-01-17,2011-11-14,False
453,EMP0209,Huda Al Zaabi,huda.al.zaabi1@presight.ai,Data Science,Senior Data Analyst,47703.0,16,Active,Retention adjustment,2011-11-14,9999-12-31,True
454,EMP0210,Aisha Rahman,aisha.rahman@presight.ai,Data Science,BI Developer,31703.0,12,Active,Hire - Initial Appointment,2013-06-07,9999-12-31,True
455,EMP0211,Mira Al Khaja,mira.al.khaja@presight.ai,Digital,Content Strategist,45854.0,18,Inactive,Initial appointment,2009-09-20,2014-05-28,False
456,EMP0211,Mira Al Khaja,mira.al.khaja@presight.ai,Digital,Content Strategist,69078.0,18,Inactive,Cost of living adjustment,2014-05-28,9999-12-31,True
457,EMP0212,Camille Andersen,camille.andersen@presight.ai,Operations,Supply Chain Analyst,27725.0,5,Active,Hire - Initial Appointment,2022-07-24,9999-12-31,True
458,EMP0213,Saif Al Rumaithi,saif.al.rumaithi@presight.ai,Operations,Senior Data Engineer,21571.0,6,Active,Hire - Initial Appointment,2021-04-24,9999-12-31,True
459,EMP0214,Kavya Reddy,kavya.reddy@presight.ai,IT,DevOps Engineer,20954.0,2,Active,Hire - Initial Appointment,2024-07-31,9999-12-31,True
460,EMP0215,Reem Al Bloushi,reem.al.bloushi@presight.ai,Digital,Senior Data Engineer,18431.0,10,Active,Initial appointment,2016-02-21,2021-05-25,False
461,EMP0215,Reem Al Bloushi,reem.al.bloushi@presight.ai,Digital,Senior Data Engineer,32912.0,10,Active,Market correction adjustment,2021-05-25,9999-12-31,True
462,EMP0216,Khalifa Rahman,khalifa.rahman@presight.ai,Data Science,Data Scientist,9313.0,5,Active,Initial appointment,2024-05-04,2025-04-05,False
463,EMP0216,Khalifa Rahman,khalifa.rahman@presight.ai,Data Science,Data Scientist,12895.0,5,Active,Promoted following review,2025-04-05,9999-12-31,True
464,EMP0217,Roshan Bhatt,roshan.bhatt@presight.ai,Legal,Compliance Analyst,20730.0,11,Active,Initial appointment,2015-01-17,2019-06-07,False
465,EMP0217,Roshan Bhatt,roshan.bhatt@presight.ai,Legal,Compliance Analyst,22401.0,11,Active,Promoted following review,2019-06-07,2021-03-12,False
466,EMP0217,Roshan Bhatt,roshan.bhatt@presight.ai,Legal,Compliance Analyst,35493.0,11,Active,Project completion bonus integration,2021-03-12,9999-12-31,True
467,EMP0218,Pooja Sharma,pooja.sharma@presight.ai,Procurement,Vendor Manager,23163.0,2,Active,Hire - Initial Appointment,2024-02-22,9999-12-31,True
468,EMP0219,Fatima Farooq,fatima.farooq@presight.ai,Digital,Digital Analyst,15069.0,5,Active,Initial appointment,2022-07-20,2023-10-31,False
469,EMP0219,Fatima Farooq,fatima.farooq@presight.ai,Digital,Digital Analyst,16115.0,5,Active,Project completion bonus integration,2023-10-31,2024-12-18,False
470,EMP0219,Fatima Farooq,fatima.farooq@presight.ai,Digital,Digital Analyst,17927.0,5,Active,Project completion bonus integration,2024-12-18,2025-05-04,False
471,EMP0219,Fatima Farooq,fatima.farooq@presight.ai,Digital,Digital Analyst,21890.0,5,Active,Project completion bonus integration,2025-05-04,9999-12-31,True
472,EMP0220,Khalid Farooq,khalid.farooq@presight.ai,Procurement,Procurement Analyst,27194.0,10,Active,Hire - Initial Appointment,2015-05-05,9999-12-31,True
473,EMP0221,Mira Yousef,mira.yousef@presight.ai,Marketing,Brand Manager,10572.0,1,Active,Initial appointment,2024-03-29,2025-01-15,False
474,EMP0221,Mira Yousef,mira.yousef@presight.ai,Marketing,Brand Manager,11789.0,1,Active,Market correction adjustment,2025-01-15,2025-06-12,False
475,EMP0221,Mira Yousef,mira.yousef@presight.ai,Marketing,Brand Manager,15465.0,1,Active,Annual performance increase,2025-06-12,9999-12-31,True
476,EMP0222,Maryam Saleh,maryam.saleh1@presight.ai,Engineering,Data Engineer,31607.0,10,Active,Initial appointment,2015-07-18,2022-10-10,False
477,EMP0222,Maryam Saleh,maryam.saleh1@presight.ai,Engineering,Data Engineer,45939.0,10,Active,Market correction adjustment,2022-10-10,9999-12-31,True
478,EMP0223,Sanjay Malik,sanjay.malik@presight.ai,Digital,UX Designer,21631.0,2,Active,Hire - Initial Appointment,2023-05-30,9999-12-31,True
479,EMP0224,Noura Saeed,noura.saeed@presight.ai,Procurement,Vendor Manager,19856.0,6,Active,Initial appointment,2021-02-28,2025-03-14,False
480,EMP0224,Noura Saeed,noura.saeed@presight.ai,Procurement,Vendor Manager,21235.0,6,Active,Project completion bonus integration,2025-03-14,2025-05-18,False
481,EMP0224,Noura Saeed,noura.saeed@presight.ai,Procurement,Vendor Manager,34006.0,6,Active,Retention adjustment,2025-05-18,9999-12-31,True
482,EMP0225,Khalifa Mahmoud,khalifa.mahmoud@presight.ai,Sustainability,Sustainability Analyst,11661.0,3,Active,Initial appointment,2023-01-17,2024-01-19,False
483,EMP0225,Khalifa Mahmoud,khalifa.mahmoud@presight.ai,Sustainability,Sustainability Analyst,12404.0,3,Active,Promoted following review,2024-01-19,2025-03-04,False
484,EMP0225,Khalifa Mahmoud,khalifa.mahmoud@presight.ai,Sustainability,Sustainability Analyst,17838.0,3,Active,Promoted following review,2025-03-04,9999-12-31,True
485,EMP0226,Yusuf Al Mazrouei,yusuf.al.mazrouei@presight.ai,Operations,Senior Data Engineer,21252.0,11,Active,Initial appointment,2014-03-15,2015-03-28,False
486,EMP0226,Yusuf Al Mazrouei,yusuf.al.mazrouei@presight.ai,Operations,Senior Data Engineer,30744.0,11,Active,Promoted following review,2015-03-28,9999-12-31,True
487,EMP0227,Lin Desai,lin.desai@presight.ai,Marketing,Brand Manager,13168.0,4,Active,Initial appointment,2022-05-17,2023-11-07,False
488,EMP0227,Lin Desai,lin.desai@presight.ai,Marketing,Brand Manager,22767.0,4,Active,Project completion bonus integration,2023-11-07,9999-12-31,True
489,EMP0228,Nadia Al Suwaidi,nadia.al.suwaidi1@presight.ai,Finance,Budget Analyst,28836.0,10,Active,Initial appointment,2015-03-18,2016-05-06,False
490,EMP0228,Nadia Al Suwaidi,nadia.al.suwaidi1@presight.ai,Finance,Budget Analyst,49492.0,10,Active,Promoted following review,2016-05-06,9999-12-31,True
491,EMP0229,Pooja Nambiar,pooja.nambiar@presight.ai,IT,Network Engineer,35286.0,11,Active,Hire - Initial Appointment,2015-08-22,9999-12-31,True
492,EMP0230,Mariam Rahman,mariam.rahman@presight.ai,HR,Learning & Development,13130.0,6,Active,Initial appointment,2019-02-18,2020-10-07,False
493,EMP0230,Mariam Rahman,mariam.rahman@presight.ai,HR,Learning & Development,14756.0,6,Active,Promoted following review,2020-10-07,2023-06-02,False
494,EMP0230,Mariam Rahman,mariam.rahman@presight.ai,HR,Learning & Development,19681.0,6,Active,Cost of living adjustment,2023-06-02,9999-12-31,True
495,EMP0231,Vikram Patel,vikram.patel@presight.ai,Legal,Legal Analyst,16754.0,3,Active,Initial appointment,2023-05-18,2024-03-13,False
496,EMP0231,Vikram Patel,vikram.patel@presight.ai,Legal,Legal Analyst,19369.0,3,Active,Retention adjustment,2024-03-13,2024-03-17,False
497,EMP0231,Vikram Patel,vikram.patel@presight.ai,Legal,Legal Analyst,22783.0,3,Active,Promoted following review,2024-03-17,2024-07-03,False
498,EMP0231,Vikram Patel,vikram.patel@presight.ai,Legal,Legal Analyst,23757.0,3,Active,Promoted following review,2024-07-03,9999-12-31,True
499,EMP0232,Priya Nambiar,priya.nambiar1@presight.ai,HR,HR Analyst,38752.0,9,Active,Hire - Initial Appointment,2018-08-25,9999-12-31,True
500,EMP0233,Ahmed Yousef,ahmed.yousef@presight.ai,Operations,Operations Analyst,37168.0,14,Active,Initial appointment,2012-02-20,2016-01-14,False
501,EMP0233,Ahmed Yousef,ahmed.yousef@presight.ai,Operations,Operations Analyst,44568.0,14,Active,Promoted following review,2016-01-14,2021-11-09,False
502,EMP0233,Ahmed Yousef,ahmed.yousef@presight.ai,Operations,Operations Analyst,59891.0,14,Active,Cost of living adjustment,2021-11-09,9999-12-31,True
503,EMP0234,Meera Pillai,meera.pillai@presight.ai,Engineering,Lead Data Engineer,14500.0,3,Active,Initial appointment,2023-02-16,2023-09-03,False
504,EMP0234,Meera Pillai,meera.pillai@presight.ai,Engineering,Lead Data Engineer,16777.0,3,Active,Market correction adjustment,2023-09-03,2023-11-14,False
505,EMP0234,Meera Pillai,meera.pillai@presight.ai,Engineering,Lead Data Engineer,18621.0,3,Active,Retention adjustment,2023-11-14,2024-09-15,False
506,EMP0234,Meera Pillai,meera.pillai@presight.ai,Engineering,Lead Data Engineer,22161.0,3,Active,Market correction adjustment,2024-09-15,2025-01-08,False
507,EMP0234,Meera Pillai,meera.pillai@presight.ai,Engineering,Lead Data Engineer,22947.0,3,Active,Cost of living adjustment,2025-01-08,9999-12-31,True
508,EMP0235,Abdulla Khoury,abdulla.khoury@presight.ai,Sales,Sales Analyst,15570.0,4,Active,Initial appointment,2021-08-05,2022-11-09,False
509,EMP0235,Abdulla Khoury,abdulla.khoury@presight.ai,Sales,Sales Analyst,18317.0,4,Active,Promoted following review,2022-11-09,2024-06-18,False
510,EMP0235,Abdulla Khoury,abdulla.khoury@presight.ai,Sales,Sales Analyst,22698.0,4,Active,Retention adjustment,2024-06-18,9999-12-31,True
511,EMP0236,Saif Al Hashimi,saif.al.hashimi@presight.ai,HR,Learning & Development,18123.0,5,Inactive,Hire - Initial Appointment,2020-03-15,9999-12-31,True
512,EMP0237,Roshan Murthy,roshan.murthy@presight.ai,Procurement,Procurement Analyst,12667.0,6,Active,Initial appointment,2021-08-15,2024-03-10,False
513,EMP0237,Roshan Murthy,roshan.murthy@presight.ai,Procurement,Procurement Analyst,13843.0,6,Active,Retention adjustment,2024-03-10,2024-04-05,False
514,EMP0237,Roshan Murthy,roshan.murthy@presight.ai,Procurement,Procurement Analyst,14551.0,6,Active,Cost of living adjustment,2024-04-05,2024-12-21,False
515,EMP0237,Roshan Murthy,roshan.murthy@presight.ai,Procurement,Procurement Analyst,20372.0,6,Active,Retention adjustment,2024-12-21,9999-12-31,True
516,EMP0238,Priya Kapadia,priya.kapadia@presight.ai,HR,Learning & Development,27864.0,11,Active,Initial appointment,2015-02-15,2017-10-11,False
517,EMP0238,Priya Kapadia,priya.kapadia@presight.ai,HR,Learning & Development,32676.0,11,Active,Cost of living adjustment,2017-10-11,2022-06-04,False
518,EMP0238,Priya Kapadia,priya.kapadia@presight.ai,HR,Learning & Development,37502.0,11,Active,Project completion bonus integration,2022-06-04,2022-10-23,False
519,EMP0238,Priya Kapadia,priya.kapadia@presight.ai,HR,Learning & Development,42417.0,11,Active,Cost of living adjustment,2022-10-23,2023-07-17,False
520,EMP0238,Priya Kapadia,priya.kapadia@presight.ai,HR,Learning & Development,40290.0,11,Active,Cost of living adjustment,2023-07-17,9999-12-31,True
521,EMP0239,Kavya Sharma,kavya.sharma@presight.ai,Sales,Sales Analyst,34180.0,17,Active,Initial appointment,2010-04-10,2014-08-11,False
522,EMP0239,Kavya Sharma,kavya.sharma@presight.ai,Sales,Sales Analyst,46482.0,17,Active,Project completion bonus integration,2014-08-11,9999-12-31,True
523,EMP0240,Min Nambiar,min.nambiar@presight.ai,Legal,Legal Analyst,10467.0,0,Active,Initial appointment,2024-01-07,2024-10-31,False
524,EMP0240,Min Nambiar,min.nambiar@presight.ai,Legal,Legal Analyst,16865.0,0,Active,Promoted following review,2024-10-31,9999-12-31,True
525,EMP0241,Priya Tanaka,priya.tanaka1@presight.ai,HR,HR Analyst,14864.0,5,Active,Initial appointment,2020-01-10,2020-09-11,False
526,EMP0241,Priya Tanaka,priya.tanaka1@presight.ai,HR,HR Analyst,15983.0,5,Active,Annual performance increase,2020-09-11,2025-03-03,False
527,EMP0241,Priya Tanaka,priya.tanaka1@presight.ai,HR,HR Analyst,23248.0,5,Active,Retention adjustment,2025-03-03,9999-12-31,True
528,EMP0242,Rashid Ibrahim,rashid.ibrahim@presight.ai,Sustainability,Sustainability Analyst,11585.0,5,Active,Initial appointment,2020-03-20,2024-07-17,False
529,EMP0242,Rashid Ibrahim,rashid.ibrahim@presight.ai,Sustainability,Sustainability Analyst,20469.0,5,Active,Cost of living adjustment,2024-07-17,9999-12-31,True
530,EMP0243,James Schmidt,james.schmidt@presight.ai,HR,Lead Data Engineer,23252.0,2,Active,Hire - Initial Appointment,2024-08-11,9999-12-31,True
531,EMP0244,Eman Al Hashimi,eman.al.hashimi@presight.ai,Digital,UX Designer,19658.0,7,Inactive,Initial appointment,2018-01-08,2022-07-10,False
532,EMP0244,Eman Al Hashimi,eman.al.hashimi@presight.ai,Digital,UX Designer,23477.0,7,Inactive,Retention adjustment,2022-07-10,2023-03-15,False
533,EMP0244,Eman Al Hashimi,eman.al.hashimi@presight.ai,Digital,UX Designer,26505.0,7,Inactive,Cost of living adjustment,2023-03-15,2023-08-02,False
534,EMP0244,Eman Al Hashimi,eman.al.hashimi@presight.ai,Digital,UX Designer,30353.0,7,Inactive,Retention adjustment,2023-08-02,2024-03-15,False
535,EMP0244,Eman Al Hashimi,eman.al.hashimi@presight.ai,Digital,UX Designer,30067.0,7,Inactive,Project completion bonus integration,2024-03-15,9999-12-31,True
536,EMP0245,Yasmin Khoury,yasmin.khoury@presight.ai,Sustainability,Sustainability Analyst,15984.0,10,Active,Initial appointment,2015-05-20,2018-10-10,False
537,EMP0245,Yasmin Khoury,yasmin.khoury@presight.ai,Sustainability,Sustainability Analyst,18268.0,10,Active,Project completion bonus integration,2018-10-10,2019-09-08,False
538,EMP0245,Yasmin Khoury,yasmin.khoury@presight.ai,Sustainability,Sustainability Analyst,27735.0,10,Active,Retention adjustment,2019-09-08,9999-12-31,True
539,EMP0246,Eman Al Rumaithi,eman.al.rumaithi@presight.ai,Sustainability,Data Analyst,16064.0,3,Active,Hire - Initial Appointment,2024-07-03,9999-12-31,True
540,EMP0247,Fatima Al Hashimi,fatima.al.hashimi@presight.ai,Marketing,Marketing Analyst,16494.0,5,Active,Initial appointment,2020-01-08,2021-11-13,False
541,EMP0247,Fatima Al Hashimi,fatima.al.hashimi@presight.ai,Marketing,Marketing Analyst,17388.0,5,Active,Cost of living adjustment,2021-11-13,2022-04-30,False
542,EMP0247,Fatima Al Hashimi,fatima.al.hashimi@presight.ai,Marketing,Marketing Analyst,20190.0,5,Active,Promoted following review,2022-04-30,2024-11-28,False
543,EMP0247,Fatima Al Hashimi,fatima.al.hashimi@presight.ai,Marketing,Marketing Analyst,28742.0,5,Active,Cost of living adjustment,2024-11-28,9999-12-31,True
544,EMP0248,Carlos Okonkwo,carlos.okonkwo1@presight.ai,Sustainability,Sustainability Analyst,20029.0,10,Active,Initial appointment,2015-08-04,2019-09-27,False
545,EMP0248,Carlos Okonkwo,carlos.okonkwo1@presight.ai,Sustainability,Sustainability Analyst,22397.0,10,Active,Promoted following review,2019-09-27,2021-03-18,False
546,EMP0248,Carlos Okonkwo,carlos.okonkwo1@presight.ai,Sustainability,Sustainability Analyst,24083.0,10,Active,Project completion bonus integration,2021-03-18,2024-06-12,False
547,EMP0248,Carlos Okonkwo,carlos.okonkwo1@presight.ai,Sustainability,Sustainability Analyst,28678.0,10,Active,Cost of living adjustment,2024-06-12,9999-12-31,True
548,EMP0249,Anika Reddy,anika.reddy@presight.ai,Sales,Sales Analyst,25228.0,16,Active,Initial appointment,2009-07-28,2022-09-07,False
549,EMP0249,Anika Reddy,anika.reddy@presight.ai,Sales,Sales Analyst,29031.0,16,Active,Retention adjustment,2022-09-07,2024-03-26,False
550,EMP0249,Anika Reddy,anika.reddy@presight.ai,Sales,Sales Analyst,41656.0,16,Active,Promoted following review,2024-03-26,9999-12-31,True
551,EMP0250,Nikhil Mehta,nikhil.mehta@presight.ai,Data Science,Data Analyst,31044.0,8,Active,Hire - Initial Appointment,2018-06-06,9999-12-31,True
552,EMP0251,Hiroshi Chen,hiroshi.chen1@presight.ai,Procurement,Procurement Analyst,26369.0,8,Active,Initial appointment,2018-01-14,2022-01-18,False
553,EMP0251,Hiroshi Chen,hiroshi.chen1@presight.ai,Procurement,Procurement Analyst,30683.0,8,Active,Retention adjustment,2022-01-18,2023-10-18,False
554,EMP0251,Hiroshi Chen,hiroshi.chen1@presight.ai,Procurement,Procurement Analyst,36729.0,8,Active,Market correction adjustment,2023-10-18,2024-01-06,False
555,EMP0251,Hiroshi Chen,hiroshi.chen1@presight.ai,Procurement,Procurement Analyst,40466.0,8,Active,Project completion bonus integration,2024-01-06,9999-12-31,True
556,EMP0252,Anjali Mehta,anjali.mehta@presight.ai,Engineering,Platform Engineer,17503.0,6,Active,Initial appointment,2019-09-30,2022-10-04,False
557,EMP0252,Anjali Mehta,anjali.mehta@presight.ai,Engineering,Platform Engineer,20563.0,6,Active,Retention adjustment,2022-10-04,2022-10-26,False
558,EMP0252,Anjali Mehta,anjali.mehta@presight.ai,Engineering,Platform Engineer,30038.0,6,Active,Cost of living adjustment,2022-10-26,9999-12-31,True
559,EMP0253,James Johnson,james.johnson@presight.ai,Finance,Budget Analyst,16257.0,3,Active,Hire - Initial Appointment,2024-07-09,9999-12-31,True
560,EMP0254,Bilal Najjar,bilal.najjar@presight.ai,Legal,Compliance Analyst,15563.0,1,Active,Hire - Initial Appointment,2024-05-29,9999-12-31,True
561,EMP0255,Hanan Al Bloushi,hanan.al.bloushi@presight.ai,Digital,UX Designer,10651.0,3,Active,Initial appointment,2024-02-25,2025-06-12,False
562,EMP0255,Hanan Al Bloushi,hanan.al.bloushi@presight.ai,Digital,UX Designer,18660.0,3,Active,Promoted following review,2025-06-12,9999-12-31,True
563,EMP0256,Yusuf Mansour,yusuf.mansour@presight.ai,HR,HR Analyst,32936.0,12,Active,Initial appointment,2014-05-18,2017-02-06,False
564,EMP0256,Yusuf Mansour,yusuf.mansour@presight.ai,HR,HR Analyst,34667.0,12,Active,Promoted following review,2017-02-06,2020-02-16,False
565,EMP0256,Yusuf Mansour,yusuf.mansour@presight.ai,HR,HR Analyst,45404.0,12,Active,Promoted following review,2020-02-16,9999-12-31,True
566,EMP0257,Khalifa Al Dhaheri,khalifa.al.dhaheri@presight.ai,HR,Lead Data Engineer,10022.0,2,Active,Initial appointment,2024-09-19,2025-03-20,False
567,EMP0257,Khalifa Al Dhaheri,khalifa.al.dhaheri@presight.ai,HR,Lead Data Engineer,11947.0,2,Active,Project completion bonus integration,2025-03-20,2025-04-05,False
568,EMP0257,Khalifa Al Dhaheri,khalifa.al.dhaheri@presight.ai,HR,Lead Data Engineer,13312.0,2,Active,Promoted following review,2025-04-05,2025-06-12,False
569,EMP0257,Khalifa Al Dhaheri,khalifa.al.dhaheri@presight.ai,HR,Lead Data Engineer,14033.0,2,Active,Promoted following review,2025-06-12,9999-12-31,True
570,EMP0258,Daniel Rivera,daniel.rivera@presight.ai,Digital,Senior Data Engineer,19812.0,6,Active,Initial appointment,2020-02-23,2022-09-01,False
571,EMP0258,Daniel Rivera,daniel.rivera@presight.ai,Digital,Senior Data Engineer,29093.0,6,Active,Project completion bonus integration,2022-09-01,9999-12-31,True
572,EMP0259,Min Krishnan,min.krishnan@presight.ai,Operations,Supply Chain Analyst,35326.0,6,Active,Hire - Initial Appointment,2021-05-13,9999-12-31,True
573,EMP0260,Paolo Williams,paolo.williams@presight.ai,IT,Network Engineer,8017.0,0,Active,Initial appointment,2024-01-26,2025-06-04,False
574,EMP0260,Paolo Williams,paolo.williams@presight.ai,IT,Network Engineer,13003.0,0,Active,Project completion bonus integration,2025-06-04,9999-12-31,True
575,EMP0261,Hiroshi Sharma,hiroshi.sharma1@presight.ai,Legal,Compliance Analyst,17233.0,8,Active,Initial appointment,2017-05-22,2021-05-29,False
576,EMP0261,Hiroshi Sharma,hiroshi.sharma1@presight.ai,Legal,Compliance Analyst,30799.0,8,Active,Promoted following review,2021-05-29,9999-12-31,True
577,EMP0262,Ravi Bhatt,ravi.bhatt@presight.ai,Sales,Account Manager,21511.0,5,Active,Hire - Initial Appointment,2020-02-15,9999-12-31,True
578,EMP0263,Wei Bhatt,wei.bhatt@presight.ai,Sales,Sales Analyst,39557.0,24,Active,Initial appointment,2003-07-08,2023-01-19,False
579,EMP0263,Wei Bhatt,wei.bhatt@presight.ai,Sales,Sales Analyst,62533.0,24,Active,Annual performance increase,2023-01-19,9999-12-31,True
580,EMP0264,Eric Rivera,eric.rivera@presight.ai,Finance,Data Analyst,16891.0,1,Active,Hire - Initial Appointment,2024-05-23,9999-12-31,True
581,EMP0265,Abdulla Al Marri,abdulla.al.marri@presight.ai,Data Science,Senior Data Analyst,11709.0,6,Active,Initial appointment,2021-01-29,2024-08-31,False
582,EMP0265,Abdulla Al Marri,abdulla.al.marri@presight.ai,Data Science,Senior Data Analyst,19183.0,6,Active,Market correction adjustment,2024-08-31,9999-12-31,True
583,EMP0266,Pooja Murthy,pooja.murthy@presight.ai,IT,Data Engineer,8277.0,2,Active,Initial appointment,2024-01-15,2025-02-26,False
584,EMP0266,Pooja Murthy,pooja.murthy@presight.ai,IT,Data Engineer,14605.0,2,Active,Cost of living adjustment,2025-02-26,9999-12-31,True
585,EMP0267,Priya Chen,priya.chen2@presight.ai,Digital,Product Manager,21017.0,2,Inactive,Hire - Initial Appointment,2023-01-29,9999-12-31,True
586,EMP0268,Layla Saleh,layla.saleh@presight.ai,Operations,Supply Chain Analyst,27907.0,10,Active,Hire - Initial Appointment,2015-01-14,9999-12-31,True
587,EMP0269,Wei Murthy,wei.murthy1@presight.ai,Data Science,BI Specialist,12888.0,6,Active,Initial appointment,2019-06-23,2023-05-20,False
588,EMP0269,Wei Murthy,wei.murthy1@presight.ai,Data Science,BI Specialist,20240.0,6,Active,Project completion bonus integration,2023-05-20,9999-12-31,True
589,EMP0270,Sanjay Menon,sanjay.menon@presight.ai,Digital,Product Manager,20313.0,10,Active,Initial appointment,2015-04-02,2024-05-16,False
590,EMP0270,Sanjay Menon,sanjay.menon@presight.ai,Digital,Product Manager,34207.0,10,Active,Cost of living adjustment,2024-05-16,9999-12-31,True
591,EMP0271,Ahmed Rahman,ahmed.rahman@presight.ai,Marketing,Marketing Analyst,18491.0,6,Active,Hire - Initial Appointment,2020-04-24,9999-12-31,True
592,EMP0272,Salim Al Mazrouei,salim.al.mazrouei@presight.ai,HR,HR Analyst,52907.0,25,Active,Hire - Initial Appointment,2002-06-26,9999-12-31,True
593,EMP0273,Aakash Desai,aakash.desai@presight.ai,Data Science,Data Analyst,31323.0,12,Active,Hire - Initial Appointment,2015-08-05,9999-12-31,True
594,EMP0274,Mira Al Hashimi,mira.al.hashimi@presight.ai,Digital,Senior Data Engineer,35665.0,8,Inactive,Hire - Initial Appointment,2017-08-21,9999-12-31,True
595,EMP0275,Fatima Al Hashimi,fatima.al.hashimi1@presight.ai,Data Science,ML Engineer,12024.0,2,Active,Initial appointment,2024-02-17,2024-11-14,False
596,EMP0275,Fatima Al Hashimi,fatima.al.hashimi1@presight.ai,Data Science,ML Engineer,14205.0,2,Active,Project completion bonus integration,2024-11-14,2025-02-16,False
597,EMP0275,Fatima Al Hashimi,fatima.al.hashimi1@presight.ai,Data Science,ML Engineer,18318.0,2,Active,Annual performance increase,2025-02-16,9999-12-31,True
598,EMP0276,Mohammed Yousef,mohammed.yousef@presight.ai,Sales,Account Manager,7994.0,0,Active,Initial appointment,2024-06-18,2025-02-15,False
599,EMP0276,Mohammed Yousef,mohammed.yousef@presight.ai,Sales,Account Manager,8504.0,0,Active,Market correction adjustment,2025-02-15,2025-04-07,False
600,EMP0276,Mohammed Yousef,mohammed.yousef@presight.ai,Sales,Account Manager,10148.0,0,Active,Promoted following review,2025-04-07,2025-05-26,False
601,EMP0276,Mohammed Yousef,mohammed.yousef@presight.ai,Sales,Account Manager,10683.0,0,Active,Promoted following review,2025-05-26,2025-06-12,False
602,EMP0276,Mohammed Yousef,mohammed.yousef@presight.ai,Sales,Account Manager,13286.0,0,Active,Promoted following review,2025-06-12,9999-12-31,True
603,EMP0277,Arun Patel,arun.patel@presight.ai,Finance,Data Analyst,16477.0,6,Active,Initial appointment,2019-07-22,2021-02-24,False
604,EMP0277,Arun Patel,arun.patel@presight.ai,Finance,Data Analyst,17441.0,6,Active,Retention adjustment,2021-02-24,2022-11-30,False
605,EMP0277,Arun Patel,arun.patel@presight.ai,Finance,Data Analyst,28891.0,6,Active,Annual performance increase,2022-11-30,9999-12-31,True
606,EMP0278,Ahmed Yousef,ahmed.yousef1@presight.ai,Data Science,BI Specialist,13359.0,6,Active,Initial appointment,2020-04-13,2022-01-07,False
607,EMP0278,Ahmed Yousef,ahmed.yousef1@presight.ai,Data Science,BI Specialist,15025.0,6,Active,Promoted following review,2022-01-07,2022-04-20,False
608,EMP0278,Ahmed Yousef,ahmed.yousef1@presight.ai,Data Science,BI Specialist,17425.0,6,Active,Retention adjustment,2022-04-20,2022-12-13,False
609,EMP0278,Ahmed Yousef,ahmed.yousef1@presight.ai,Data Science,BI Specialist,22120.0,6,Active,Market correction adjustment,2022-12-13,9999-12-31,True
610,EMP0279,Hamad Hamdan,hamad.hamdan@presight.ai,Data Science,ML Engineer,20857.0,5,Active,Hire - Initial Appointment,2022-05-16,9999-12-31,True
611,EMP0280,Mira Al Zaabi,mira.al.zaabi@presight.ai,IT,Network Engineer,20602.0,5,Active,Hire - Initial Appointment,2021-04-26,9999-12-31,True
612,EMP0281,Anika Joshi,anika.joshi@presight.ai,Sales,Account Manager,12898.0,6,Active,Initial appointment,2019-02-02,2021-05-30,False
613,EMP0281,Anika Joshi,anika.joshi@presight.ai,Sales,Account Manager,13773.0,6,Active,Project completion bonus integration,2021-05-30,2022-11-22,False
614,EMP0281,Anika Joshi,anika.joshi@presight.ai,Sales,Account Manager,15550.0,6,Active,Promoted following review,2022-11-22,2023-05-08,False
615,EMP0281,Anika Joshi,anika.joshi@presight.ai,Sales,Account Manager,17638.0,6,Active,Promoted following review,2023-05-08,2024-09-04,False
616,EMP0281,Anika Joshi,anika.joshi@presight.ai,Sales,Account Manager,23196.0,6,Active,Cost of living adjustment,2024-09-04,9999-12-31,True
617,EMP0282,Aaliyah Saeed,aaliyah.saeed@presight.ai,Operations,Operations Analyst,15157.0,2,Active,Initial appointment,2024-09-21,2025-04-14,False
618,EMP0282,Aaliyah Saeed,aaliyah.saeed@presight.ai,Operations,Operations Analyst,16900.0,2,Active,Annual performance increase,2025-04-14,2025-06-01,False
619,EMP0282,Aaliyah Saeed,aaliyah.saeed@presight.ai,Operations,Operations Analyst,19760.0,2,Active,Promoted following review,2025-06-01,2025-06-02,False
620,EMP0282,Aaliyah Saeed,aaliyah.saeed@presight.ai,Operations,Operations Analyst,20234.0,2,Active,Promoted following review,2025-06-02,9999-12-31,True
621,EMP0283,Maryam Al Marri,maryam.al.marri@presight.ai,IT,Cloud Architect,54134.0,12,Active,Hire - Initial Appointment,2014-02-12,9999-12-31,True
622,EMP0284,Ravi Desai,ravi.desai@presight.ai,HR,HR Analyst,27125.0,14,Active,Initial appointment,2013-07-25,2024-03-02,False
623,EMP0284,Ravi Desai,ravi.desai@presight.ai,HR,HR Analyst,39425.0,14,Active,Retention adjustment,2024-03-02,9999-12-31,True
624,EMP0285,Ahmed Rahman,ahmed.rahman1@presight.ai,Marketing,Brand Manager,18657.0,11,Active,Initial appointment,2014-03-19,2021-01-23,False
625,EMP0285,Ahmed Rahman,ahmed.rahman1@presight.ai,Marketing,Brand Manager,26843.0,11,Active,Promoted following review,2021-01-23,9999-12-31,True
626,EMP0286,Sophie Rossi,sophie.rossi@presight.ai,Data Science,BI Developer,22047.0,10,Active,Initial appointment,2016-05-17,2018-08-30,False
627,EMP0286,Sophie Rossi,sophie.rossi@presight.ai,Data Science,BI Developer,24513.0,10,Active,Retention adjustment,2018-08-30,2021-10-28,False
628,EMP0286,Sophie Rossi,sophie.rossi@presight.ai,Data Science,BI Developer,33775.0,10,Active,Annual performance increase,2021-10-28,9999-12-31,True
629,EMP0287,Khalid Al Rumaithi,khalid.al.rumaithi1@presight.ai,Legal,Legal Analyst,7849.0,3,Active,Initial appointment,2023-05-02,2024-11-15,False
630,EMP0287,Khalid Al Rumaithi,khalid.al.rumaithi1@presight.ai,Legal,Legal Analyst,8529.0,3,Active,Promoted following review,2024-11-15,2024-11-26,False
631,EMP0287,Khalid Al Rumaithi,khalid.al.rumaithi1@presight.ai,Legal,Legal Analyst,12317.0,3,Active,Retention adjustment,2024-11-26,9999-12-31,True
632,EMP0288,Anjali Mehta,anjali.mehta1@presight.ai,Finance,Finance Director,16400.0,2,Active,Initial appointment,2023-03-10,2024-02-28,False
633,EMP0288,Anjali Mehta,anjali.mehta1@presight.ai,Finance,Finance Director,22703.0,2,Active,Market correction adjustment,2024-02-28,9999-12-31,True
634,EMP0289,Arjun Tanaka,arjun.tanaka@presight.ai,Marketing,Marketing Analyst,22822.0,8,Active,Initial appointment,2018-09-07,2020-07-30,False
635,EMP0289,Arjun Tanaka,arjun.tanaka@presight.ai,Marketing,Marketing Analyst,32237.0,8,Active,Cost of living adjustment,2020-07-30,9999-12-31,True
636,EMP0290,Adam Al Khaja,adam.al.khaja1@presight.ai,Finance,Finance Director,15688.0,5,Active,Initial appointment,2020-04-09,2021-02-27,False
637,EMP0290,Adam Al Khaja,adam.al.khaja1@presight.ai,Finance,Finance Director,18413.0,5,Active,Cost of living adjustment,2021-02-27,2023-03-20,False
638,EMP0290,Adam Al Khaja,adam.al.khaja1@presight.ai,Finance,Finance Director,19785.0,5,Active,Promoted following review,2023-03-20,2023-08-06,False
639,EMP0290,Adam Al Khaja,adam.al.khaja1@presight.ai,Finance,Finance Director,20819.0,5,Active,Market correction adjustment,2023-08-06,2024-08-02,False
640,EMP0290,Adam Al Khaja,adam.al.khaja1@presight.ai,Finance,Finance Director,27222.0,5,Active,Cost of living adjustment,2024-08-02,9999-12-31,True
641,EMP0291,Salma Rahman,salma.rahman@presight.ai,Operations,Supply Chain Analyst,12478.0,5,Active,Initial appointment,2022-03-05,2023-11-17,False
642,EMP0291,Salma Rahman,salma.rahman@presight.ai,Operations,Supply Chain Analyst,14553.0,5,Active,Cost of living adjustment,2023-11-17,2024-04-30,False
643,EMP0291,Salma Rahman,salma.rahman@presight.ai,Operations,Supply Chain Analyst,21137.0,5,Active,Annual performance increase,2024-04-30,9999-12-31,True
644,EMP0292,Rohan Nambiar,rohan.nambiar@presight.ai,Marketing,Brand Manager,19249.0,9,Active,Initial appointment,2018-02-17,2025-04-04,False
645,EMP0292,Rohan Nambiar,rohan.nambiar@presight.ai,Marketing,Brand Manager,27679.0,9,Active,Market correction adjustment,2025-04-04,9999-12-31,True
646,EMP0293,Deepak Bhatt,deepak.bhatt@presight.ai,Sales,Sales Analyst,19204.0,5,Active,Hire - Initial Appointment,2022-01-11,9999-12-31,True
647,EMP0294,Bilal Najjar,bilal.najjar1@presight.ai,IT,DevOps Engineer,19097.0,9,Active,Initial appointment,2018-06-07,2019-05-25,False
648,EMP0294,Bilal Najjar,bilal.najjar1@presight.ai,IT,DevOps Engineer,21409.0,9,Active,Promoted following review,2019-05-25,2024-02-15,False
649,EMP0294,Bilal Najjar,bilal.najjar1@presight.ai,IT,DevOps Engineer,24452.0,9,Active,Market correction adjustment,2024-02-15,2025-02-26,False
650,EMP0294,Bilal Najjar,bilal.najjar1@presight.ai,IT,DevOps Engineer,27412.0,9,Active,Promoted following review,2025-02-26,2025-03-27,False
651,EMP0294,Bilal Najjar,bilal.najjar1@presight.ai,IT,DevOps Engineer,28666.0,9,Active,Project completion bonus integration,2025-03-27,9999-12-31,True
652,EMP0295,Mira Al Zaabi,mira.al.zaabi1@presight.ai,Digital,Content Strategist,19475.0,6,Active,Hire - Initial Appointment,2021-07-23,9999-12-31,True
653,EMP0296,Aakash Patel,aakash.patel@presight.ai,Sales,Account Manager,21106.0,6,Active,Initial appointment,2020-02-03,2023-06-30,False
654,EMP0296,Aakash Patel,aakash.patel@presight.ai,Sales,Account Manager,29890.0,6,Active,Market correction adjustment,2023-06-30,9999-12-31,True
655,EMP0297,Arjun Menon,arjun.menon@presight.ai,Procurement,Vendor Manager,41086.0,10,Active,Hire - Initial Appointment,2017-05-05,9999-12-31,True
656,EMP0298,Raj Mehta,raj.mehta@presight.ai,Sales,Sales Analyst,10232.0,2,Inactive,Initial appointment,2024-08-02,2025-02-06,False
657,EMP0298,Raj Mehta,raj.mehta@presight.ai,Sales,Sales Analyst,12156.0,2,Inactive,Retention adjustment,2025-02-06,2025-03-31,False
658,EMP0298,Raj Mehta,raj.mehta@presight.ai,Sales,Sales Analyst,16074.0,2,Inactive,Project completion bonus integration,2025-03-31,9999-12-31,True
659,EMP0299,Priya Chen,priya.chen3@presight.ai,HR,HR Analyst,33759.0,12,Active,Hire - Initial Appointment,2015-07-05,9999-12-31,True
660,EMP0300,Lin Pillai,lin.pillai@presight.ai,Finance,Budget Analyst,14118.0,1,Active,Hire - Initial Appointment,2024-06-20,9999-12-31,True
661,EMP0301,Nikhil Tanaka,nikhil.tanaka@presight.ai,HR,Lead Data Engineer,11222.0,5,Active,Initial appointment,2020-08-29,2021-10-12,False
662,EMP0301,Nikhil Tanaka,nikhil.tanaka@presight.ai,HR,Lead Data Engineer,12718.0,5,Active,Retention adjustment,2021-10-12,2022-11-12,False
663,EMP0301,Nikhil Tanaka,nikhil.tanaka@presight.ai,HR,Lead Data Engineer,14439.0,5,Active,Retention adjustment,2022-11-12,2025-04-25,False
664,EMP0301,Nikhil Tanaka,nikhil.tanaka@presight.ai,HR,Lead Data Engineer,19408.0,5,Active,Promoted following review,2025-04-25,9999-12-31,True
665,EMP0302,Camille Pillai,camille.pillai@presight.ai,Operations,Senior Data Engineer,20126.0,6,Active,Hire - Initial Appointment,2020-07-31,9999-12-31,True
666,EMP0303,Eric Rivera,eric.rivera1@presight.ai,Marketing,Brand Manager,27279.0,13,Active,Initial appointment,2014-04-05,2015-02-12,False
667,EMP0303,Eric Rivera,eric.rivera1@presight.ai,Marketing,Brand Manager,29240.0,13,Active,Retention adjustment,2015-02-12,2017-09-10,False
668,EMP0303,Eric Rivera,eric.rivera1@presight.ai,Marketing,Brand Manager,31751.0,13,Active,Project completion bonus integration,2017-09-10,2018-02-07,False
669,EMP0303,Eric Rivera,eric.rivera1@presight.ai,Marketing,Brand Manager,34934.0,13,Active,Cost of living adjustment,2018-02-07,2020-06-09,False
670,EMP0303,Eric Rivera,eric.rivera1@presight.ai,Marketing,Brand Manager,40346.0,13,Active,Retention adjustment,2020-06-09,9999-12-31,True
671,EMP0304,Eric Smith,eric.smith@presight.ai,Engineering,Lead Data Engineer,8208.0,1,Active,Initial appointment,2024-03-22,2024-09-27,False
672,EMP0304,Eric Smith,eric.smith@presight.ai,Engineering,Lead Data Engineer,9276.0,1,Active,Cost of living adjustment,2024-09-27,2025-02-25,False
673,EMP0304,Eric Smith,eric.smith@presight.ai,Engineering,Lead Data Engineer,10175.0,1,Active,Retention adjustment,2025-02-25,2025-05-09,False
674,EMP0304,Eric Smith,eric.smith@presight.ai,Engineering,Lead Data Engineer,13715.0,1,Active,Project completion bonus integration,2025-05-09,9999-12-31,True
675,EMP0305,Eman Najjar,eman.najjar@presight.ai,Legal,Legal Analyst,20140.0,2,Inactive,Hire - Initial Appointment,2023-04-13,9999-12-31,True
676,EMP0306,Omar Al Mansoori,omar.al.mansoori@presight.ai,Sales,Sales Analyst,13853.0,2,Active,Hire - Initial Appointment,2024-03-07,9999-12-31,True
677,EMP0307,Khalifa Al Shamsi,khalifa.al.shamsi@presight.ai,Finance,Finance Manager,14658.0,6,Active,Initial appointment,2020-08-11,2022-11-16,False
678,EMP0307,Khalifa Al Shamsi,khalifa.al.shamsi@presight.ai,Finance,Finance Manager,15857.0,6,Active,Cost of living adjustment,2022-11-16,2024-06-17,False
679,EMP0307,Khalifa Al Shamsi,khalifa.al.shamsi@presight.ai,Finance,Finance Manager,21885.0,6,Active,Promoted following review,2024-06-17,9999-12-31,True
680,EMP0308,Anna Williams,anna.williams@presight.ai,Operations,Supply Chain Analyst,9069.0,1,Active,Initial appointment,2024-03-08,2024-11-29,False
681,EMP0308,Anna Williams,anna.williams@presight.ai,Operations,Supply Chain Analyst,12156.0,1,Active,Project completion bonus integration,2024-11-29,9999-12-31,True
682,EMP0309,Salma Rahman,salma.rahman1@presight.ai,Sales,Account Manager,35491.0,9,Active,Hire - Initial Appointment,2018-01-26,9999-12-31,True
683,EMP0310,Anjali Iyer,anjali.iyer@presight.ai,Procurement,Vendor Manager,15115.0,0,Active,Hire - Initial Appointment,2024-05-09,9999-12-31,True
684,EMP0311,Anjali Kapoor,anjali.kapoor@presight.ai,Legal,Legal Analyst,24328.0,7,Active,Initial appointment,2019-02-24,2024-06-27,False
685,EMP0311,Anjali Kapoor,anjali.kapoor@presight.ai,Legal,Legal Analyst,26267.0,7,Active,Market correction adjustment,2024-06-27,2024-11-03,False
686,EMP0311,Anjali Kapoor,anjali.kapoor@presight.ai,Legal,Legal Analyst,35203.0,7,Active,Annual performance increase,2024-11-03,9999-12-31,True
687,EMP0312,Saif Hamdan,saif.hamdan@presight.ai,Operations,Supply Chain Analyst,18561.0,8,Active,Initial appointment,2018-07-30,2020-06-14,False
688,EMP0312,Saif Hamdan,saif.hamdan@presight.ai,Operations,Supply Chain Analyst,33571.0,8,Active,Project completion bonus integration,2020-06-14,9999-12-31,True
689,EMP0313,Inga Hernandez,inga.hernandez1@presight.ai,Operations,Senior Data Engineer,12729.0,0,Active,Hire - Initial Appointment,2024-09-09,9999-12-31,True
690,EMP0314,Saif Al Rumaithi,saif.al.rumaithi1@presight.ai,Sales,Account Manager,10728.0,5,Active,Initial appointment,2020-02-22,2021-10-17,False
691,EMP0314,Saif Al Rumaithi,saif.al.rumaithi1@presight.ai,Sales,Account Manager,11886.0,5,Active,Project completion bonus integration,2021-10-17,2022-02-14,False
692,EMP0314,Saif Al Rumaithi,saif.al.rumaithi1@presight.ai,Sales,Account Manager,12857.0,5,Active,Cost of living adjustment,2022-02-14,2022-09-26,False
693,EMP0314,Saif Al Rumaithi,saif.al.rumaithi1@presight.ai,Sales,Account Manager,19163.0,5,Active,Annual performance increase,2022-09-26,9999-12-31,True
694,EMP0315,Hanan Yousef,hanan.yousef@presight.ai,Procurement,Procurement Analyst,8931.0,1,Active,Initial appointment,2024-03-28,2025-04-23,False
695,EMP0315,Hanan Yousef,hanan.yousef@presight.ai,Procurement,Procurement Analyst,12079.0,1,Active,Annual performance increase,2025-04-23,9999-12-31,True
696,EMP0316,Arun Joshi,arun.joshi@presight.ai,HR,HR Analyst,15826.0,11,Active,Initial appointment,2015-08-24,2024-02-21,False
697,EMP0316,Arun Joshi,arun.joshi@presight.ai,HR,HR Analyst,18974.0,11,Active,Annual performance increase,2024-02-21,2024-11-08,False
698,EMP0316,Arun Joshi,arun.joshi@presight.ai,HR,HR Analyst,26865.0,11,Active,Retention adjustment,2024-11-08,9999-12-31,True
699,EMP0317,Nadia Najjar,nadia.najjar@presight.ai,IT,DevOps Engineer,13305.0,0,Active,Hire - Initial Appointment,2024-09-04,9999-12-31,True
700,EMP0318,Yasmin Saleh,yasmin.saleh@presight.ai,Engineering,Senior Data Engineer,31834.0,15,Active,Initial appointment,2010-08-02,2016-06-15,False
701,EMP0318,Yasmin Saleh,yasmin.saleh@presight.ai,Engineering,Senior Data Engineer,34660.0,15,Active,Promoted following review,2016-06-15,2017-10-12,False
702,EMP0318,Yasmin Saleh,yasmin.saleh@presight.ai,Engineering,Senior Data Engineer,39790.0,15,Active,Cost of living adjustment,2017-10-12,2020-07-23,False
703,EMP0318,Yasmin Saleh,yasmin.saleh@presight.ai,Engineering,Senior Data Engineer,45914.0,15,Active,Project completion bonus integration,2020-07-23,9999-12-31,True
704,EMP0319,Abdulla Farooq,abdulla.farooq1@presight.ai,HR,Lead Data Engineer,22739.0,6,Active,Hire - Initial Appointment,2019-08-11,9999-12-31,True
705,EMP0320,Meera Kapadia,meera.kapadia@presight.ai,IT,Data Engineer,35041.0,5,Active,Hire - Initial Appointment,2020-03-22,9999-12-31,True
706,EMP0321,Vikram Nambiar,vikram.nambiar@presight.ai,HR,Learning & Development,17412.0,6,Active,Hire - Initial Appointment,2019-07-14,9999-12-31,True
707,EMP0322,Maryam Al Khaja,maryam.al.khaja@presight.ai,Digital,UX Designer,12406.0,2,Active,Initial appointment,2023-07-26,2024-06-07,False
708,EMP0322,Maryam Al Khaja,maryam.al.khaja@presight.ai,Digital,UX Designer,21074.0,2,Active,Project completion bonus integration,2024-06-07,9999-12-31,True
709,EMP0323,Ravi Nair,ravi.nair@presight.ai,Sales,Sales Analyst,22362.0,5,Active,Hire - Initial Appointment,2021-07-06,9999-12-31,True
710,EMP0324,Aaliyah Rahman,aaliyah.rahman@presight.ai,Sales,Account Manager,12834.0,2,Active,Initial appointment,2024-04-23,2025-01-07,False
711,EMP0324,Aaliyah Rahman,aaliyah.rahman@presight.ai,Sales,Account Manager,13991.0,2,Active,Cost of living adjustment,2025-01-07,2025-05-23,False
712,EMP0324,Aaliyah Rahman,aaliyah.rahman@presight.ai,Sales,Account Manager,17934.0,2,Active,Project completion bonus integration,2025-05-23,9999-12-31,True
713,EMP0325,Nina Schmidt,nina.schmidt@presight.ai,Sustainability,Data Analyst,12135.0,3,Active,Initial appointment,2023-03-13,2024-03-23,False
714,EMP0325,Nina Schmidt,nina.schmidt@presight.ai,Sustainability,Data Analyst,14424.0,3,Active,Annual performance increase,2024-03-23,2024-06-02,False
715,EMP0325,Nina Schmidt,nina.schmidt@presight.ai,Sustainability,Data Analyst,16112.0,3,Active,Annual performance increase,2024-06-02,2025-01-01,False
716,EMP0325,Nina Schmidt,nina.schmidt@presight.ai,Sustainability,Data Analyst,16948.0,3,Active,Annual performance increase,2025-01-01,2025-04-08,False
717,EMP0325,Nina Schmidt,nina.schmidt@presight.ai,Sustainability,Data Analyst,17375.0,3,Active,Market correction adjustment,2025-04-08,9999-12-31,True
718,EMP0326,Omar Al Dhaheri,omar.al.dhaheri@presight.ai,Data Science,ML Engineer,41532.0,15,Active,Hire - Initial Appointment,2010-06-26,9999-12-31,True
719,EMP0327,Raj Kumar,raj.kumar@presight.ai,Data Science,ML Engineer,23166.0,7,Active,Initial appointment,2019-01-04,2024-07-08,False
720,EMP0327,Raj Kumar,raj.kumar@presight.ai,Data Science,ML Engineer,25818.0,7,Active,Annual performance increase,2024-07-08,2024-10-12,False
721,EMP0327,Raj Kumar,raj.kumar@presight.ai,Data Science,ML Engineer,32493.0,7,Active,Project completion bonus integration,2024-10-12,9999-12-31,True
722,EMP0328,Aaliyah Khoury,aaliyah.khoury@presight.ai,IT,Cloud Architect,20273.0,6,Active,Initial appointment,2020-06-14,2022-07-12,False
723,EMP0328,Aaliyah Khoury,aaliyah.khoury@presight.ai,IT,Cloud Architect,27103.0,6,Active,Annual performance increase,2022-07-12,9999-12-31,True
724,EMP0329,Kavya Bhatt,kavya.bhatt@presight.ai,Finance,Data Analyst,19409.0,5,Active,Hire - Initial Appointment,2020-03-12,9999-12-31,True
725,EMP0330,Hanan Rahman,hanan.rahman@presight.ai,Procurement,Procurement Analyst,41291.0,11,Active,Hire - Initial Appointment,2016-05-30,9999-12-31,True
726,EMP0331,Carlos Schmidt,carlos.schmidt@presight.ai,Sustainability,Sustainability Analyst,15911.0,10,Active,Initial appointment,2017-09-04,2020-12-19,False
727,EMP0331,Carlos Schmidt,carlos.schmidt@presight.ai,Sustainability,Sustainability Analyst,17773.0,10,Active,Retention adjustment,2020-12-19,2024-05-17,False
728,EMP0331,Carlos Schmidt,carlos.schmidt@presight.ai,Sustainability,Sustainability Analyst,26890.0,10,Active,Promoted following review,2024-05-17,9999-12-31,True
729,EMP0332,Aisha Yousef,aisha.yousef@presight.ai,Engineering,Data Engineer,20120.0,3,Active,Hire - Initial Appointment,2022-01-29,9999-12-31,True
730,EMP0333,Lara Laurent,lara.laurent@presight.ai,Engineering,Lead Data Engineer,28342.0,5,Active,Hire - Initial Appointment,2021-08-20,9999-12-31,True
731,EMP0334,Min Menon,min.menon@presight.ai,Sustainability,Sustainability Analyst,22676.0,2,Active,Hire - Initial Appointment,2024-07-17,9999-12-31,True
732,EMP0335,Rashid Al Mansoori,rashid.al.mansoori@presight.ai,Procurement,Vendor Manager,23799.0,3,Active,Hire - Initial Appointment,2024-07-07,9999-12-31,True
733,EMP0336,Omar Al Shamsi,omar.al.shamsi1@presight.ai,Digital,UX Designer,10088.0,1,Active,Initial appointment,2024-09-20,2025-03-21,False
734,EMP0336,Omar Al Shamsi,omar.al.shamsi1@presight.ai,Digital,UX Designer,13531.0,1,Active,Project completion bonus integration,2025-03-21,9999-12-31,True
735,EMP0337,Mateo Pillai,mateo.pillai@presight.ai,Marketing,Marketing Analyst,22297.0,12,Active,Initial appointment,2015-03-23,2020-01-12,False
736,EMP0337,Mateo Pillai,mateo.pillai@presight.ai,Marketing,Marketing Analyst,25097.0,12,Active,Promoted following review,2020-01-12,2021-11-26,False
737,EMP0337,Mateo Pillai,mateo.pillai@presight.ai,Marketing,Marketing Analyst,30415.0,12,Active,Project completion bonus integration,2021-11-26,9999-12-31,True
738,EMP0338,Reem Hamdan,reem.hamdan@presight.ai,Marketing,Marketing Analyst,17218.0,8,Active,Initial appointment,2017-09-25,2020-09-04,False
739,EMP0338,Reem Hamdan,reem.hamdan@presight.ai,Marketing,Marketing Analyst,19396.0,8,Active,Promoted following review,2020-09-04,2024-04-24,False
740,EMP0338,Reem Hamdan,reem.hamdan@presight.ai,Marketing,Marketing Analyst,20670.0,8,Active,Retention adjustment,2024-04-24,2024-08-15,False
741,EMP0338,Reem Hamdan,reem.hamdan@presight.ai,Marketing,Marketing Analyst,30207.0,8,Active,Annual performance increase,2024-08-15,9999-12-31,True
742,EMP0339,Huda Al Khaja,huda.al.khaja@presight.ai,HR,HR Analyst,12642.0,4,Active,Initial appointment,2022-07-04,2025-05-26,False
743,EMP0339,Huda Al Khaja,huda.al.khaja@presight.ai,HR,HR Analyst,22434.0,4,Active,Project completion bonus integration,2025-05-26,9999-12-31,True
744,EMP0340,Ahmed Al Hashimi,ahmed.al.hashimi@presight.ai,Sales,Sales Analyst,16684.0,6,Active,Initial appointment,2021-05-05,2023-04-29,False
745,EMP0340,Ahmed Al Hashimi,ahmed.al.hashimi@presight.ai,Sales,Sales Analyst,22261.0,6,Active,Annual performance increase,2023-04-29,9999-12-31,True
746,EMP0341,Sophie Rivera,sophie.rivera@presight.ai,Finance,Data Analyst,11044.0,6,Active,Initial appointment,2020-09-21,2021-04-29,False
747,EMP0341,Sophie Rivera,sophie.rivera@presight.ai,Finance,Data Analyst,12728.0,6,Active,Retention adjustment,2021-04-29,2024-06-23,False
748,EMP0341,Sophie Rivera,sophie.rivera@presight.ai,Finance,Data Analyst,17202.0,6,Active,Market correction adjustment,2024-06-23,9999-12-31,True
749,EMP0342,Deepak Mehta,deepak.mehta@presight.ai,Sustainability,Data Analyst,9646.0,0,Active,Initial appointment,2024-02-03,2025-01-29,False
750,EMP0342,Deepak Mehta,deepak.mehta@presight.ai,Sustainability,Data Analyst,10852.0,0,Active,Promoted following review,2025-01-29,2025-05-23,False
751,EMP0342,Deepak Mehta,deepak.mehta@presight.ai,Sustainability,Data Analyst,13371.0,0,Active,Cost of living adjustment,2025-05-23,9999-12-31,True
752,EMP0343,Sanjay Verma,sanjay.verma@presight.ai,Operations,Senior Data Engineer,13423.0,5,Inactive,Initial appointment,2022-02-06,2023-08-27,False
753,EMP0343,Sanjay Verma,sanjay.verma@presight.ai,Operations,Senior Data Engineer,15859.0,5,Inactive,Project completion bonus integration,2023-08-27,2024-03-05,False
754,EMP0343,Sanjay Verma,sanjay.verma@presight.ai,Operations,Senior Data Engineer,23073.0,5,Inactive,Retention adjustment,2024-03-05,9999-12-31,True
755,EMP0344,Karthik Joshi,karthik.joshi@presight.ai,Data Science,BI Developer,10500.0,0,Active,Initial appointment,2024-04-26,2024-12-12,False
756,EMP0344,Karthik Joshi,karthik.joshi@presight.ai,Data Science,BI Developer,12343.0,0,Active,Project completion bonus integration,2024-12-12,2025-02-10,False
757,EMP0344,Karthik Joshi,karthik.joshi@presight.ai,Data Science,BI Developer,14803.0,0,Active,Promoted following review,2025-02-10,2025-03-29,False
758,EMP0344,Karthik Joshi,karthik.joshi@presight.ai,Data Science,BI Developer,14063.0,0,Active,Market correction adjustment,2025-03-29,9999-12-31,True
759,EMP0345,Hanan Al Mansoori,hanan.al.mansoori@presight.ai,Legal,Compliance Analyst,24169.0,6,Active,Initial appointment,2021-01-24,2021-08-10,False
760,EMP0345,Hanan Al Mansoori,hanan.al.mansoori@presight.ai,Legal,Compliance Analyst,35509.0,6,Active,Market correction adjustment,2021-08-10,9999-12-31,True
761,EMP0346,Aisha Farooq,aisha.farooq@presight.ai,Finance,Data Analyst,32170.0,11,Active,Hire - Initial Appointment,2015-01-18,9999-12-31,True
762,EMP0347,Lin Kapoor,lin.kapoor@presight.ai,Sales,Account Manager,12091.0,1,Active,Hire - Initial Appointment,2024-01-22,9999-12-31,True
763,EMP0348,Hamad Al Shamsi,hamad.al.shamsi@presight.ai,Operations,Senior Data Engineer,18011.0,8,Active,Initial appointment,2018-09-21,2022-12-25,False
764,EMP0348,Hamad Al Shamsi,hamad.al.shamsi@presight.ai,Operations,Senior Data Engineer,20546.0,8,Active,Annual performance increase,2022-12-25,2023-04-17,False
765,EMP0348,Hamad Al Shamsi,hamad.al.shamsi@presight.ai,Operations,Senior Data Engineer,22978.0,8,Active,Annual performance increase,2023-04-17,2024-10-09,False
766,EMP0348,Hamad Al Shamsi,hamad.al.shamsi@presight.ai,Operations,Senior Data Engineer,24863.0,8,Active,Market correction adjustment,2024-10-09,2025-01-12,False
767,EMP0348,Hamad Al Shamsi,hamad.al.shamsi@presight.ai,Operations,Senior Data Engineer,30633.0,8,Active,Market correction adjustment,2025-01-12,9999-12-31,True
768,EMP0349,Deepak Verma,deepak.verma@presight.ai,IT,Data Engineer,25891.0,12,Active,Hire - Initial Appointment,2015-02-09,9999-12-31,True
769,EMP0350,Dana Al Bloushi,dana.al.bloushi@presight.ai,HR,Lead Data Engineer,13921.0,0,Active,Hire - Initial Appointment,2024-02-05,9999-12-31,True
770,EMP0351,Nikhil Malik,nikhil.malik@presight.ai,Marketing,Brand Manager,14591.0,3,Active,Hire - Initial Appointment,2022-01-03,9999-12-31,True
771,EMP0352,Sanjay Desai,sanjay.desai@presight.ai,HR,Lead Data Engineer,14716.0,3,Active,Hire - Initial Appointment,2023-08-17,9999-12-31,True
772,EMP0353,Hamad Al Rumaithi,hamad.al.rumaithi1@presight.ai,IT,Cloud Architect,42312.0,18,Active,Hire - Initial Appointment,2007-02-12,9999-12-31,True
773,EMP0354,Priya Kapadia,priya.kapadia1@presight.ai,Marketing,Marketing Analyst,21518.0,4,Active,Hire - Initial Appointment,2023-08-30,9999-12-31,True
774,EMP0355,Aisha Al Naqbi,aisha.al.naqbi@presight.ai,Digital,UX Designer,14414.0,4,Active,Initial appointment,2023-01-06,2024-05-18,False
775,EMP0355,Aisha Al Naqbi,aisha.al.naqbi@presight.ai,Digital,UX Designer,16421.0,4,Active,Annual performance increase,2024-05-18,2025-03-16,False
776,EMP0355,Aisha Al Naqbi,aisha.al.naqbi@presight.ai,Digital,UX Designer,20250.0,4,Active,Cost of living adjustment,2025-03-16,9999-12-31,True
777,EMP0356,Carlos Williams,carlos.williams@presight.ai,Sustainability,Data Analyst,53046.0,5,Active,Initial appointment,2024-09-04,2025-04-11,False
778,EMP0356,Carlos Williams,carlos.williams@presight.ai,Sustainability,Data Analyst,62048.0,5,Active,Market correction adjustment,2025-04-11,2025-04-18,False
779,EMP0356,Carlos Williams,carlos.williams@presight.ai,Sustainability,Data Analyst,67986.0,5,Active,Market correction adjustment,2025-04-18,2025-05-06,False
780,EMP0356,Carlos Williams,carlos.williams@presight.ai,Sustainability,Data Analyst,76507.0,5,Active,Project completion bonus integration,2025-05-06,9999-12-31,True
781,EMP0357,Fatima Al Zaabi,fatima.al.zaabi@presight.ai,Operations,Operations Analyst,12023.0,2,Inactive,Initial appointment,2024-08-28,2025-04-11,False
782,EMP0357,Fatima Al Zaabi,fatima.al.zaabi@presight.ai,Operations,Operations Analyst,13024.0,2,Inactive,Project completion bonus integration,2025-04-11,2025-04-24,False
783,EMP0357,Fatima Al Zaabi,fatima.al.zaabi@presight.ai,Operations,Operations Analyst,14060.0,2,Inactive,Promoted following review,2025-04-24,2025-06-30,False
784,EMP0357,Fatima Al Zaabi,fatima.al.zaabi@presight.ai,Operations,Operations Analyst,16242.0,2,Inactive,Cost of living adjustment,2025-06-30,9999-12-31,True
785,EMP0358,Anika Malik,anika.malik@presight.ai,Sustainability,Sustainability Analyst,17612.0,7,Active,Initial appointment,2019-07-14,2020-08-02,False
786,EMP0358,Anika Malik,anika.malik@presight.ai,Sustainability,Sustainability Analyst,20077.0,7,Active,Annual performance increase,2020-08-02,2021-10-31,False
787,EMP0358,Anika Malik,anika.malik@presight.ai,Sustainability,Sustainability Analyst,29314.0,7,Active,Promoted following review,2021-10-31,9999-12-31,True
788,EMP0359,Fatima Ibrahim,fatima.ibrahim@presight.ai,Operations,Supply Chain Analyst,15046.0,4,Active,Initial appointment,2022-09-04,2023-05-26,False
789,EMP0359,Fatima Ibrahim,fatima.ibrahim@presight.ai,Operations,Supply Chain Analyst,15834.0,4,Active,Annual performance increase,2023-05-26,2023-10-26,False
790,EMP0359,Fatima Ibrahim,fatima.ibrahim@presight.ai,Operations,Supply Chain Analyst,18527.0,4,Active,Annual performance increase,2023-10-26,2023-11-18,False
791,EMP0359,Fatima Ibrahim,fatima.ibrahim@presight.ai,Operations,Supply Chain Analyst,20895.0,4,Active,Project completion bonus integration,2023-11-18,2024-06-03,False
792,EMP0359,Fatima Ibrahim,fatima.ibrahim@presight.ai,Operations,Supply Chain Analyst,23694.0,4,Active,Project completion bonus integration,2024-06-03,9999-12-31,True
793,EMP0360,Abdulla Al Khaja,abdulla.al.khaja@presight.ai,Sustainability,Data Analyst,17388.0,7,Active,Initial appointment,2018-07-06,2020-11-19,False
794,EMP0360,Abdulla Al Khaja,abdulla.al.khaja@presight.ai,Sustainability,Data Analyst,19094.0,7,Active,Project completion bonus integration,2020-11-19,2025-04-03,False
795,EMP0360,Abdulla Al Khaja,abdulla.al.khaja@presight.ai,Sustainability,Data Analyst,27461.0,7,Active,Annual performance increase,2025-04-03,9999-12-31,True
796,EMP0361,Layla Al Hashimi,layla.al.hashimi@presight.ai,Digital,Content Strategist,18149.0,7,Active,Initial appointment,2020-07-30,2022-06-28,False
797,EMP0361,Layla Al Hashimi,layla.al.hashimi@presight.ai,Digital,Content Strategist,19306.0,7,Active,Promoted following review,2022-06-28,2024-10-13,False
798,EMP0361,Layla Al Hashimi,layla.al.hashimi@presight.ai,Digital,Content Strategist,28452.0,7,Active,Project completion bonus integration,2024-10-13,9999-12-31,True
799,EMP0362,Mateo Menon,mateo.menon1@presight.ai,Sustainability,Data Analyst,6906.0,1,Active,Initial appointment,2024-04-02,2025-02-24,False
800,EMP0362,Mateo Menon,mateo.menon1@presight.ai,Sustainability,Data Analyst,8101.0,1,Active,Retention adjustment,2025-02-24,2025-03-21,False
801,EMP0362,Mateo Menon,mateo.menon1@presight.ai,Sustainability,Data Analyst,9356.0,1,Active,Project completion bonus integration,2025-03-21,2025-05-13,False
802,EMP0362,Mateo Menon,mateo.menon1@presight.ai,Sustainability,Data Analyst,12458.0,1,Active,Promoted following review,2025-05-13,9999-12-31,True
803,EMP0363,Anjali Hussain,anjali.hussain1@presight.ai,Finance,Budget Analyst,45359.0,17,Active,Hire - Initial Appointment,2009-09-07,9999-12-31,True
804,EMP0364,Khalid Saleh,khalid.saleh@presight.ai,Sales,Sales Analyst,13192.0,4,Active,Initial appointment,2022-02-05,2023-07-22,False
805,EMP0364,Khalid Saleh,khalid.saleh@presight.ai,Sales,Sales Analyst,22932.0,4,Active,Cost of living adjustment,2023-07-22,9999-12-31,True
806,EMP0365,Nadia Al Naqbi,nadia.al.naqbi@presight.ai,Marketing,Brand Manager,16913.0,0,Active,Hire - Initial Appointment,2024-09-14,9999-12-31,True
807,EMP0366,Ahmed Farooq,ahmed.farooq1@presight.ai,Sales,Account Manager,12274.0,2,Active,Initial appointment,2024-09-28,2025-04-25,False
808,EMP0366,Ahmed Farooq,ahmed.farooq1@presight.ai,Sales,Account Manager,14099.0,2,Active,Market correction adjustment,2025-04-25,2025-05-12,False
809,EMP0366,Ahmed Farooq,ahmed.farooq1@presight.ai,Sales,Account Manager,20034.0,2,Active,Project completion bonus integration,2025-05-12,9999-12-31,True
810,EMP0367,Pooja Murthy,pooja.murthy1@presight.ai,Marketing,Marketing Analyst,23511.0,7,Active,Initial appointment,2019-09-03,2023-07-19,False
811,EMP0367,Pooja Murthy,pooja.murthy1@presight.ai,Marketing,Marketing Analyst,24860.0,7,Active,Market correction adjustment,2023-07-19,2024-08-16,False
812,EMP0367,Pooja Murthy,pooja.murthy1@presight.ai,Marketing,Marketing Analyst,31971.0,7,Active,Project completion bonus integration,2024-08-16,9999-12-31,True
813,EMP0368,Nadia Al Rumaithi,nadia.al.rumaithi@presight.ai,Operations,Senior Data Engineer,6634.0,0,Active,Initial appointment,2024-01-04,2024-09-19,False
814,EMP0368,Nadia Al Rumaithi,nadia.al.rumaithi@presight.ai,Operations,Senior Data Engineer,7413.0,0,Active,Promoted following review,2024-09-19,2025-04-13,False
815,EMP0368,Nadia Al Rumaithi,nadia.al.rumaithi@presight.ai,Operations,Senior Data Engineer,8074.0,0,Active,Promoted following review,2025-04-13,2025-05-16,False
816,EMP0368,Nadia Al Rumaithi,nadia.al.rumaithi@presight.ai,Operations,Senior Data Engineer,12058.0,0,Active,Market correction adjustment,2025-05-16,9999-12-31,True
817,EMP0369,Salma Al Hashimi,salma.al.hashimi@presight.ai,IT,Data Engineer,19077.0,4,Active,Hire - Initial Appointment,2023-08-05,9999-12-31,True
818,EMP0370,Deepak Tanaka,deepak.tanaka@presight.ai,Sustainability,Sustainability Analyst,17050.0,10,Active,Initial appointment,2017-09-06,2020-01-01,False
819,EMP0370,Deepak Tanaka,deepak.tanaka@presight.ai,Sustainability,Sustainability Analyst,19659.0,10,Active,Cost of living adjustment,2020-01-01,2020-02-16,False
820,EMP0370,Deepak Tanaka,deepak.tanaka@presight.ai,Sustainability,Sustainability Analyst,21282.0,10,Active,Market correction adjustment,2020-02-16,2024-03-31,False
821,EMP0370,Deepak Tanaka,deepak.tanaka@presight.ai,Sustainability,Sustainability Analyst,27928.0,10,Active,Market correction adjustment,2024-03-31,9999-12-31,True
822,EMP0371,Pooja Krishnan,pooja.krishnan1@presight.ai,Sales,Sales Analyst,9478.0,1,Active,Initial appointment,2024-04-19,2024-11-16,False
823,EMP0371,Pooja Krishnan,pooja.krishnan1@presight.ai,Sales,Sales Analyst,11063.0,1,Active,Project completion bonus integration,2024-11-16,2025-03-17,False
824,EMP0371,Pooja Krishnan,pooja.krishnan1@presight.ai,Sales,Sales Analyst,15658.0,1,Active,Project completion bonus integration,2025-03-17,9999-12-31,True
825,EMP0372,Kavya Hussain,kavya.hussain@presight.ai,Procurement,Vendor Manager,8950.0,0,Active,Initial appointment,2024-08-29,2025-03-13,False
826,EMP0372,Kavya Hussain,kavya.hussain@presight.ai,Procurement,Vendor Manager,12043.0,0,Active,Market correction adjustment,2025-03-13,9999-12-31,True
827,EMP0373,Hamad Saleh,hamad.saleh@presight.ai,Engineering,Platform Engineer,35059.0,9,Active,Hire - Initial Appointment,2018-01-31,9999-12-31,True
828,EMP0374,Omar Farooq,omar.farooq@presight.ai,Sustainability,Data Analyst,23422.0,6,Active,Hire - Initial Appointment,2021-09-22,9999-12-31,True
829,EMP0375,Hassan Najjar,hassan.najjar2@presight.ai,Engineering,Data Engineer,59041.0,24,Active,Hire - Initial Appointment,2002-07-05,9999-12-31,True
830,EMP0376,Salim Al Khaja,salim.al.khaja@presight.ai,Sustainability,Sustainability Analyst,19846.0,4,Active,Hire - Initial Appointment,2021-04-10,9999-12-31,True
831,EMP0377,Nadia Khoury,nadia.khoury@presight.ai,Data Science,BI Engineer,29821.0,10,Active,Hire - Initial Appointment,2015-09-22,9999-12-31,True
832,EMP0378,Kavya Zhang,kavya.zhang@presight.ai,Legal,Compliance Analyst,19728.0,12,Active,Initial appointment,2015-08-26,2017-12-13,False
833,EMP0378,Kavya Zhang,kavya.zhang@presight.ai,Legal,Compliance Analyst,23081.0,12,Active,Project completion bonus integration,2017-12-13,2021-08-03,False
834,EMP0378,Kavya Zhang,kavya.zhang@presight.ai,Legal,Compliance Analyst,30565.0,12,Active,Cost of living adjustment,2021-08-03,9999-12-31,True
835,EMP0379,Mira Najjar,mira.najjar1@presight.ai,Operations,Operations Analyst,30172.0,11,Active,Hire - Initial Appointment,2015-09-24,9999-12-31,True
836,EMP0380,Hamad Ibrahim,hamad.ibrahim@presight.ai,Sales,Account Manager,17019.0,7,Active,Initial appointment,2019-06-11,2020-06-13,False
837,EMP0380,Hamad Ibrahim,hamad.ibrahim@presight.ai,Sales,Account Manager,17935.0,7,Active,Cost of living adjustment,2020-06-13,2020-08-25,False
838,EMP0380,Hamad Ibrahim,hamad.ibrahim@presight.ai,Sales,Account Manager,19004.0,7,Active,Retention adjustment,2020-08-25,2023-02-16,False
839,EMP0380,Hamad Ibrahim,hamad.ibrahim@presight.ai,Sales,Account Manager,20577.0,7,Active,Market correction adjustment,2023-02-16,2025-03-21,False
840,EMP0380,Hamad Ibrahim,hamad.ibrahim@presight.ai,Sales,Account Manager,26245.0,7,Active,Project completion bonus integration,2025-03-21,9999-12-31,True
841,EMP0381,Omar Hamdan,omar.hamdan1@presight.ai,Procurement,Procurement Analyst,9631.0,1,Active,Initial appointment,2024-04-13,2024-11-18,False
842,EMP0381,Omar Hamdan,omar.hamdan1@presight.ai,Procurement,Procurement Analyst,10593.0,1,Active,Market correction adjustment,2024-11-18,2025-02-24,False
843,EMP0381,Omar Hamdan,omar.hamdan1@presight.ai,Procurement,Procurement Analyst,12596.0,1,Active,Project completion bonus integration,2025-02-24,2025-03-17,False
844,EMP0381,Omar Hamdan,omar.hamdan1@presight.ai,Procurement,Procurement Analyst,13724.0,1,Active,Project completion bonus integration,2025-03-17,2025-04-30,False
845,EMP0381,Omar Hamdan,omar.hamdan1@presight.ai,Procurement,Procurement Analyst,14174.0,1,Active,Retention adjustment,2025-04-30,9999-12-31,True
846,EMP0382,Anika Joshi,anika.joshi1@presight.ai,Sales,Account Manager,32229.0,8,Active,Initial appointment,2019-01-23,2023-05-15,False
847,EMP0382,Anika Joshi,anika.joshi1@presight.ai,Sales,Account Manager,34226.0,8,Active,Retention adjustment,2023-05-15,2023-07-25,False
848,EMP0382,Anika Joshi,anika.joshi1@presight.ai,Sales,Account Manager,40231.0,8,Active,Project completion bonus integration,2023-07-25,2024-09-17,False
849,EMP0382,Anika Joshi,anika.joshi1@presight.ai,Sales,Account Manager,48056.0,8,Active,Cost of living adjustment,2024-09-17,9999-12-31,True
850,EMP0383,Priya Desai,priya.desai@presight.ai,Digital,Senior Data Engineer,8392.0,3,Active,Initial appointment,2022-03-07,2022-12-08,False
851,EMP0383,Priya Desai,priya.desai@presight.ai,Digital,Senior Data Engineer,14295.0,3,Active,Market correction adjustment,2022-12-08,9999-12-31,True
852,EMP0384,Lucas Schmidt,lucas.schmidt@presight.ai,HR,Lead Data Engineer,13814.0,3,Active,Initial appointment,2023-03-03,2024-04-16,False
853,EMP0384,Lucas Schmidt,lucas.schmidt@presight.ai,HR,Lead Data Engineer,14905.0,3,Active,Promoted following review,2024-04-16,2025-06-05,False
854,EMP0384,Lucas Schmidt,lucas.schmidt@presight.ai,HR,Lead Data Engineer,23356.0,3,Active,Retention adjustment,2025-06-05,9999-12-31,True
855,EMP0385,Ibrahim Ibrahim,ibrahim.ibrahim@presight.ai,Marketing,Brand Manager,9773.0,1,Active,Initial appointment,2024-05-14,2025-02-18,False
856,EMP0385,Ibrahim Ibrahim,ibrahim.ibrahim@presight.ai,Marketing,Brand Manager,10663.0,1,Active,Retention adjustment,2025-02-18,2025-05-20,False
857,EMP0385,Ibrahim Ibrahim,ibrahim.ibrahim@presight.ai,Marketing,Brand Manager,14127.0,1,Active,Cost of living adjustment,2025-05-20,9999-12-31,True
858,EMP0386,Khalid Hamdan,khalid.hamdan@presight.ai,Legal,Legal Analyst,19990.0,5,Active,Hire - Initial Appointment,2021-08-19,9999-12-31,True
859,EMP0387,Anika Desai,anika.desai1@presight.ai,Operations,Supply Chain Analyst,17023.0,7,Active,Initial appointment,2020-03-18,2020-10-06,False
860,EMP0387,Anika Desai,anika.desai1@presight.ai,Operations,Supply Chain Analyst,20383.0,7,Active,Cost of living adjustment,2020-10-06,2023-04-25,False
861,EMP0387,Anika Desai,anika.desai1@presight.ai,Operations,Supply Chain Analyst,28212.0,7,Active,Promoted following review,2023-04-25,9999-12-31,True
862,EMP0388,Hanan Hamdan,hanan.hamdan@presight.ai,Finance,Finance Manager,17390.0,5,Active,Hire - Initial Appointment,2020-03-25,9999-12-31,True
863,EMP0389,Anika Zhang,anika.zhang@presight.ai,Procurement,Vendor Manager,14575.0,6,Active,Initial appointment,2021-05-12,2022-03-11,False
864,EMP0389,Anika Zhang,anika.zhang@presight.ai,Procurement,Vendor Manager,19951.0,6,Active,Market correction adjustment,2022-03-11,9999-12-31,True
865,EMP0390,Ravi Chen,ravi.chen@presight.ai,Marketing,Marketing Analyst,29663.0,10,Active,Hire - Initial Appointment,2016-09-20,9999-12-31,True
866,EMP0391,Aisha Mahmoud,aisha.mahmoud@presight.ai,Sales,Sales Analyst,48495.0,13,Active,Hire - Initial Appointment,2013-07-29,9999-12-31,True
867,EMP0392,Aisha Rahman,aisha.rahman1@presight.ai,Finance,Finance Director,17142.0,12,Active,Initial appointment,2014-09-26,2017-06-09,False
868,EMP0392,Aisha Rahman,aisha.rahman1@presight.ai,Finance,Finance Director,19136.0,12,Active,Market correction adjustment,2017-06-09,2019-10-13,False
869,EMP0392,Aisha Rahman,aisha.rahman1@presight.ai,Finance,Finance Director,22912.0,12,Active,Cost of living adjustment,2019-10-13,2023-08-07,False
870,EMP0392,Aisha Rahman,aisha.rahman1@presight.ai,Finance,Finance Director,29444.0,12,Active,Annual performance increase,2023-08-07,9999-12-31,True
871,EMP0393,Hassan Farooq,hassan.farooq1@presight.ai,Finance,Financial Analyst,26834.0,10,Active,Initial appointment,2016-02-24,2024-02-21,False
872,EMP0393,Hassan Farooq,hassan.farooq1@presight.ai,Finance,Financial Analyst,41450.0,10,Active,Market correction adjustment,2024-02-21,9999-12-31,True
873,EMP0394,Mohammed Ibrahim,mohammed.ibrahim@presight.ai,Sustainability,Data Analyst,26702.0,9,Active,Hire - Initial Appointment,2018-03-22,9999-12-31,True
874,EMP0395,Hassan Al Shamsi,hassan.al.shamsi@presight.ai,Digital,Product Manager,33630.0,7,Active,Hire - Initial Appointment,2020-01-01,9999-12-31,True
875,EMP0396,Roshan Patel,roshan.patel@presight.ai,Finance,Budget Analyst,22714.0,6,Active,Hire - Initial Appointment,2019-08-23,9999-12-31,True
876,EMP0397,Reem Al Zaabi,reem.al.zaabi@presight.ai,Digital,UX Designer,20619.0,4,Inactive,Hire - Initial Appointment,2022-07-31,9999-12-31,True
877,EMP0398,Bilal Al Zaabi,bilal.al.zaabi@presight.ai,Finance,Financial Analyst,22634.0,5,Active,Hire - Initial Appointment,2021-06-03,9999-12-31,True
878,EMP0399,Anjali Patel,anjali.patel@presight.ai,HR,Lead Data Engineer,15580.0,3,Active,Hire - Initial Appointment,2022-03-25,9999-12-31,True
879,EMP0400,Fatima Al Khaja,fatima.al.khaja@presight.ai,Legal,Legal Analyst,17810.0,9,Active,Initial appointment,2017-04-08,2020-07-17,False
880,EMP0400,Fatima Al Khaja,fatima.al.khaja@presight.ai,Legal,Legal Analyst,18751.0,9,Active,Promoted following review,2020-07-17,2020-09-13,False
881,EMP0400,Fatima Al Khaja,fatima.al.khaja@presight.ai,Legal,Legal Analyst,19871.0,9,Active,Annual performance increase,2020-09-13,2021-08-22,False
882,EMP0400,Fatima Al Khaja,fatima.al.khaja@presight.ai,Legal,Legal Analyst,29664.0,9,Active,Annual performance increase,2021-08-22,9999-12-31,True
883,EMP0401,Ravi Zhang,ravi.zhang@presight.ai,Finance,Finance Director,28076.0,10,Inactive,Hire - Initial Appointment,2015-03-21,9999-12-31,True
884,EMP0402,Nina Eriksson,nina.eriksson@presight.ai,IT,DevOps Engineer,16688.0,6,Active,Initial appointment,2019-01-09,2020-05-11,False
885,EMP0402,Nina Eriksson,nina.eriksson@presight.ai,IT,DevOps Engineer,28814.0,6,Active,Retention adjustment,2020-05-11,9999-12-31,True
886,EMP0403,Hiroshi Murthy,hiroshi.murthy@presight.ai,Digital,UX Designer,17172.0,6,Active,Initial appointment,2019-01-30,2022-07-30,False
887,EMP0403,Hiroshi Murthy,hiroshi.murthy@presight.ai,Digital,UX Designer,19144.0,6,Active,Retention adjustment,2022-07-30,2023-01-31,False
888,EMP0403,Hiroshi Murthy,hiroshi.murthy@presight.ai,Digital,UX Designer,22061.0,6,Active,Retention adjustment,2023-01-31,2024-03-30,False
889,EMP0403,Hiroshi Murthy,hiroshi.murthy@presight.ai,Digital,UX Designer,30410.0,6,Active,Market correction adjustment,2024-03-30,9999-12-31,True
890,EMP0404,Omar Al Rumaithi,omar.al.rumaithi@presight.ai,Legal,Compliance Analyst,18916.0,11,Active,Initial appointment,2015-05-09,2021-01-28,False
891,EMP0404,Omar Al Rumaithi,omar.al.rumaithi@presight.ai,Legal,Compliance Analyst,29078.0,11,Active,Project completion bonus integration,2021-01-28,9999-12-31,True
892,EMP0405,Anika Reddy,anika.reddy1@presight.ai,Sales,Account Manager,62750.0,22,Active,Hire - Initial Appointment,2004-06-19,9999-12-31,True
893,EMP0406,Sophie Eriksson,sophie.eriksson@presight.ai,Digital,Product Manager,22616.0,5,Active,Initial appointment,2022-04-22,2023-09-16,False
894,EMP0406,Sophie Eriksson,sophie.eriksson@presight.ai,Digital,Product Manager,30905.0,5,Active,Retention adjustment,2023-09-16,9999-12-31,True
895,EMP0407,Mariam Saeed,mariam.saeed@presight.ai,Data Science,Senior Data Analyst,17073.0,2,Active,Hire - Initial Appointment,2024-08-31,9999-12-31,True
896,EMP0408,Adam Hamdan,adam.hamdan@presight.ai,Data Science,Data Scientist,26219.0,5,Active,Initial appointment,2020-07-02,2022-04-11,False
897,EMP0408,Adam Hamdan,adam.hamdan@presight.ai,Data Science,Data Scientist,30393.0,5,Active,Promoted following review,2022-04-11,2024-08-06,False
898,EMP0408,Adam Hamdan,adam.hamdan@presight.ai,Data Science,Data Scientist,35242.0,5,Active,Market correction adjustment,2024-08-06,9999-12-31,True
899,EMP0409,Dana Al Mazrouei,dana.al.mazrouei@presight.ai,HR,Lead Data Engineer,61380.0,24,Active,Hire - Initial Appointment,2002-04-14,9999-12-31,True
900,EMP0410,Khalifa Hamdan,khalifa.hamdan@presight.ai,Procurement,Vendor Manager,21446.0,5,Active,Hire - Initial Appointment,2020-04-06,9999-12-31,True
901,EMP0411,Adam Al Khaja,adam.al.khaja2@presight.ai,Sustainability,Sustainability Analyst,14157.0,2,Active,Hire - Initial Appointment,2024-01-01,9999-12-31,True
902,EMP0412,Mohammed Saleh,mohammed.saleh1@presight.ai,HR,HR Analyst,21345.0,6,Active,Initial appointment,2021-07-18,2023-01-07,False
903,EMP0412,Mohammed Saleh,mohammed.saleh1@presight.ai,HR,HR Analyst,24794.0,6,Active,Promoted following review,2023-01-07,2023-09-07,False
904,EMP0412,Mohammed Saleh,mohammed.saleh1@presight.ai,HR,HR Analyst,30254.0,6,Active,Market correction adjustment,2023-09-07,9999-12-31,True
905,EMP0413,Ravi Kapoor,ravi.kapoor@presight.ai,HR,Learning & Development,10932.0,2,Active,Initial appointment,2024-02-04,2024-09-19,False
906,EMP0413,Ravi Kapoor,ravi.kapoor@presight.ai,HR,Learning & Development,13058.0,2,Active,Cost of living adjustment,2024-09-19,2024-11-25,False
907,EMP0413,Ravi Kapoor,ravi.kapoor@presight.ai,HR,Learning & Development,14428.0,2,Active,Cost of living adjustment,2024-11-25,2025-01-07,False
908,EMP0413,Ravi Kapoor,ravi.kapoor@presight.ai,HR,Learning & Development,16567.0,2,Active,Project completion bonus integration,2025-01-07,2025-04-24,False
909,EMP0413,Ravi Kapoor,ravi.kapoor@presight.ai,HR,Learning & Development,17904.0,2,Active,Promoted following review,2025-04-24,9999-12-31,True
910,EMP0414,Deepak Verma,deepak.verma1@presight.ai,Digital,UX Designer,11348.0,3,Active,Initial appointment,2024-09-07,2025-03-25,False
911,EMP0414,Deepak Verma,deepak.verma1@presight.ai,Digital,UX Designer,13346.0,3,Active,Annual performance increase,2025-03-25,2025-05-19,False
912,EMP0414,Deepak Verma,deepak.verma1@presight.ai,Digital,UX Designer,16677.0,3,Active,Cost of living adjustment,2025-05-19,9999-12-31,True
913,EMP0415,Abdulla Saleh,abdulla.saleh@presight.ai,Procurement,Procurement Analyst,16025.0,0,Active,Hire - Initial Appointment,2024-02-01,9999-12-31,True
914,EMP0416,Salma Rahman,salma.rahman2@presight.ai,Engineering,Lead Data Engineer,22521.0,5,Active,Initial appointment,2022-02-06,2023-08-22,False
915,EMP0416,Salma Rahman,salma.rahman2@presight.ai,Engineering,Lead Data Engineer,26916.0,5,Active,Promoted following review,2023-08-22,2024-06-02,False
916,EMP0416,Salma Rahman,salma.rahman2@presight.ai,Engineering,Lead Data Engineer,30071.0,5,Active,Cost of living adjustment,2024-06-02,2025-04-21,False
917,EMP0416,Salma Rahman,salma.rahman2@presight.ai,Engineering,Lead Data Engineer,33667.0,5,Active,Market correction adjustment,2025-04-21,9999-12-31,True
918,EMP0417,Saif Al Mazrouei,saif.al.mazrouei@presight.ai,Sustainability,Data Analyst,21310.0,3,Active,Hire - Initial Appointment,2024-04-01,9999-12-31,True
919,EMP0418,Yasmin Farooq,yasmin.farooq@presight.ai,Digital,Content Strategist,17650.0,7,Active,Initial appointment,2018-07-26,2020-01-21,False
920,EMP0418,Yasmin Farooq,yasmin.farooq@presight.ai,Digital,Content Strategist,18659.0,7,Active,Retention adjustment,2020-01-21,2020-02-13,False
921,EMP0418,Yasmin Farooq,yasmin.farooq@presight.ai,Digital,Content Strategist,21664.0,7,Active,Market correction adjustment,2020-02-13,2021-09-03,False
922,EMP0418,Yasmin Farooq,yasmin.farooq@presight.ai,Digital,Content Strategist,26705.0,7,Active,Annual performance increase,2021-09-03,9999-12-31,True
923,EMP0419,Paolo Hernandez,paolo.hernandez@presight.ai,HR,Learning & Development,31090.0,11,Active,Hire - Initial Appointment,2016-08-10,9999-12-31,True
924,EMP0420,Mira Mansour,mira.mansour@presight.ai,Procurement,Vendor Manager,12832.0,5,Active,Initial appointment,2020-01-19,2020-08-02,False
925,EMP0420,Mira Mansour,mira.mansour@presight.ai,Procurement,Vendor Manager,14112.0,5,Active,Cost of living adjustment,2020-08-02,2021-12-04,False
926,EMP0420,Mira Mansour,mira.mansour@presight.ai,Procurement,Vendor Manager,15784.0,5,Active,Cost of living adjustment,2021-12-04,2023-03-11,False
927,EMP0420,Mira Mansour,mira.mansour@presight.ai,Procurement,Vendor Manager,16585.0,5,Active,Project completion bonus integration,2023-03-11,2024-03-26,False
928,EMP0420,Mira Mansour,mira.mansour@presight.ai,Procurement,Vendor Manager,20665.0,5,Active,Project completion bonus integration,2024-03-26,9999-12-31,True
929,EMP0421,Nina Okonkwo,nina.okonkwo@presight.ai,Finance,Budget Analyst,40032.0,12,Active,Initial appointment,2015-05-24,2018-03-30,False
930,EMP0421,Nina Okonkwo,nina.okonkwo@presight.ai,Finance,Budget Analyst,46412.0,12,Active,Project completion bonus integration,2018-03-30,2021-10-13,False
931,EMP0421,Nina Okonkwo,nina.okonkwo@presight.ai,Finance,Budget Analyst,60318.0,12,Active,Project completion bonus integration,2021-10-13,9999-12-31,True
932,EMP0422,Anika Iyer,anika.iyer@presight.ai,Digital,Product Manager,19170.0,4,Active,Hire - Initial Appointment,2023-05-08,9999-12-31,True
933,EMP0423,Priya Chen,priya.chen4@presight.ai,Procurement,Vendor Manager,15952.0,1,Inactive,Hire - Initial Appointment,2024-02-18,9999-12-31,True
934,EMP0424,Pooja Joshi,pooja.joshi@presight.ai,Engineering,Lead Data Engineer,43700.0,14,Active,Hire - Initial Appointment,2012-03-05,9999-12-31,True
935,EMP0425,Anjali Menon,anjali.menon@presight.ai,Sales,Account Manager,14298.0,2,Active,Initial appointment,2024-03-17,2025-03-29,False
936,EMP0425,Anjali Menon,anjali.menon@presight.ai,Sales,Account Manager,16846.0,2,Active,Retention adjustment,2025-03-29,2025-06-29,False
937,EMP0425,Anjali Menon,anjali.menon@presight.ai,Sales,Account Manager,21295.0,2,Active,Annual performance increase,2025-06-29,9999-12-31,True
938,EMP0426,Huda Mahmoud,huda.mahmoud@presight.ai,Marketing,Marketing Analyst,17270.0,11,Active,Initial appointment,2015-07-23,2018-06-25,False
939,EMP0426,Huda Mahmoud,huda.mahmoud@presight.ai,Marketing,Marketing Analyst,18264.0,11,Active,Retention adjustment,2018-06-25,2021-10-09,False
940,EMP0426,Huda Mahmoud,huda.mahmoud@presight.ai,Marketing,Marketing Analyst,19765.0,11,Active,Cost of living adjustment,2021-10-09,2022-11-27,False
941,EMP0426,Huda Mahmoud,huda.mahmoud@presight.ai,Marketing,Marketing Analyst,21542.0,11,Active,Annual performance increase,2022-11-27,2023-03-15,False
942,EMP0426,Huda Mahmoud,huda.mahmoud@presight.ai,Marketing,Marketing Analyst,28638.0,11,Active,Promoted following review,2023-03-15,9999-12-31,True
943,EMP0427,Karthik Patel,karthik.patel@presight.ai,Legal,Legal Analyst,21110.0,5,Active,Hire - Initial Appointment,2022-03-08,9999-12-31,True
944,EMP0428,Omar Mansour,omar.mansour@presight.ai,Marketing,Marketing Analyst,43330.0,13,Active,Initial appointment,2013-08-11,2020-02-23,False
945,EMP0428,Omar Mansour,omar.mansour@presight.ai,Marketing,Marketing Analyst,49639.0,13,Active,Retention adjustment,2020-02-23,2023-02-02,False
946,EMP0428,Omar Mansour,omar.mansour@presight.ai,Marketing,Marketing Analyst,57940.0,13,Active,Cost of living adjustment,2023-02-02,9999-12-31,True
947,EMP0429,Nadia Yousef,nadia.yousef@presight.ai,HR,Learning & Development,13820.0,6,Active,Initial appointment,2021-01-13,2022-03-12,False
948,EMP0429,Nadia Yousef,nadia.yousef@presight.ai,HR,Learning & Development,15036.0,6,Active,Promoted following review,2022-03-12,2025-06-24,False
949,EMP0429,Nadia Yousef,nadia.yousef@presight.ai,HR,Learning & Development,19822.0,6,Active,Market correction adjustment,2025-06-24,9999-12-31,True
950,EMP0430,Roshan Nair,roshan.nair@presight.ai,IT,Cloud Architect,18635.0,4,Active,Hire - Initial Appointment,2021-02-13,9999-12-31,True
951,EMP0431,Mateo Kapoor,mateo.kapoor@presight.ai,Engineering,Data Engineer,19499.0,5,Active,Hire - Initial Appointment,2021-01-12,9999-12-31,True
952,EMP0432,Fatima Mansour,fatima.mansour@presight.ai,Digital,Product Manager,35948.0,5,Active,Hire - Initial Appointment,2021-09-27,9999-12-31,True
953,EMP0433,Mariam Al Suwaidi,mariam.al.suwaidi@presight.ai,Digital,UX Designer,18034.0,11,Active,Initial appointment,2016-05-20,2018-01-17,False
954,EMP0433,Mariam Al Suwaidi,mariam.al.suwaidi@presight.ai,Digital,UX Designer,21414.0,11,Active,Annual performance increase,2018-01-17,2018-06-13,False
955,EMP0433,Mariam Al Suwaidi,mariam.al.suwaidi@presight.ai,Digital,UX Designer,23309.0,11,Active,Cost of living adjustment,2018-06-13,2024-02-22,False
956,EMP0433,Mariam Al Suwaidi,mariam.al.suwaidi@presight.ai,Digital,UX Designer,26091.0,11,Active,Retention adjustment,2024-02-22,9999-12-31,True
957,EMP0434,Anjali Kapoor,anjali.kapoor1@presight.ai,Sales,Account Manager,13569.0,2,Active,Initial appointment,2024-09-05,2025-03-08,False
958,EMP0434,Anjali Kapoor,anjali.kapoor1@presight.ai,Sales,Account Manager,16061.0,2,Active,Promoted following review,2025-03-08,2025-03-13,False
959,EMP0434,Anjali Kapoor,anjali.kapoor1@presight.ai,Sales,Account Manager,21165.0,2,Active,Retention adjustment,2025-03-13,9999-12-31,True
960,EMP0435,Noura Mansour,noura.mansour@presight.ai,Procurement,Procurement Analyst,16336.0,2,Inactive,Hire - Initial Appointment,2024-09-07,9999-12-31,True
961,EMP0436,Aakash Menon,aakash.menon@presight.ai,Finance,Finance Manager,13779.0,2,Active,Initial appointment,2024-05-11,2025-03-23,False
962,EMP0436,Aakash Menon,aakash.menon@presight.ai,Finance,Finance Manager,15954.0,2,Active,Promoted following review,2025-03-23,2025-05-20,False
963,EMP0436,Aakash Menon,aakash.menon@presight.ai,Finance,Finance Manager,18217.0,2,Active,Project completion bonus integration,2025-05-20,2025-06-10,False
964,EMP0436,Aakash Menon,aakash.menon@presight.ai,Finance,Finance Manager,19259.0,2,Active,Retention adjustment,2025-06-10,9999-12-31,True
965,EMP0437,Mariam Al Mazrouei,mariam.al.mazrouei@presight.ai,IT,IT Manager,14219.0,3,Active,Initial appointment,2022-07-15,2023-07-01,False
966,EMP0437,Mariam Al Mazrouei,mariam.al.mazrouei@presight.ai,IT,IT Manager,15901.0,3,Active,Annual performance increase,2023-07-01,2025-02-13,False
967,EMP0437,Mariam Al Mazrouei,mariam.al.mazrouei@presight.ai,IT,IT Manager,22381.0,3,Active,Promoted following review,2025-02-13,9999-12-31,True
968,EMP0438,Min Tanaka,min.tanaka@presight.ai,Operations,Supply Chain Analyst,30118.0,10,Active,Hire - Initial Appointment,2016-03-10,9999-12-31,True
969,EMP0439,Deepak Krishnan,deepak.krishnan@presight.ai,Finance,Finance Manager,27215.0,11,Active,Hire - Initial Appointment,2014-03-24,9999-12-31,True
970,EMP0440,Rohan Mehta,rohan.mehta@presight.ai,IT,Network Engineer,19067.0,11,Active,Initial appointment,2015-08-17,2020-04-08,False
971,EMP0440,Rohan Mehta,rohan.mehta@presight.ai,IT,Network Engineer,31783.0,11,Active,Cost of living adjustment,2020-04-08,9999-12-31,True
972,EMP0441,Lara Laurent,lara.laurent1@presight.ai,Operations,Operations Analyst,7959.0,2,Active,Initial appointment,2024-04-28,2024-12-13,False
973,EMP0441,Lara Laurent,lara.laurent1@presight.ai,Operations,Operations Analyst,8991.0,2,Active,Project completion bonus integration,2024-12-13,2025-03-07,False
974,EMP0441,Lara Laurent,lara.laurent1@presight.ai,Operations,Operations Analyst,12214.0,2,Active,Cost of living adjustment,2025-03-07,9999-12-31,True
975,EMP0442,Aaliyah Al Naqbi,aaliyah.al.naqbi@presight.ai,Sustainability,Sustainability Analyst,25037.0,10,Active,Initial appointment,2015-07-20,2022-08-12,False
976,EMP0442,Aaliyah Al Naqbi,aaliyah.al.naqbi@presight.ai,Sustainability,Sustainability Analyst,35642.0,10,Active,Retention adjustment,2022-08-12,9999-12-31,True
977,EMP0443,Nadia Al Mansoori,nadia.al.mansoori@presight.ai,Finance,Budget Analyst,36706.0,11,Active,Initial appointment,2014-02-05,2016-07-29,False
978,EMP0443,Nadia Al Mansoori,nadia.al.mansoori@presight.ai,Finance,Budget Analyst,48999.0,11,Active,Promoted following review,2016-07-29,9999-12-31,True
979,EMP0444,Hiroshi Malik,hiroshi.malik1@presight.ai,HR,HR Analyst,45005.0,14,Active,Hire - Initial Appointment,2011-07-17,9999-12-31,True
980,EMP0445,Ravi Patel,ravi.patel@presight.ai,Sustainability,Data Analyst,22412.0,5,Active,Initial appointment,2020-08-22,2023-03-26,False
981,EMP0445,Ravi Patel,ravi.patel@presight.ai,Sustainability,Data Analyst,25731.0,5,Active,Project completion bonus integration,2023-03-26,2023-04-18,False
982,EMP0445,Ravi Patel,ravi.patel@presight.ai,Sustainability,Data Analyst,28014.0,5,Active,Annual performance increase,2023-04-18,2024-08-01,False
983,EMP0445,Ravi Patel,ravi.patel@presight.ai,Sustainability,Data Analyst,31425.0,5,Active,Cost of living adjustment,2024-08-01,2024-11-04,False
984,EMP0445,Ravi Patel,ravi.patel@presight.ai,Sustainability,Data Analyst,33530.0,5,Active,Project completion bonus integration,2024-11-04,9999-12-31,True
985,EMP0446,Khalifa Mansour,khalifa.mansour@presight.ai,Legal,Compliance Analyst,18555.0,4,Active,Hire - Initial Appointment,2022-07-23,9999-12-31,True
986,EMP0447,Aisha Saleh,aisha.saleh@presight.ai,Engineering,Senior Data Engineer,32595.0,12,Active,Hire - Initial Appointment,2013-09-16,9999-12-31,True
987,EMP0448,Lin Krishnan,lin.krishnan@presight.ai,Legal,Legal Analyst,12474.0,3,Active,Initial appointment,2023-04-14,2023-10-16,False
988,EMP0448,Lin Krishnan,lin.krishnan@presight.ai,Legal,Legal Analyst,14201.0,3,Active,Retention adjustment,2023-10-16,2023-12-05,False
989,EMP0448,Lin Krishnan,lin.krishnan@presight.ai,Legal,Legal Analyst,15766.0,3,Active,Cost of living adjustment,2023-12-05,2024-11-07,False
990,EMP0448,Lin Krishnan,lin.krishnan@presight.ai,Legal,Legal Analyst,17204.0,3,Active,Project completion bonus integration,2024-11-07,9999-12-31,True
991,EMP0449,Kavya Pillai,kavya.pillai@presight.ai,Procurement,Procurement Analyst,17806.0,12,Active,Initial appointment,2015-07-07,2024-06-21,False
992,EMP0449,Kavya Pillai,kavya.pillai@presight.ai,Procurement,Procurement Analyst,18707.0,12,Active,Project completion bonus integration,2024-06-21,2025-06-08,False
993,EMP0449,Kavya Pillai,kavya.pillai@presight.ai,Procurement,Procurement Analyst,26870.0,12,Active,Annual performance increase,2025-06-08,9999-12-31,True
994,EMP0450,Wei Nair,wei.nair@presight.ai,IT,IT Manager,17359.0,3,Active,Hire - Initial Appointment,2023-03-18,9999-12-31,True
995,EMP0451,Sanjay Kapoor,sanjay.kapoor@presight.ai,Finance,Finance Director,20865.0,7,Active,Initial appointment,2018-03-10,2018-11-15,False
996,EMP0451,Sanjay Kapoor,sanjay.kapoor@presight.ai,Finance,Finance Director,24980.0,7,Active,Promoted following review,2018-11-15,2018-11-28,False
997,EMP0451,Sanjay Kapoor,sanjay.kapoor@presight.ai,Finance,Finance Director,27385.0,7,Active,Annual performance increase,2018-11-28,2022-01-07,False
998,EMP0451,Sanjay Kapoor,sanjay.kapoor@presight.ai,Finance,Finance Director,31082.0,7,Active,Cost of living adjustment,2022-01-07,2023-07-16,False
999,EMP0451,Sanjay Kapoor,sanjay.kapoor@presight.ai,Finance,Finance Director,29731.0,7,Active,Cost of living adjustment,2023-07-16,9999-12-31,True
1000,EMP0452,Dana Hamdan,dana.hamdan1@presight.ai,Sustainability,Sustainability Analyst,28897.0,8,Active,Hire - Initial Appointment,2019-09-02,9999-12-31,True
1001,EMP0453,Min Patel,min.patel@presight.ai,Finance,Finance Manager,16624.0,5,Inactive,Initial appointment,2020-03-17,2024-01-05,False
1002,EMP0453,Min Patel,min.patel@presight.ai,Finance,Finance Manager,18671.0,5,Inactive,Cost of living adjustment,2024-01-05,2024-03-16,False
1003,EMP0453,Min Patel,min.patel@presight.ai,Finance,Finance Manager,28401.0,5,Inactive,Promoted following review,2024-03-16,9999-12-31,True
1004,EMP0454,Raj Kumar,raj.kumar1@presight.ai,Marketing,Marketing Analyst,17401.0,2,Active,Hire - Initial Appointment,2024-04-01,9999-12-31,True
1005,EMP0455,Ravi Kumar,ravi.kumar@presight.ai,Sustainability,Sustainability Analyst,10933.0,2,Active,Initial appointment,2023-02-17,2024-09-02,False
1006,EMP0455,Ravi Kumar,ravi.kumar@presight.ai,Sustainability,Sustainability Analyst,16742.0,2,Active,Cost of living adjustment,2024-09-02,9999-12-31,True
1007,EMP0456,Salim Yousef,salim.yousef@presight.ai,Sustainability,Sustainability Analyst,7748.0,0,Active,Initial appointment,2024-05-20,2024-11-17,False
1008,EMP0456,Salim Yousef,salim.yousef@presight.ai,Sustainability,Sustainability Analyst,9178.0,0,Active,Annual performance increase,2024-11-17,2025-01-21,False
1009,EMP0456,Salim Yousef,salim.yousef@presight.ai,Sustainability,Sustainability Analyst,10891.0,0,Active,Cost of living adjustment,2025-01-21,2025-06-30,False
1010,EMP0456,Salim Yousef,salim.yousef@presight.ai,Sustainability,Sustainability Analyst,13102.0,0,Active,Cost of living adjustment,2025-06-30,9999-12-31,True
1011,EMP0457,Ravi Iyer,ravi.iyer@presight.ai,Data Science,BI Specialist,33666.0,6,Active,Hire - Initial Appointment,2020-05-28,9999-12-31,True
1012,EMP0458,Yasmin Al Naqbi,yasmin.al.naqbi@presight.ai,Marketing,Brand Manager,18667.0,7,Active,Initial appointment,2020-04-30,2024-01-12,False
1013,EMP0458,Yasmin Al Naqbi,yasmin.al.naqbi@presight.ai,Marketing,Brand Manager,21993.0,7,Active,Promoted following review,2024-01-12,2024-12-08,False
1014,EMP0458,Yasmin Al Naqbi,yasmin.al.naqbi@presight.ai,Marketing,Brand Manager,33069.0,7,Active,Market correction adjustment,2024-12-08,9999-12-31,True
1015,EMP0459,Noura Najjar,noura.najjar1@presight.ai,Data Science,Senior Data Analyst,35081.0,11,Active,Hire - Initial Appointment,2015-01-26,9999-12-31,True
1016,EMP0460,Omar Rahman,omar.rahman@presight.ai,Finance,Financial Analyst,12371.0,4,Active,Initial appointment,2023-06-15,2024-09-08,False
1017,EMP0460,Omar Rahman,omar.rahman@presight.ai,Finance,Financial Analyst,19521.0,4,Active,Market correction adjustment,2024-09-08,9999-12-31,True
1018,EMP0461,Mohammed Al Marri,mohammed.al.marri@presight.ai,Operations,Supply Chain Analyst,22508.0,5,Active,Hire - Initial Appointment,2021-01-19,9999-12-31,True
1019,EMP0462,Layla Mahmoud,layla.mahmoud@presight.ai,Legal,Compliance Analyst,25960.0,12,Active,Initial appointment,2015-06-13,2015-12-31,False
1020,EMP0462,Layla Mahmoud,layla.mahmoud@presight.ai,Legal,Compliance Analyst,30518.0,12,Active,Project completion bonus integration,2015-12-31,2017-12-01,False
1021,EMP0462,Layla Mahmoud,layla.mahmoud@presight.ai,Legal,Compliance Analyst,32080.0,12,Active,Project completion bonus integration,2017-12-01,2021-08-28,False
1022,EMP0462,Layla Mahmoud,layla.mahmoud@presight.ai,Legal,Compliance Analyst,46537.0,12,Active,Retention adjustment,2021-08-28,9999-12-31,True
1023,EMP0463,Aakash Joshi,aakash.joshi@presight.ai,IT,DevOps Engineer,13915.0,5,Active,Initial appointment,2022-03-26,2023-08-11,False
1024,EMP0463,Aakash Joshi,aakash.joshi@presight.ai,IT,DevOps Engineer,16604.0,5,Active,Retention adjustment,2023-08-11,2024-03-05,False
1025,EMP0463,Aakash Joshi,aakash.joshi@presight.ai,IT,DevOps Engineer,18243.0,5,Active,Promoted following review,2024-03-05,2024-07-07,False
1026,EMP0463,Aakash Joshi,aakash.joshi@presight.ai,IT,DevOps Engineer,19778.0,5,Active,Market correction adjustment,2024-07-07,9999-12-31,True
1027,EMP0464,Reem Rahman,reem.rahman@presight.ai,HR,Learning & Development,17794.0,6,Active,Initial appointment,2020-05-02,2020-12-12,False
1028,EMP0464,Reem Rahman,reem.rahman@presight.ai,HR,Learning & Development,20293.0,6,Active,Cost of living adjustment,2020-12-12,2024-11-07,False
1029,EMP0464,Reem Rahman,reem.rahman@presight.ai,HR,Learning & Development,31780.0,6,Active,Project completion bonus integration,2024-11-07,9999-12-31,True
1030,EMP0465,Reem Al Marri,reem.al.marri@presight.ai,Data Science,Data Analyst,13535.0,3,Active,Initial appointment,2022-08-16,2023-04-27,False
1031,EMP0465,Reem Al Marri,reem.al.marri@presight.ai,Data Science,Data Analyst,14231.0,3,Active,Market correction adjustment,2023-04-27,2024-08-24,False
1032,EMP0465,Reem Al Marri,reem.al.marri@presight.ai,Data Science,Data Analyst,16988.0,3,Active,Promoted following review,2024-08-24,2025-01-18,False
1033,EMP0465,Reem Al Marri,reem.al.marri@presight.ai,Data Science,Data Analyst,23371.0,3,Active,Project completion bonus integration,2025-01-18,9999-12-31,True
1034,EMP0466,Omar Al Bloushi,omar.al.bloushi@presight.ai,Digital,Senior Data Engineer,19846.0,10,Active,Initial appointment,2015-02-22,2020-07-09,False
1035,EMP0466,Omar Al Bloushi,omar.al.bloushi@presight.ai,Digital,Senior Data Engineer,20870.0,10,Active,Retention adjustment,2020-07-09,2025-04-10,False
1036,EMP0466,Omar Al Bloushi,omar.al.bloushi@presight.ai,Digital,Senior Data Engineer,30084.0,10,Active,Market correction adjustment,2025-04-10,9999-12-31,True
1037,EMP0467,Roshan Kapadia,roshan.kapadia@presight.ai,Procurement,Procurement Analyst,38067.0,12,Active,Hire - Initial Appointment,2013-02-16,9999-12-31,True
1038,EMP0468,Reem Al Mansoori,reem.al.mansoori@presight.ai,Marketing,Marketing Analyst,30257.0,8,Active,Hire - Initial Appointment,2017-05-28,9999-12-31,True
1039,EMP0469,Arjun Krishnan,arjun.krishnan@presight.ai,IT,DevOps Engineer,22103.0,6,Active,Hire - Initial Appointment,2021-02-22,9999-12-31,True
1040,EMP0470,Aisha Saeed,aisha.saeed@presight.ai,Operations,Supply Chain Analyst,9420.0,3,Active,Initial appointment,2022-03-08,2023-09-21,False
1041,EMP0470,Aisha Saeed,aisha.saeed@presight.ai,Operations,Supply Chain Analyst,14774.0,3,Active,Market correction adjustment,2023-09-21,9999-12-31,True
1042,EMP0471,Rashid Al Khaja,rashid.al.khaja@presight.ai,Legal,Legal Analyst,12939.0,4,Active,Initial appointment,2022-06-20,2024-01-12,False
1043,EMP0471,Rashid Al Khaja,rashid.al.khaja@presight.ai,Legal,Legal Analyst,22048.0,4,Active,Annual performance increase,2024-01-12,9999-12-31,True
1044,EMP0472,Noura Saeed,noura.saeed1@presight.ai,IT,IT Manager,7564.0,3,Active,Initial appointment,2023-08-27,2024-09-13,False
1045,EMP0472,Noura Saeed,noura.saeed1@presight.ai,IT,IT Manager,8870.0,3,Active,Retention adjustment,2024-09-13,2024-10-17,False
1046,EMP0472,Noura Saeed,noura.saeed1@presight.ai,IT,IT Manager,9629.0,3,Active,Annual performance increase,2024-10-17,2025-02-17,False
1047,EMP0472,Noura Saeed,noura.saeed1@presight.ai,IT,IT Manager,11103.0,3,Active,Retention adjustment,2025-02-17,2025-02-23,False
1048,EMP0472,Noura Saeed,noura.saeed1@presight.ai,IT,IT Manager,12796.0,3,Active,Retention adjustment,2025-02-23,9999-12-31,True
1049,EMP0473,Ravi Desai,ravi.desai1@presight.ai,HR,Lead Data Engineer,13100.0,4,Active,Initial appointment,2022-08-21,2023-03-28,False
1050,EMP0473,Ravi Desai,ravi.desai1@presight.ai,HR,Lead Data Engineer,22449.0,4,Active,Cost of living adjustment,2023-03-28,9999-12-31,True
1051,EMP0474,Noura Al Marri,noura.al.marri@presight.ai,Finance,Finance Manager,20980.0,7,Active,Initial appointment,2020-02-23,2022-11-10,False
1052,EMP0474,Noura Al Marri,noura.al.marri@presight.ai,Finance,Finance Manager,34415.0,7,Active,Annual performance increase,2022-11-10,9999-12-31,True
1053,EMP0475,Salim Al Shamsi,salim.al.shamsi@presight.ai,Sustainability,Sustainability Analyst,14000.0,6,Active,Initial appointment,2019-03-24,2021-07-06,False
1054,EMP0475,Salim Al Shamsi,salim.al.shamsi@presight.ai,Sustainability,Sustainability Analyst,15628.0,6,Active,Retention adjustment,2021-07-06,2022-04-14,False
1055,EMP0475,Salim Al Shamsi,salim.al.shamsi@presight.ai,Sustainability,Sustainability Analyst,18954.0,6,Active,Retention adjustment,2022-04-14,9999-12-31,True
1056,EMP0476,Priya Tanaka,priya.tanaka2@presight.ai,Legal,Legal Analyst,33921.0,8,Active,Hire - Initial Appointment,2017-02-10,9999-12-31,True
1057,EMP0477,Noura Al Bloushi,noura.al.bloushi@presight.ai,Sustainability,Sustainability Analyst,9327.0,2,Active,Initial appointment,2024-02-05,2024-12-14,False
1058,EMP0477,Noura Al Bloushi,noura.al.bloushi@presight.ai,Sustainability,Sustainability Analyst,10295.0,2,Active,Promoted following review,2024-12-14,2025-05-24,False
1059,EMP0477,Noura Al Bloushi,noura.al.bloushi@presight.ai,Sustainability,Sustainability Analyst,13443.0,2,Active,Promoted following review,2025-05-24,9999-12-31,True
1060,EMP0478,Pooja Mehta,pooja.mehta@presight.ai,Digital,UX Designer,18603.0,8,Active,Initial appointment,2017-01-02,2020-06-30,False
1061,EMP0478,Pooja Mehta,pooja.mehta@presight.ai,Digital,UX Designer,22165.0,8,Active,Project completion bonus integration,2020-06-30,2021-04-15,False
1062,EMP0478,Pooja Mehta,pooja.mehta@presight.ai,Digital,UX Designer,24912.0,8,Active,Market correction adjustment,2021-04-15,2024-11-06,False
1063,EMP0478,Pooja Mehta,pooja.mehta@presight.ai,Digital,UX Designer,27136.0,8,Active,Annual performance increase,2024-11-06,2025-06-09,False
1064,EMP0478,Pooja Mehta,pooja.mehta@presight.ai,Digital,UX Designer,26483.0,8,Active,Cost of living adjustment,2025-06-09,9999-12-31,True
1065,EMP0479,Mira Saleh,mira.saleh@presight.ai,Marketing,Marketing Analyst,15501.0,4,Active,Initial appointment,2022-06-05,2023-12-24,False
1066,EMP0479,Mira Saleh,mira.saleh@presight.ai,Marketing,Marketing Analyst,16485.0,4,Active,Cost of living adjustment,2023-12-24,2024-02-16,False
1067,EMP0479,Mira Saleh,mira.saleh@presight.ai,Marketing,Marketing Analyst,22582.0,4,Active,Market correction adjustment,2024-02-16,9999-12-31,True
1068,EMP0480,Daniel Rossi,daniel.rossi@presight.ai,Sustainability,Data Analyst,23983.0,4,Inactive,Hire - Initial Appointment,2021-07-09,9999-12-31,True
1069,EMP0481,Aakash Verma,aakash.verma@presight.ai,Finance,Budget Analyst,45073.0,17,Active,Hire - Initial Appointment,2009-06-15,9999-12-31,True
1070,EMP0482,Khalid Hamdan,khalid.hamdan1@presight.ai,IT,IT Manager,14951.0,3,Inactive,Hire - Initial Appointment,2022-05-28,9999-12-31,True
1071,EMP0483,Mateo Nambiar,mateo.nambiar@presight.ai,Sales,Sales Analyst,17693.0,3,Active,Hire - Initial Appointment,2024-07-31,9999-12-31,True
1072,EMP0484,Carlos Pillai,carlos.pillai@presight.ai,Sustainability,Sustainability Analyst,20151.0,4,Active,Hire - Initial Appointment,2021-04-06,9999-12-31,True
1073,EMP0485,Min Malik,min.malik@presight.ai,Sustainability,Sustainability Analyst,12694.0,2,Active,Initial appointment,2024-09-04,2025-05-24,False
1074,EMP0485,Min Malik,min.malik@presight.ai,Sustainability,Sustainability Analyst,13880.0,2,Active,Promoted following review,2025-05-24,2025-06-01,False
1075,EMP0485,Min Malik,min.malik@presight.ai,Sustainability,Sustainability Analyst,17274.0,2,Active,Retention adjustment,2025-06-01,9999-12-31,True
1076,EMP0486,Camille Laurent,camille.laurent@presight.ai,Procurement,Vendor Manager,19576.0,6,Active,Initial appointment,2021-02-15,2023-07-05,False
1077,EMP0486,Camille Laurent,camille.laurent@presight.ai,Procurement,Vendor Manager,20832.0,6,Active,Market correction adjustment,2023-07-05,2024-05-23,False
1078,EMP0486,Camille Laurent,camille.laurent@presight.ai,Procurement,Vendor Manager,23824.0,6,Active,Project completion bonus integration,2024-05-23,2024-06-19,False
1079,EMP0486,Camille Laurent,camille.laurent@presight.ai,Procurement,Vendor Manager,32617.0,6,Active,Cost of living adjustment,2024-06-19,9999-12-31,True
1080,EMP0487,Camille Smith,camille.smith@presight.ai,Sales,Account Manager,16293.0,2,Active,Initial appointment,2024-01-06,2024-09-28,False
1081,EMP0487,Camille Smith,camille.smith@presight.ai,Sales,Account Manager,18121.0,2,Active,Cost of living adjustment,2024-09-28,2025-06-25,False
1082,EMP0487,Camille Smith,camille.smith@presight.ai,Sales,Account Manager,20031.0,2,Active,Promoted following review,2025-06-25,2025-06-26,False
1083,EMP0487,Camille Smith,camille.smith@presight.ai,Sales,Account Manager,22022.0,2,Active,Promoted following review,2025-06-26,9999-12-31,True
1084,EMP0488,Divya Tanaka,divya.tanaka1@presight.ai,HR,Learning & Development,42738.0,10,Active,Hire - Initial Appointment,2015-06-07,9999-12-31,True
1085,EMP0489,Priya Pillai,priya.pillai1@presight.ai,Marketing,Brand Manager,12223.0,2,Active,Hire - Initial Appointment,2024-02-12,9999-12-31,True
1086,EMP0490,Bilal Saleh,bilal.saleh@presight.ai,Finance,Data Analyst,17116.0,2,Active,Hire - Initial Appointment,2024-03-30,9999-12-31,True
1087,EMP0491,Khalid Al Rumaithi,khalid.al.rumaithi2@presight.ai,Procurement,Procurement Analyst,23548.0,6,Active,Hire - Initial Appointment,2019-06-26,9999-12-31,True
1088,EMP0492,Hiroshi Tanaka,hiroshi.tanaka@presight.ai,Legal,Legal Analyst,15024.0,3,Active,Initial appointment,2022-06-26,2023-03-30,False
1089,EMP0492,Hiroshi Tanaka,hiroshi.tanaka@presight.ai,Legal,Legal Analyst,16731.0,3,Active,Promoted following review,2023-03-30,2023-09-05,False
1090,EMP0492,Hiroshi Tanaka,hiroshi.tanaka@presight.ai,Legal,Legal Analyst,19941.0,3,Active,Cost of living adjustment,2023-09-05,2024-09-07,False
1091,EMP0492,Hiroshi Tanaka,hiroshi.tanaka@presight.ai,Legal,Legal Analyst,23741.0,3,Active,Project completion bonus integration,2024-09-07,2025-02-10,False
1092,EMP0492,Hiroshi Tanaka,hiroshi.tanaka@presight.ai,Legal,Legal Analyst,22947.0,3,Active,Promoted following review,2025-02-10,9999-12-31,True
1093,EMP0493,Adam Mahmoud,adam.mahmoud@presight.ai,Legal,Legal Analyst,12862.0,6,Active,Initial appointment,2019-07-15,2022-05-21,False
1094,EMP0493,Adam Mahmoud,adam.mahmoud@presight.ai,Legal,Legal Analyst,23112.0,6,Active,Promoted following review,2022-05-21,9999-12-31,True
1095,EMP0494,Eman Al Mansoori,eman.al.mansoori@presight.ai,Finance,Finance Director,30485.0,18,Active,Initial appointment,2008-10-02,2021-03-14,False
1096,EMP0494,Eman Al Mansoori,eman.al.mansoori@presight.ai,Finance,Finance Director,33864.0,18,Active,Market correction adjustment,2021-03-14,2023-07-31,False
1097,EMP0494,Eman Al Mansoori,eman.al.mansoori@presight.ai,Finance,Finance Director,44258.0,18,Active,Market correction adjustment,2023-07-31,9999-12-31,True
1098,EMP0495,Yasmin Yousef,yasmin.yousef@presight.ai,Marketing,Brand Manager,25753.0,12,Active,Initial appointment,2014-02-22,2016-12-04,False
1099,EMP0495,Yasmin Yousef,yasmin.yousef@presight.ai,Marketing,Brand Manager,29845.0,12,Active,Market correction adjustment,2016-12-04,2017-03-10,False
1100,EMP0495,Yasmin Yousef,yasmin.yousef@presight.ai,Marketing,Brand Manager,33162.0,12,Active,Promoted following review,2017-03-10,2018-06-15,False
1101,EMP0495,Yasmin Yousef,yasmin.yousef@presight.ai,Marketing,Brand Manager,43488.0,12,Active,Promoted following review,2018-06-15,9999-12-31,True
1102,EMP0496,Arun Bhatt,arun.bhatt@presight.ai,Procurement,Procurement Analyst,24898.0,10,Active,Initial appointment,2017-04-04,2025-03-13,False
1103,EMP0496,Arun Bhatt,arun.bhatt@presight.ai,Procurement,Procurement Analyst,33518.0,10,Active,Project completion bonus integration,2025-03-13,9999-12-31,True
1104,EMP0497,Anjali Tanaka,anjali.tanaka@presight.ai,Data Science,BI Specialist,13132.0,4,Inactive,Initial appointment,2021-05-26,2024-01-05,False
1105,EMP0497,Anjali Tanaka,anjali.tanaka@presight.ai,Data Science,BI Specialist,20653.0,4,Inactive,Annual performance increase,2024-01-05,9999-12-31,True
1106,EMP0498,Ibrahim Saleh,ibrahim.saleh@presight.ai,Sales,Sales Analyst,7218.0,1,Active,Initial appointment,2024-04-04,2025-02-23,False
1107,EMP0498,Ibrahim Saleh,ibrahim.saleh@presight.ai,Sales,Sales Analyst,12707.0,1,Active,Market correction adjustment,2025-02-23,9999-12-31,True
1108,EMP0499,Salim Najjar,salim.najjar@presight.ai,Digital,Digital Analyst,44995.0,18,Active,Hire - Initial Appointment,2008-05-15,9999-12-31,True
1109,EMP0500,Mira Al Bloushi,mira.al.bloushi@presight.ai,Engineering,Lead Data Engineer,12522.0,5,Active,Initial appointment,2020-09-09,2022-01-12,False
1110,EMP0500,Mira Al Bloushi,mira.al.bloushi@presight.ai,Engineering,Lead Data Engineer,14708.0,5,Active,Market correction adjustment,2022-01-12,2025-03-24,False
1111,EMP0500,Mira Al Bloushi,mira.al.bloushi@presight.ai,Engineering,Lead Data Engineer,16002.0,5,Active,Project completion bonus integration,2025-03-24,2025-04-21,False
1112,EMP0500,Mira Al Bloushi,mira.al.bloushi@presight.ai,Engineering,Lead Data Engineer,18457.0,5,Active,Cost of living adjustment,2025-04-21,9999-12-31,True
1113,EMP0501,Sami Mansour,sami.mansour@presight.ai,Legal,Compliance Analyst,20617.0,4,Active,Hire - Initial Appointment,2021-01-18,9999-12-31,True
1114,EMP0502,Anjali Nambiar,anjali.nambiar@presight.ai,IT,DevOps Engineer,25619.0,11,Active,Hire - Initial Appointment,2015-03-21,9999-12-31,True
1115,EMP0503,Dana Hamdan,dana.hamdan2@presight.ai,Legal,Compliance Analyst,15530.0,3,Active,Initial appointment,2022-07-16,2023-05-23,False
1116,EMP0503,Dana Hamdan,dana.hamdan2@presight.ai,Legal,Compliance Analyst,18100.0,3,Active,Retention adjustment,2023-05-23,2025-04-14,False
1117,EMP0503,Dana Hamdan,dana.hamdan2@presight.ai,Legal,Compliance Analyst,21424.0,3,Active,Annual performance increase,2025-04-14,9999-12-31,True
1118,EMP0504,Aakash Mehta,aakash.mehta@presight.ai,Sales,Sales Analyst,22179.0,2,Active,Hire - Initial Appointment,2024-06-23,9999-12-31,True
1119,EMP0505,Omar Al Marri,omar.al.marri@presight.ai,Sustainability,Sustainability Analyst,9109.0,2,Active,Initial appointment,2024-07-18,2025-03-04,False
1120,EMP0505,Omar Al Marri,omar.al.marri@presight.ai,Sustainability,Sustainability Analyst,9820.0,2,Active,Promoted following review,2025-03-04,2025-03-12,False
1121,EMP0505,Omar Al Marri,omar.al.marri@presight.ai,Sustainability,Sustainability Analyst,11049.0,2,Active,Project completion bonus integration,2025-03-12,2025-05-29,False
1122,EMP0505,Omar Al Marri,omar.al.marri@presight.ai,Sustainability,Sustainability Analyst,13255.0,2,Active,Promoted following review,2025-05-29,2025-06-23,False
1123,EMP0505,Omar Al Marri,omar.al.marri@presight.ai,Sustainability,Sustainability Analyst,13564.0,2,Active,Project completion bonus integration,2025-06-23,9999-12-31,True
1124,EMP0506,Maryam Al Dhaheri,maryam.al.dhaheri@presight.ai,IT,DevOps Engineer,11226.0,1,Active,Initial appointment,2024-07-18,2025-06-17,False
1125,EMP0506,Maryam Al Dhaheri,maryam.al.dhaheri@presight.ai,IT,DevOps Engineer,16857.0,1,Active,Promoted following review,2025-06-17,9999-12-31,True
1126,EMP0507,Maryam Al Mansoori,maryam.al.mansoori@presight.ai,Engineering,Lead Data Engineer,23453.0,2,Active,Hire - Initial Appointment,2024-03-01,9999-12-31,True
1127,EMP0508,Sami Saeed,sami.saeed1@presight.ai,Operations,Operations Analyst,40319.0,15,Active,Hire - Initial Appointment,2012-01-13,9999-12-31,True
1128,EMP0509,Bilal Al Mansoori,bilal.al.mansoori@presight.ai,IT,Network Engineer,26594.0,12,Active,Hire - Initial Appointment,2015-03-31,9999-12-31,True
1129,EMP0510,Abdulla Al Khaja,abdulla.al.khaja1@presight.ai,Operations,Senior Data Engineer,22557.0,5,Active,Hire - Initial Appointment,2021-03-03,9999-12-31,True
1130,EMP0511,Deepak Iyer,deepak.iyer@presight.ai,Marketing,Marketing Analyst,12989.0,2,Active,Hire - Initial Appointment,2023-08-01,9999-12-31,True
1131,EMP0512,Khalifa Al Naqbi,khalifa.al.naqbi@presight.ai,Data Science,BI Specialist,23811.0,11,Inactive,Initial appointment,2014-01-11,2016-10-31,False
1132,EMP0512,Khalifa Al Naqbi,khalifa.al.naqbi@presight.ai,Data Science,BI Specialist,35034.0,11,Inactive,Retention adjustment,2016-10-31,9999-12-31,True
1133,EMP0513,Nina Rivera,nina.rivera@presight.ai,Procurement,Vendor Manager,27079.0,8,Active,Hire - Initial Appointment,2017-05-20,9999-12-31,True
1134,EMP0514,Khalifa Saleh,khalifa.saleh1@presight.ai,IT,Data Engineer,15077.0,9,Active,Initial appointment,2017-08-04,2024-01-02,False
1135,EMP0514,Khalifa Saleh,khalifa.saleh1@presight.ai,IT,Data Engineer,17824.0,9,Active,Retention adjustment,2024-01-02,2024-03-15,False
1136,EMP0514,Khalifa Saleh,khalifa.saleh1@presight.ai,IT,Data Engineer,26442.0,9,Active,Project completion bonus integration,2024-03-15,9999-12-31,True
1137,EMP0515,Sophie Rossi,sophie.rossi1@presight.ai,HR,Lead Data Engineer,46315.0,11,Active,Hire - Initial Appointment,2015-04-19,9999-12-31,True
1138,EMP0516,Aaliyah Hamdan,aaliyah.hamdan@presight.ai,IT,DevOps Engineer,12442.0,2,Active,Hire - Initial Appointment,2024-04-17,9999-12-31,True
1139,EMP0517,Roshan Iyer,roshan.iyer@presight.ai,Data Science,BI Engineer,20705.0,7,Active,Initial appointment,2018-09-07,2023-04-19,False
1140,EMP0517,Roshan Iyer,roshan.iyer@presight.ai,Data Science,BI Engineer,23767.0,7,Active,Cost of living adjustment,2023-04-19,2023-11-15,False
1141,EMP0517,Roshan Iyer,roshan.iyer@presight.ai,Data Science,BI Engineer,27189.0,7,Active,Retention adjustment,2023-11-15,2024-03-07,False
1142,EMP0517,Roshan Iyer,roshan.iyer@presight.ai,Data Science,BI Engineer,29432.0,7,Active,Retention adjustment,2024-03-07,2024-04-06,False
1143,EMP0517,Roshan Iyer,roshan.iyer@presight.ai,Data Science,BI Engineer,27881.0,7,Active,Annual performance increase,2024-04-06,9999-12-31,True
1144,EMP0518,Priya Kumar,priya.kumar@presight.ai,HR,Lead Data Engineer,13928.0,4,Active,Initial appointment,2021-02-26,2023-03-05,False
1145,EMP0518,Priya Kumar,priya.kumar@presight.ai,HR,Lead Data Engineer,16652.0,4,Active,Annual performance increase,2023-03-05,2024-06-30,False
1146,EMP0518,Priya Kumar,priya.kumar@presight.ai,HR,Lead Data Engineer,22544.0,4,Active,Cost of living adjustment,2024-06-30,9999-12-31,True
1147,EMP0519,Omar Ibrahim,omar.ibrahim@presight.ai,Operations,Senior Data Engineer,11490.0,0,Active,Initial appointment,2024-03-15,2025-04-09,False
1148,EMP0519,Omar Ibrahim,omar.ibrahim@presight.ai,Operations,Senior Data Engineer,15968.0,0,Active,Promoted following review,2025-04-09,9999-12-31,True
1149,EMP0520,Bilal Mahmoud,bilal.mahmoud@presight.ai,Procurement,Vendor Manager,8386.0,1,Active,Initial appointment,2024-03-06,2025-02-06,False
1150,EMP0520,Bilal Mahmoud,bilal.mahmoud@presight.ai,Procurement,Vendor Manager,14209.0,1,Active,Market correction adjustment,2025-02-06,9999-12-31,True
1151,EMP0521,Noura Mahmoud,noura.mahmoud1@presight.ai,Legal,Legal Analyst,13801.0,2,Active,Hire - Initial Appointment,2024-03-21,9999-12-31,True
1152,EMP0522,Lin Bhatt,lin.bhatt@presight.ai,Data Science,BI Engineer,21007.0,3,Active,Hire - Initial Appointment,2024-08-30,9999-12-31,True
1153,EMP0523,Min Bhatt,min.bhatt@presight.ai,HR,HR Analyst,13524.0,3,Active,Initial appointment,2024-01-03,2024-09-10,False
1154,EMP0523,Min Bhatt,min.bhatt@presight.ai,HR,HR Analyst,14534.0,3,Active,Project completion bonus integration,2024-09-10,2025-01-01,False
1155,EMP0523,Min Bhatt,min.bhatt@presight.ai,HR,HR Analyst,21847.0,3,Active,Project completion bonus integration,2025-01-01,9999-12-31,True
1156,EMP0524,Khalifa Yousef,khalifa.yousef@presight.ai,Sustainability,Data Analyst,13348.0,5,Active,Initial appointment,2020-02-13,2021-03-30,False
1157,EMP0524,Khalifa Yousef,khalifa.yousef@presight.ai,Sustainability,Data Analyst,20706.0,5,Active,Cost of living adjustment,2021-03-30,9999-12-31,True
1158,EMP0525,Ibrahim Al Naqbi,ibrahim.al.naqbi@presight.ai,HR,Lead Data Engineer,11211.0,2,Active,Initial appointment,2024-06-05,2025-05-27,False
1159,EMP0525,Ibrahim Al Naqbi,ibrahim.al.naqbi@presight.ai,HR,Lead Data Engineer,17743.0,2,Active,Market correction adjustment,2025-05-27,9999-12-31,True
1160,EMP0526,Anjali Zhang,anjali.zhang@presight.ai,Digital,Content Strategist,28030.0,10,Active,Hire - Initial Appointment,2017-08-27,9999-12-31,True
1161,EMP0527,Layla Khoury,layla.khoury1@presight.ai,Engineering,Lead Data Engineer,15245.0,6,Active,Initial appointment,2021-04-17,2022-02-05,False
1162,EMP0527,Layla Khoury,layla.khoury1@presight.ai,Engineering,Lead Data Engineer,16902.0,6,Active,Retention adjustment,2022-02-05,2024-01-30,False
1163,EMP0527,Layla Khoury,layla.khoury1@presight.ai,Engineering,Lead Data Engineer,18374.0,6,Active,Retention adjustment,2024-01-30,2024-02-03,False
1164,EMP0527,Layla Khoury,layla.khoury1@presight.ai,Engineering,Lead Data Engineer,19646.0,6,Active,Market correction adjustment,2024-02-03,2024-10-28,False
1165,EMP0527,Layla Khoury,layla.khoury1@presight.ai,Engineering,Lead Data Engineer,22718.0,6,Active,Annual performance increase,2024-10-28,9999-12-31,True
1166,EMP0528,Karthik Reddy,karthik.reddy@presight.ai,Sales,Sales Analyst,12502.0,5,Active,Initial appointment,2021-08-27,2022-03-20,False
1167,EMP0528,Karthik Reddy,karthik.reddy@presight.ai,Sales,Sales Analyst,13848.0,5,Active,Cost of living adjustment,2022-03-20,2022-10-24,False
1168,EMP0528,Karthik Reddy,karthik.reddy@presight.ai,Sales,Sales Analyst,17909.0,5,Active,Annual performance increase,2022-10-24,9999-12-31,True
1169,EMP0529,Kavya Joshi,kavya.joshi1@presight.ai,Sustainability,Data Analyst,16784.0,10,Active,Initial appointment,2015-03-02,2016-02-29,False
1170,EMP0529,Kavya Joshi,kavya.joshi1@presight.ai,Sustainability,Data Analyst,19318.0,10,Active,Retention adjustment,2016-02-29,2017-05-07,False
1171,EMP0529,Kavya Joshi,kavya.joshi1@presight.ai,Sustainability,Data Analyst,22701.0,10,Active,Cost of living adjustment,2017-05-07,2019-09-02,False
1172,EMP0529,Kavya Joshi,kavya.joshi1@presight.ai,Sustainability,Data Analyst,27267.0,10,Active,Promoted following review,2019-09-02,9999-12-31,True
1173,EMP0530,Kavya Chen,kavya.chen@presight.ai,Procurement,Vendor Manager,16974.0,9,Active,Initial appointment,2018-08-06,2019-05-17,False
1174,EMP0530,Kavya Chen,kavya.chen@presight.ai,Procurement,Vendor Manager,19146.0,9,Active,Retention adjustment,2019-05-17,2019-12-31,False
1175,EMP0530,Kavya Chen,kavya.chen@presight.ai,Procurement,Vendor Manager,22475.0,9,Active,Cost of living adjustment,2019-12-31,2021-01-17,False
1176,EMP0530,Kavya Chen,kavya.chen@presight.ai,Procurement,Vendor Manager,30778.0,9,Active,Retention adjustment,2021-01-17,9999-12-31,True
1177,EMP0531,Yusuf Hamdan,yusuf.hamdan@presight.ai,Procurement,Vendor Manager,12957.0,6,Active,Initial appointment,2020-02-04,2020-11-25,False
1178,EMP0531,Yusuf Hamdan,yusuf.hamdan@presight.ai,Procurement,Vendor Manager,14740.0,6,Active,Promoted following review,2020-11-25,2023-04-04,False
1179,EMP0531,Yusuf Hamdan,yusuf.hamdan@presight.ai,Procurement,Vendor Manager,20702.0,6,Active,Promoted following review,2023-04-04,9999-12-31,True
1180,EMP0532,Khalid Al Shamsi,khalid.al.shamsi@presight.ai,Data Science,Data Scientist,12917.0,1,Active,Hire - Initial Appointment,2024-03-18,9999-12-31,True
1181,EMP0533,Bilal Hamdan,bilal.hamdan@presight.ai,HR,Lead Data Engineer,13438.0,2,Active,Initial appointment,2024-04-06,2025-04-11,False
1182,EMP0533,Bilal Hamdan,bilal.hamdan@presight.ai,HR,Lead Data Engineer,22281.0,2,Active,Promoted following review,2025-04-11,9999-12-31,True
1183,EMP0534,Wei Menon,wei.menon@presight.ai,HR,Learning & Development,22371.0,4,Active,Hire - Initial Appointment,2022-09-29,9999-12-31,True
1184,EMP0535,Reem Al Marri,reem.al.marri1@presight.ai,Finance,Data Analyst,12729.0,2,Active,Initial appointment,2023-06-30,2024-10-24,False
1185,EMP0535,Reem Al Marri,reem.al.marri1@presight.ai,Finance,Data Analyst,13803.0,2,Active,Project completion bonus integration,2024-10-24,2024-12-29,False
1186,EMP0535,Reem Al Marri,reem.al.marri1@presight.ai,Finance,Data Analyst,15659.0,2,Active,Retention adjustment,2024-12-29,2025-03-13,False
1187,EMP0535,Reem Al Marri,reem.al.marri1@presight.ai,Finance,Data Analyst,16934.0,2,Active,Retention adjustment,2025-03-13,2025-04-24,False
1188,EMP0535,Reem Al Marri,reem.al.marri1@presight.ai,Finance,Data Analyst,19360.0,2,Active,Market correction adjustment,2025-04-24,9999-12-31,True
1189,EMP0536,Nina Laurent,nina.laurent@presight.ai,IT,Cloud Architect,16251.0,8,Active,Initial appointment,2017-01-23,2018-05-18,False
1190,EMP0536,Nina Laurent,nina.laurent@presight.ai,IT,Cloud Architect,18866.0,8,Active,Project completion bonus integration,2018-05-18,2023-12-14,False
1191,EMP0536,Nina Laurent,nina.laurent@presight.ai,IT,Cloud Architect,20194.0,8,Active,Market correction adjustment,2023-12-14,2024-07-29,False
1192,EMP0536,Nina Laurent,nina.laurent@presight.ai,IT,Cloud Architect,27641.0,8,Active,Promoted following review,2024-07-29,9999-12-31,True
1193,EMP0537,Ibrahim Mansour,ibrahim.mansour@presight.ai,Procurement,Vendor Manager,14816.0,1,Active,Hire - Initial Appointment,2024-08-17,9999-12-31,True
1194,EMP0538,Mohammed Ibrahim,mohammed.ibrahim1@presight.ai,Digital,Content Strategist,30246.0,7,Active,Hire - Initial Appointment,2018-09-18,9999-12-31,True
1195,EMP0539,Priya Hussain,priya.hussain@presight.ai,IT,IT Manager,30549.0,6,Active,Hire - Initial Appointment,2021-09-03,9999-12-31,True
1196,EMP0540,Huda Saleh,huda.saleh@presight.ai,Operations,Operations Analyst,11952.0,2,Active,Initial appointment,2024-04-09,2024-11-16,False
1197,EMP0540,Huda Saleh,huda.saleh@presight.ai,Operations,Operations Analyst,13971.0,2,Active,Project completion bonus integration,2024-11-16,2025-02-03,False
1198,EMP0540,Huda Saleh,huda.saleh@presight.ai,Operations,Operations Analyst,19673.0,2,Active,Annual performance increase,2025-02-03,9999-12-31,True
1199,EMP0541,Deepak Sharma,deepak.sharma@presight.ai,Data Science,ML Engineer,13454.0,2,Active,Initial appointment,2024-07-20,2025-01-28,False
1200,EMP0541,Deepak Sharma,deepak.sharma@presight.ai,Data Science,ML Engineer,22546.0,2,Active,Promoted following review,2025-01-28,9999-12-31,True
1201,EMP0542,Rashid Farooq,rashid.farooq@presight.ai,HR,Lead Data Engineer,23994.0,5,Active,Hire - Initial Appointment,2021-07-17,9999-12-31,True
1202,EMP0543,Maryam Mansour,maryam.mansour@presight.ai,Data Science,ML Engineer,14626.0,5,Active,Initial appointment,2021-05-28,2024-09-02,False
1203,EMP0543,Maryam Mansour,maryam.mansour@presight.ai,Data Science,ML Engineer,23074.0,5,Active,Market correction adjustment,2024-09-02,9999-12-31,True
1204,EMP0544,Nadia Al Naqbi,nadia.al.naqbi1@presight.ai,Marketing,Marketing Analyst,28404.0,9,Active,Hire - Initial Appointment,2017-09-27,9999-12-31,True
1205,EMP0545,Vikram Sharma,vikram.sharma@presight.ai,Legal,Legal Analyst,21031.0,7,Active,Initial appointment,2020-08-25,2021-10-26,False
1206,EMP0545,Vikram Sharma,vikram.sharma@presight.ai,Legal,Legal Analyst,31791.0,7,Active,Promoted following review,2021-10-26,9999-12-31,True
1207,EMP0546,Mira Al Shamsi,mira.al.shamsi@presight.ai,Sustainability,Sustainability Analyst,23836.0,6,Active,Hire - Initial Appointment,2020-09-10,9999-12-31,True
1208,EMP0547,Mateo Desai,mateo.desai@presight.ai,Finance,Finance Director,24689.0,18,Active,Initial appointment,2009-05-31,2015-07-13,False
1209,EMP0547,Mateo Desai,mateo.desai@presight.ai,Finance,Finance Director,26918.0,18,Active,Market correction adjustment,2015-07-13,2016-08-19,False
1210,EMP0547,Mateo Desai,mateo.desai@presight.ai,Finance,Finance Director,31873.0,18,Active,Project completion bonus integration,2016-08-19,2017-06-18,False
1211,EMP0547,Mateo Desai,mateo.desai@presight.ai,Finance,Finance Director,40034.0,18,Active,Promoted following review,2017-06-18,9999-12-31,True
1212,EMP0548,Anjali Verma,anjali.verma@presight.ai,Finance,Financial Analyst,13191.0,4,Active,Initial appointment,2023-09-04,2024-07-23,False
1213,EMP0548,Anjali Verma,anjali.verma@presight.ai,Finance,Financial Analyst,21906.0,4,Active,Annual performance increase,2024-07-23,9999-12-31,True
1214,EMP0549,Kavya Verma,kavya.verma@presight.ai,HR,Lead Data Engineer,17143.0,4,Active,Hire - Initial Appointment,2021-01-30,9999-12-31,True
1215,EMP0550,Adam Al Suwaidi,adam.al.suwaidi@presight.ai,Finance,Data Analyst,11379.0,4,Active,Initial appointment,2022-09-29,2023-09-23,False
1216,EMP0550,Adam Al Suwaidi,adam.al.suwaidi@presight.ai,Finance,Data Analyst,17399.0,4,Active,Retention adjustment,2023-09-23,9999-12-31,True
1217,EMP0551,Rohan Verma,rohan.verma@presight.ai,Marketing,Brand Manager,30180.0,9,Active,Hire - Initial Appointment,2020-01-01,9999-12-31,True
1218,EMP0552,Bilal Khoury,bilal.khoury@presight.ai,Finance,Finance Director,11792.0,4,Active,Initial appointment,2021-02-22,2022-03-30,False
1219,EMP0552,Bilal Khoury,bilal.khoury@presight.ai,Finance,Finance Director,14024.0,4,Active,Market correction adjustment,2022-03-30,2023-11-02,False
1220,EMP0552,Bilal Khoury,bilal.khoury@presight.ai,Finance,Finance Director,16433.0,4,Active,Market correction adjustment,2023-11-02,2024-03-28,False
1221,EMP0552,Bilal Khoury,bilal.khoury@presight.ai,Finance,Finance Director,20375.0,4,Active,Project completion bonus integration,2024-03-28,9999-12-31,True
1222,EMP0553,Yusuf Yousef,yusuf.yousef@presight.ai,Digital,UX Designer,29092.0,8,Active,Initial appointment,2018-06-29,2019-04-07,False
1223,EMP0553,Yusuf Yousef,yusuf.yousef@presight.ai,Digital,UX Designer,33197.0,8,Active,Market correction adjustment,2019-04-07,2022-01-15,False
1224,EMP0553,Yusuf Yousef,yusuf.yousef@presight.ai,Digital,UX Designer,40150.0,8,Active,Market correction adjustment,2022-01-15,9999-12-31,True
1225,EMP0554,Layla Al Marri,layla.al.marri@presight.ai,Procurement,Procurement Analyst,18821.0,3,Active,Hire - Initial Appointment,2024-03-13,9999-12-31,True
1226,EMP0555,Hamad Yousef,hamad.yousef@presight.ai,Procurement,Procurement Analyst,17376.0,5,Inactive,Initial appointment,2021-08-09,2022-03-16,False
1227,EMP0555,Hamad Yousef,hamad.yousef@presight.ai,Procurement,Procurement Analyst,20191.0,5,Inactive,Project completion bonus integration,2022-03-16,2022-07-29,False
1228,EMP0555,Hamad Yousef,hamad.yousef@presight.ai,Procurement,Procurement Analyst,24146.0,5,Inactive,Annual performance increase,2022-07-29,2025-04-28,False
1229,EMP0555,Hamad Yousef,hamad.yousef@presight.ai,Procurement,Procurement Analyst,26273.0,5,Inactive,Annual performance increase,2025-04-28,9999-12-31,True
1230,EMP0556,Priya Iyer,priya.iyer@presight.ai,Digital,Digital Analyst,12354.0,0,Active,Hire - Initial Appointment,2024-01-06,9999-12-31,True
1231,EMP0557,Priya Chen,priya.chen5@presight.ai,IT,DevOps Engineer,26487.0,7,Active,Hire - Initial Appointment,2020-05-23,9999-12-31,True
1232,EMP0558,Hassan Khoury,hassan.khoury@presight.ai,Marketing,Marketing Analyst,16332.0,1,Active,Hire - Initial Appointment,2024-04-08,9999-12-31,True
1233,EMP0559,Saif Al Dhaheri,saif.al.dhaheri@presight.ai,Sustainability,Sustainability Analyst,27378.0,17,Active,Initial appointment,2008-08-17,2018-01-09,False
1234,EMP0559,Saif Al Dhaheri,saif.al.dhaheri@presight.ai,Sustainability,Sustainability Analyst,32245.0,17,Active,Annual performance increase,2018-01-09,2021-05-21,False
1235,EMP0559,Saif Al Dhaheri,saif.al.dhaheri@presight.ai,Sustainability,Sustainability Analyst,35140.0,17,Active,Retention adjustment,2021-05-21,2025-02-21,False
1236,EMP0559,Saif Al Dhaheri,saif.al.dhaheri@presight.ai,Sustainability,Sustainability Analyst,44004.0,17,Active,Cost of living adjustment,2025-02-21,9999-12-31,True
1237,EMP0560,Mira Yousef,mira.yousef1@presight.ai,Operations,Supply Chain Analyst,11659.0,4,Active,Initial appointment,2021-08-27,2022-04-02,False
1238,EMP0560,Mira Yousef,mira.yousef1@presight.ai,Operations,Supply Chain Analyst,13857.0,4,Active,Cost of living adjustment,2022-04-02,2023-12-19,False
1239,EMP0560,Mira Yousef,mira.yousef1@presight.ai,Operations,Supply Chain Analyst,15294.0,4,Active,Cost of living adjustment,2023-12-19,2024-04-11,False
1240,EMP0560,Mira Yousef,mira.yousef1@presight.ai,Operations,Supply Chain Analyst,17924.0,4,Active,Market correction adjustment,2024-04-11,9999-12-31,True
1241,EMP0561,Aisha Mansour,aisha.mansour1@presight.ai,Procurement,Vendor Manager,10225.0,0,Active,Initial appointment,2024-05-25,2024-11-23,False
1242,EMP0561,Aisha Mansour,aisha.mansour1@presight.ai,Procurement,Vendor Manager,12131.0,0,Active,Annual performance increase,2024-11-23,2025-01-27,False
1243,EMP0561,Aisha Mansour,aisha.mansour1@presight.ai,Procurement,Vendor Manager,16044.0,0,Active,Promoted following review,2025-01-27,9999-12-31,True
1244,EMP0562,Paolo Martin,paolo.martin@presight.ai,Sustainability,Sustainability Analyst,12062.0,2,Active,Initial appointment,2024-07-07,2025-03-06,False
1245,EMP0562,Paolo Martin,paolo.martin@presight.ai,Sustainability,Sustainability Analyst,12941.0,2,Active,Market correction adjustment,2025-03-06,2025-05-11,False
1246,EMP0562,Paolo Martin,paolo.martin@presight.ai,Sustainability,Sustainability Analyst,14439.0,2,Active,Annual performance increase,2025-05-11,2025-06-26,False
1247,EMP0562,Paolo Martin,paolo.martin@presight.ai,Sustainability,Sustainability Analyst,18546.0,2,Active,Market correction adjustment,2025-06-26,9999-12-31,True
1248,EMP0563,Pooja Zhang,pooja.zhang@presight.ai,Sustainability,Data Analyst,18813.0,7,Active,Initial appointment,2019-07-26,2025-06-28,False
1249,EMP0563,Pooja Zhang,pooja.zhang@presight.ai,Sustainability,Data Analyst,26953.0,7,Active,Cost of living adjustment,2025-06-28,9999-12-31,True
1250,EMP0564,Carlos Andersen,carlos.andersen@presight.ai,HR,Learning & Development,56562.0,21,Active,Hire - Initial Appointment,2005-03-08,9999-12-31,True
1251,EMP0565,Mariam Najjar,mariam.najjar1@presight.ai,Legal,Legal Analyst,11889.0,6,Active,Initial appointment,2020-03-17,2020-12-30,False
1252,EMP0565,Mariam Najjar,mariam.najjar1@presight.ai,Legal,Legal Analyst,12632.0,6,Active,Retention adjustment,2020-12-30,2023-08-20,False
1253,EMP0565,Mariam Najjar,mariam.najjar1@presight.ai,Legal,Legal Analyst,20969.0,6,Active,Market correction adjustment,2023-08-20,9999-12-31,True
1254,EMP0566,Abdulla Najjar,abdulla.najjar@presight.ai,IT,DevOps Engineer,7495.0,3,Active,Initial appointment,2024-01-14,2024-08-02,False
1255,EMP0566,Abdulla Najjar,abdulla.najjar@presight.ai,IT,DevOps Engineer,8126.0,3,Active,Promoted following review,2024-08-02,2025-02-02,False
1256,EMP0566,Abdulla Najjar,abdulla.najjar@presight.ai,IT,DevOps Engineer,9408.0,3,Active,Market correction adjustment,2025-02-02,2025-04-09,False
1257,EMP0566,Abdulla Najjar,abdulla.najjar@presight.ai,IT,DevOps Engineer,12558.0,3,Active,Market correction adjustment,2025-04-09,9999-12-31,True
1258,EMP0567,Saif Al Khaja,saif.al.khaja@presight.ai,Sales,Account Manager,21916.0,8,Active,Initial appointment,2018-09-13,2020-05-17,False
1259,EMP0567,Saif Al Khaja,saif.al.khaja@presight.ai,Sales,Account Manager,23119.0,8,Active,Market correction adjustment,2020-05-17,2023-03-08,False
1260,EMP0567,Saif Al Khaja,saif.al.khaja@presight.ai,Sales,Account Manager,27113.0,8,Active,Project completion bonus integration,2023-03-08,2025-01-24,False
1261,EMP0567,Saif Al Khaja,saif.al.khaja@presight.ai,Sales,Account Manager,32635.0,8,Active,Retention adjustment,2025-01-24,9999-12-31,True
1262,EMP0568,Lin Patel,lin.patel@presight.ai,Engineering,Data Engineer,30039.0,9,Active,Initial appointment,2017-08-20,2019-12-31,False
1263,EMP0568,Lin Patel,lin.patel@presight.ai,Engineering,Data Engineer,32999.0,9,Active,Promoted following review,2019-12-31,2024-02-06,False
1264,EMP0568,Lin Patel,lin.patel@presight.ai,Engineering,Data Engineer,45051.0,9,Active,Market correction adjustment,2024-02-06,9999-12-31,True
1265,EMP0569,Khalid Mansour,khalid.mansour@presight.ai,Sales,Account Manager,49568.0,10,Active,Hire - Initial Appointment,2016-08-10,9999-12-31,True
1266,EMP0570,Priya Hussain,priya.hussain1@presight.ai,Digital,Senior Data Engineer,19444.0,12,Active,Initial appointment,2014-03-24,2023-01-14,False
1267,EMP0570,Priya Hussain,priya.hussain1@presight.ai,Digital,Senior Data Engineer,21732.0,12,Active,Annual performance increase,2023-01-14,2024-07-26,False
1268,EMP0570,Priya Hussain,priya.hussain1@presight.ai,Digital,Senior Data Engineer,34375.0,12,Active,Market correction adjustment,2024-07-26,9999-12-31,True
1269,EMP0571,Pooja Nair,pooja.nair@presight.ai,Sales,Account Manager,12386.0,2,Active,Initial appointment,2023-01-24,2024-05-12,False
1270,EMP0571,Pooja Nair,pooja.nair@presight.ai,Sales,Account Manager,19625.0,2,Active,Project completion bonus integration,2024-05-12,9999-12-31,True
1271,EMP0572,Anjali Menon,anjali.menon1@presight.ai,HR,Learning & Development,12677.0,4,Active,Initial appointment,2022-06-29,2023-04-21,False
1272,EMP0572,Anjali Menon,anjali.menon1@presight.ai,HR,Learning & Development,13538.0,4,Active,Retention adjustment,2023-04-21,2025-04-06,False
1273,EMP0572,Anjali Menon,anjali.menon1@presight.ai,HR,Learning & Development,19827.0,4,Active,Promoted following review,2025-04-06,9999-12-31,True
1274,EMP0573,Priya Joshi,priya.joshi@presight.ai,Procurement,Vendor Manager,8482.0,2,Active,Initial appointment,2023-01-11,2024-07-22,False
1275,EMP0573,Priya Joshi,priya.joshi@presight.ai,Procurement,Vendor Manager,9553.0,2,Active,Promoted following review,2024-07-22,2024-10-20,False
1276,EMP0573,Priya Joshi,priya.joshi@presight.ai,Procurement,Vendor Manager,11039.0,2,Active,Project completion bonus integration,2024-10-20,2025-06-27,False
1277,EMP0573,Priya Joshi,priya.joshi@presight.ai,Procurement,Vendor Manager,12937.0,2,Active,Project completion bonus integration,2025-06-27,9999-12-31,True
1278,EMP0574,Priya Reddy,priya.reddy@presight.ai,Legal,Legal Analyst,13871.0,2,Active,Initial appointment,2024-07-12,2025-02-14,False
1279,EMP0574,Priya Reddy,priya.reddy@presight.ai,Legal,Legal Analyst,15471.0,2,Active,Project completion bonus integration,2025-02-14,2025-02-24,False
1280,EMP0574,Priya Reddy,priya.reddy@presight.ai,Legal,Legal Analyst,21816.0,2,Active,Market correction adjustment,2025-02-24,9999-12-31,True
1281,EMP0575,Anika Malik,anika.malik1@presight.ai,Sales,Account Manager,11678.0,4,Active,Initial appointment,2021-06-03,2023-11-14,False
1282,EMP0575,Anika Malik,anika.malik1@presight.ai,Sales,Account Manager,21118.0,4,Active,Market correction adjustment,2023-11-14,9999-12-31,True
1283,EMP0576,Vikram Patel,vikram.patel1@presight.ai,Operations,Operations Analyst,12679.0,6,Active,Initial appointment,2020-04-26,2024-06-16,False
1284,EMP0576,Vikram Patel,vikram.patel1@presight.ai,Operations,Operations Analyst,19435.0,6,Active,Cost of living adjustment,2024-06-16,9999-12-31,True
1285,EMP0577,Anika Kumar,anika.kumar@presight.ai,HR,Lead Data Engineer,14962.0,6,Active,Initial appointment,2020-08-07,2022-01-03,False
1286,EMP0577,Anika Kumar,anika.kumar@presight.ai,HR,Lead Data Engineer,17596.0,6,Active,Retention adjustment,2022-01-03,2023-06-28,False
1287,EMP0577,Anika Kumar,anika.kumar@presight.ai,HR,Lead Data Engineer,23563.0,6,Active,Promoted following review,2023-06-28,9999-12-31,True
1288,EMP0578,Wei Kapoor,wei.kapoor@presight.ai,Legal,Legal Analyst,19522.0,11,Active,Initial appointment,2015-05-11,2023-03-15,False
1289,EMP0578,Wei Kapoor,wei.kapoor@presight.ai,Legal,Legal Analyst,28278.0,11,Active,Annual performance increase,2023-03-15,9999-12-31,True
1290,EMP0579,Mohammed Najjar,mohammed.najjar@presight.ai,Procurement,Procurement Analyst,21725.0,5,Active,Hire - Initial Appointment,2020-08-28,9999-12-31,True
1291,EMP0580,Sanjay Kumar,sanjay.kumar@presight.ai,Procurement,Procurement Analyst,30968.0,12,Active,Hire - Initial Appointment,2013-05-06,9999-12-31,True
1292,EMP0581,Sanjay Mehta,sanjay.mehta@presight.ai,Data Science,BI Developer,22700.0,9,Active,Initial appointment,2017-03-25,2018-05-14,False
1293,EMP0581,Sanjay Mehta,sanjay.mehta@presight.ai,Data Science,BI Developer,24016.0,9,Active,Retention adjustment,2018-05-14,2020-09-21,False
1294,EMP0581,Sanjay Mehta,sanjay.mehta@presight.ai,Data Science,BI Developer,31757.0,9,Active,Annual performance increase,2020-09-21,9999-12-31,True
1295,EMP0582,Sami Al Dhaheri,sami.al.dhaheri@presight.ai,Engineering,Lead Data Engineer,20802.0,5,Inactive,Hire - Initial Appointment,2022-08-12,9999-12-31,True
1296,EMP0583,Bilal Al Mansoori,bilal.al.mansoori1@presight.ai,Finance,Data Analyst,35791.0,5,Inactive,Hire - Initial Appointment,2020-01-23,9999-12-31,True
1297,EMP0584,Vikram Mehta,vikram.mehta@presight.ai,Marketing,Marketing Analyst,12671.0,4,Active,Initial appointment,2023-02-16,2025-02-24,False
1298,EMP0584,Vikram Mehta,vikram.mehta@presight.ai,Marketing,Marketing Analyst,20334.0,4,Active,Retention adjustment,2025-02-24,9999-12-31,True
1299,EMP0585,Yusuf Saeed,yusuf.saeed@presight.ai,Procurement,Procurement Analyst,13303.0,6,Active,Initial appointment,2021-05-09,2023-09-17,False
1300,EMP0585,Yusuf Saeed,yusuf.saeed@presight.ai,Procurement,Procurement Analyst,15228.0,6,Active,Promoted following review,2023-09-17,2024-11-26,False
1301,EMP0585,Yusuf Saeed,yusuf.saeed@presight.ai,Procurement,Procurement Analyst,21275.0,6,Active,Promoted following review,2024-11-26,9999-12-31,True
1302,EMP0586,Hanan Al Bloushi,hanan.al.bloushi1@presight.ai,Marketing,Marketing Analyst,19639.0,8,Active,Initial appointment,2017-02-25,2018-03-17,False
1303,EMP0586,Hanan Al Bloushi,hanan.al.bloushi1@presight.ai,Marketing,Marketing Analyst,21348.0,8,Active,Project completion bonus integration,2018-03-17,2020-10-13,False
1304,EMP0586,Hanan Al Bloushi,hanan.al.bloushi1@presight.ai,Marketing,Marketing Analyst,31928.0,8,Active,Retention adjustment,2020-10-13,9999-12-31,True
1305,EMP0587,Rashid Hamdan,rashid.hamdan@presight.ai,Sustainability,Data Analyst,14376.0,6,Active,Initial appointment,2020-09-01,2022-08-15,False
1306,EMP0587,Rashid Hamdan,rashid.hamdan@presight.ai,Sustainability,Data Analyst,19592.0,6,Active,Market correction adjustment,2022-08-15,9999-12-31,True
1307,EMP0588,Mateo Murthy,mateo.murthy@presight.ai,Digital,Digital Analyst,25345.0,5,Active,Hire - Initial Appointment,2022-01-28,9999-12-31,True
1308,EMP0589,Mira Al Shamsi,mira.al.shamsi1@presight.ai,Sales,Account Manager,49227.0,9,Active,Hire - Initial Appointment,2018-05-03,9999-12-31,True
1309,EMP0590,Fatima Al Shamsi,fatima.al.shamsi@presight.ai,Data Science,BI Developer,29678.0,12,Active,Initial appointment,2013-03-26,2014-03-03,False
1310,EMP0590,Fatima Al Shamsi,fatima.al.shamsi@presight.ai,Data Science,BI Developer,35041.0,12,Active,Market correction adjustment,2014-03-03,2018-06-25,False
1311,EMP0590,Fatima Al Shamsi,fatima.al.shamsi@presight.ai,Data Science,BI Developer,39029.0,12,Active,Annual performance increase,2018-06-25,2021-06-11,False
1312,EMP0590,Fatima Al Shamsi,fatima.al.shamsi@presight.ai,Data Science,BI Developer,41857.0,12,Active,Promoted following review,2021-06-11,9999-12-31,True
1313,EMP0591,Sanjay Iyer,sanjay.iyer@presight.ai,Finance,Finance Director,45718.0,14,Active,Hire - Initial Appointment,2012-08-07,9999-12-31,True
1314,EMP0592,Yasmin Yousef,yasmin.yousef1@presight.ai,Marketing,Brand Manager,23915.0,5,Active,Initial appointment,2020-04-05,2021-02-12,False
1315,EMP0592,Yasmin Yousef,yasmin.yousef1@presight.ai,Marketing,Brand Manager,28220.0,5,Active,Annual performance increase,2021-02-12,2025-04-03,False
1316,EMP0592,Yasmin Yousef,yasmin.yousef1@presight.ai,Marketing,Brand Manager,31746.0,5,Active,Project completion bonus integration,2025-04-03,2025-04-13,False
1317,EMP0592,Yasmin Yousef,yasmin.yousef1@presight.ai,Marketing,Brand Manager,32426.0,5,Active,Promoted following review,2025-04-13,9999-12-31,True
1318,EMP0593,Omar Najjar,omar.najjar@presight.ai,Finance,Financial Analyst,12018.0,3,Active,Initial appointment,2022-09-22,2023-09-21,False
1319,EMP0593,Omar Najjar,omar.najjar@presight.ai,Finance,Financial Analyst,12750.0,3,Active,Cost of living adjustment,2023-09-21,2023-10-27,False
1320,EMP0593,Omar Najjar,omar.najjar@presight.ai,Finance,Financial Analyst,14820.0,3,Active,Retention adjustment,2023-10-27,2024-12-07,False
1321,EMP0593,Omar Najjar,omar.najjar@presight.ai,Finance,Financial Analyst,17907.0,3,Active,Promoted following review,2024-12-07,9999-12-31,True
1322,EMP0594,Ravi Hussain,ravi.hussain@presight.ai,Legal,Legal Analyst,32397.0,12,Active,Hire - Initial Appointment,2015-03-12,9999-12-31,True
1323,EMP0595,Aisha Al Dhaheri,aisha.al.dhaheri@presight.ai,Data Science,Senior Data Analyst,12136.0,5,Active,Initial appointment,2022-04-25,2025-04-04,False
1324,EMP0595,Aisha Al Dhaheri,aisha.al.dhaheri@presight.ai,Data Science,Senior Data Analyst,20223.0,5,Active,Market correction adjustment,2025-04-04,9999-12-31,True
1325,EMP0596,Meera Bhatt,meera.bhatt1@presight.ai,Data Science,Senior Data Analyst,58578.0,23,Active,Hire - Initial Appointment,2002-01-31,9999-12-31,True
1326,EMP0597,Salma Al Marri,salma.al.marri@presight.ai,Marketing,Brand Manager,9315.0,3,Active,Initial appointment,2022-04-25,2023-01-14,False
1327,EMP0597,Salma Al Marri,salma.al.marri@presight.ai,Marketing,Brand Manager,11163.0,3,Active,Cost of living adjustment,2023-01-14,2023-03-06,False
1328,EMP0597,Salma Al Marri,salma.al.marri@presight.ai,Marketing,Brand Manager,13273.0,3,Active,Project completion bonus integration,2023-03-06,2024-10-15,False
1329,EMP0597,Salma Al Marri,salma.al.marri@presight.ai,Marketing,Brand Manager,15716.0,3,Active,Retention adjustment,2024-10-15,9999-12-31,True
1330,EMP0598,Arjun Kapoor,arjun.kapoor@presight.ai,Procurement,Procurement Analyst,12065.0,3,Active,Initial appointment,2024-04-20,2024-11-14,False
1331,EMP0598,Arjun Kapoor,arjun.kapoor@presight.ai,Procurement,Procurement Analyst,13705.0,3,Active,Promoted following review,2024-11-14,2025-02-28,False
1332,EMP0598,Arjun Kapoor,arjun.kapoor@presight.ai,Procurement,Procurement Analyst,20533.0,3,Active,Promoted following review,2025-02-28,9999-12-31,True
1333,EMP0599,Sami Al Mansoori,sami.al.mansoori@presight.ai,Finance,Budget Analyst,37810.0,15,Active,Initial appointment,2011-08-26,2016-10-30,False
1334,EMP0599,Sami Al Mansoori,sami.al.mansoori@presight.ai,Finance,Budget Analyst,42233.0,15,Active,Project completion bonus integration,2016-10-30,2018-07-27,False
1335,EMP0599,Sami Al Mansoori,sami.al.mansoori@presight.ai,Finance,Budget Analyst,64777.0,15,Active,Annual performance increase,2018-07-27,9999-12-31,True
1336,EMP0600,Huda Farooq,huda.farooq@presight.ai,Operations,Senior Data Engineer,31935.0,9,Active,Hire - Initial Appointment,2020-01-01,9999-12-31,True
1337,EMP0601,Yasmin Saleh,yasmin.saleh1@presight.ai,Sales,Sales Analyst,38087.0,12,Active,Hire - Initial Appointment,2015-07-17,9999-12-31,True
1338,EMP0602,Khalifa Saeed,khalifa.saeed@presight.ai,IT,Data Engineer,14714.0,4,Active,Initial appointment,2022-03-09,2023-10-26,False
1339,EMP0602,Khalifa Saeed,khalifa.saeed@presight.ai,IT,Data Engineer,21037.0,4,Active,Annual performance increase,2023-10-26,9999-12-31,True
1340,EMP0603,Yusuf Al Bloushi,yusuf.al.bloushi@presight.ai,Engineering,Platform Engineer,34807.0,23,Active,Initial appointment,2003-08-14,2015-01-01,False
1341,EMP0603,Yusuf Al Bloushi,yusuf.al.bloushi@presight.ai,Engineering,Platform Engineer,37231.0,23,Active,Retention adjustment,2015-01-01,2015-11-22,False
1342,EMP0603,Yusuf Al Bloushi,yusuf.al.bloushi@presight.ai,Engineering,Platform Engineer,40866.0,23,Active,Annual performance increase,2015-11-22,2019-06-16,False
1343,EMP0603,Yusuf Al Bloushi,yusuf.al.bloushi@presight.ai,Engineering,Platform Engineer,59207.0,23,Active,Promoted following review,2019-06-16,9999-12-31,True
1344,EMP0604,Arjun Reddy,arjun.reddy@presight.ai,HR,HR Analyst,14413.0,5,Active,Initial appointment,2020-08-14,2021-10-07,False
1345,EMP0604,Arjun Reddy,arjun.reddy@presight.ai,HR,HR Analyst,19584.0,5,Active,Cost of living adjustment,2021-10-07,9999-12-31,True
1346,EMP0605,Aaliyah Al Rumaithi,aaliyah.al.rumaithi@presight.ai,IT,IT Manager,18519.0,12,Active,Initial appointment,2013-08-17,2014-02-23,False
1347,EMP0605,Aaliyah Al Rumaithi,aaliyah.al.rumaithi@presight.ai,IT,IT Manager,26900.0,12,Active,Annual performance increase,2014-02-23,9999-12-31,True
1348,EMP0606,Yusuf Al Naqbi,yusuf.al.naqbi@presight.ai,Data Science,Senior Data Analyst,13484.0,3,Active,Initial appointment,2022-09-18,2023-07-10,False
1349,EMP0606,Yusuf Al Naqbi,yusuf.al.naqbi@presight.ai,Data Science,Senior Data Analyst,14969.0,3,Active,Promoted following review,2023-07-10,2025-05-24,False
1350,EMP0606,Yusuf Al Naqbi,yusuf.al.naqbi@presight.ai,Data Science,Senior Data Analyst,19327.0,3,Active,Market correction adjustment,2025-05-24,9999-12-31,True
1351,EMP0607,Ahmed Khoury,ahmed.khoury@presight.ai,Marketing,Marketing Analyst,14016.0,3,Active,Hire - Initial Appointment,2024-02-18,9999-12-31,True
1352,EMP0608,Pooja Murthy,pooja.murthy2@presight.ai,Marketing,Marketing Analyst,43300.0,10,Active,Hire - Initial Appointment,2015-02-13,9999-12-31,True
1353,EMP0609,Mariam Saleh,mariam.saleh1@presight.ai,Sales,Sales Analyst,10805.0,2,Active,Initial appointment,2024-03-07,2025-03-06,False
1354,EMP0609,Mariam Saleh,mariam.saleh1@presight.ai,Sales,Sales Analyst,11808.0,2,Active,Project completion bonus integration,2025-03-06,2025-03-22,False
1355,EMP0609,Mariam Saleh,mariam.saleh1@presight.ai,Sales,Sales Analyst,15711.0,2,Active,Promoted following review,2025-03-22,9999-12-31,True
1356,EMP0610,Rashid Al Khaja,rashid.al.khaja1@presight.ai,Sustainability,Sustainability Analyst,28386.0,14,Active,Initial appointment,2012-04-04,2019-05-30,False
1357,EMP0610,Rashid Al Khaja,rashid.al.khaja1@presight.ai,Sustainability,Sustainability Analyst,32321.0,14,Active,Project completion bonus integration,2019-05-30,2020-03-15,False
1358,EMP0610,Rashid Al Khaja,rashid.al.khaja1@presight.ai,Sustainability,Sustainability Analyst,38781.0,14,Active,Promoted following review,2020-03-15,2022-11-30,False
1359,EMP0610,Rashid Al Khaja,rashid.al.khaja1@presight.ai,Sustainability,Sustainability Analyst,43986.0,14,Active,Annual performance increase,2022-11-30,2024-08-18,False
1360,EMP0610,Rashid Al Khaja,rashid.al.khaja1@presight.ai,Sustainability,Sustainability Analyst,39516.0,14,Active,Project completion bonus integration,2024-08-18,9999-12-31,True
1361,EMP0611,Ibrahim Al Marri,ibrahim.al.marri@presight.ai,Legal,Legal Analyst,24907.0,7,Active,Initial appointment,2018-06-03,2020-01-10,False
1362,EMP0611,Ibrahim Al Marri,ibrahim.al.marri@presight.ai,Legal,Legal Analyst,27693.0,7,Active,Annual performance increase,2020-01-10,2020-09-09,False
1363,EMP0611,Ibrahim Al Marri,ibrahim.al.marri@presight.ai,Legal,Legal Analyst,35603.0,7,Active,Retention adjustment,2020-09-09,9999-12-31,True
1364,EMP0612,James Hernandez,james.hernandez@presight.ai,Sales,Account Manager,11233.0,1,Active,Initial appointment,2024-08-16,2025-05-03,False
1365,EMP0612,James Hernandez,james.hernandez@presight.ai,Sales,Account Manager,16199.0,1,Active,Market correction adjustment,2025-05-03,9999-12-31,True
1366,EMP0613,Eman Al Zaabi,eman.al.zaabi1@presight.ai,Marketing,Brand Manager,12761.0,0,Active,Hire - Initial Appointment,2024-06-23,9999-12-31,True
1367,EMP0614,Hiroshi Reddy,hiroshi.reddy@presight.ai,Sales,Sales Analyst,29762.0,12,Active,Hire - Initial Appointment,2014-02-12,9999-12-31,True
1368,EMP0615,Nikhil Bhatt,nikhil.bhatt@presight.ai,Sustainability,Data Analyst,13939.0,2,Active,Initial appointment,2023-09-20,2024-03-19,False
1369,EMP0615,Nikhil Bhatt,nikhil.bhatt@presight.ai,Sustainability,Data Analyst,15348.0,2,Active,Retention adjustment,2024-03-19,2025-06-11,False
1370,EMP0615,Nikhil Bhatt,nikhil.bhatt@presight.ai,Sustainability,Data Analyst,21513.0,2,Active,Project completion bonus integration,2025-06-11,9999-12-31,True
1371,EMP0616,Fatima Al Zaabi,fatima.al.zaabi1@presight.ai,Finance,Finance Manager,17326.0,6,Active,Initial appointment,2021-08-25,2024-07-31,False
1372,EMP0616,Fatima Al Zaabi,fatima.al.zaabi1@presight.ai,Finance,Finance Manager,20586.0,6,Active,Market correction adjustment,2024-07-31,2024-11-06,False
1373,EMP0616,Fatima Al Zaabi,fatima.al.zaabi1@presight.ai,Finance,Finance Manager,23680.0,6,Active,Annual performance increase,2024-11-06,2025-04-08,False
1374,EMP0616,Fatima Al Zaabi,fatima.al.zaabi1@presight.ai,Finance,Finance Manager,25266.0,6,Active,Promoted following review,2025-04-08,9999-12-31,True
1375,EMP0617,Nadia Rahman,nadia.rahman@presight.ai,Finance,Finance Director,15015.0,5,Active,Initial appointment,2022-05-16,2023-09-02,False
1376,EMP0617,Nadia Rahman,nadia.rahman@presight.ai,Finance,Finance Director,17964.0,5,Active,Annual performance increase,2023-09-02,2024-05-11,False
1377,EMP0617,Nadia Rahman,nadia.rahman@presight.ai,Finance,Finance Director,21043.0,5,Active,Retention adjustment,2024-05-11,2024-10-18,False
1378,EMP0617,Nadia Rahman,nadia.rahman@presight.ai,Finance,Finance Director,23204.0,5,Active,Retention adjustment,2024-10-18,9999-12-31,True
1379,EMP0618,Khalid Al Khaja,khalid.al.khaja@presight.ai,Procurement,Vendor Manager,32372.0,18,Inactive,Initial appointment,2009-01-13,2011-12-01,False
1380,EMP0618,Khalid Al Khaja,khalid.al.khaja@presight.ai,Procurement,Vendor Manager,34531.0,18,Inactive,Market correction adjustment,2011-12-01,2018-06-21,False
1381,EMP0618,Khalid Al Khaja,khalid.al.khaja@presight.ai,Procurement,Vendor Manager,53484.0,18,Inactive,Project completion bonus integration,2018-06-21,9999-12-31,True
1382,EMP0619,Roshan Malik,roshan.malik@presight.ai,Legal,Legal Analyst,27280.0,17,Active,Initial appointment,2010-07-07,2012-04-22,False
1383,EMP0619,Roshan Malik,roshan.malik@presight.ai,Legal,Legal Analyst,42961.0,17,Active,Project completion bonus integration,2012-04-22,9999-12-31,True
1384,EMP0620,Reem Al Khaja,reem.al.khaja@presight.ai,IT,Cloud Architect,12916.0,0,Active,Hire - Initial Appointment,2024-04-06,9999-12-31,True
1385,EMP0621,Sanjay Menon,sanjay.menon1@presight.ai,Sustainability,Sustainability Analyst,15796.0,1,Active,Hire - Initial Appointment,2024-08-04,9999-12-31,True
1386,EMP0622,Roshan Nambiar,roshan.nambiar@presight.ai,Digital,Content Strategist,10047.0,1,Active,Initial appointment,2024-05-30,2025-03-19,False
1387,EMP0622,Roshan Nambiar,roshan.nambiar@presight.ai,Digital,Content Strategist,12028.0,1,Active,Annual performance increase,2025-03-19,2025-03-30,False
1388,EMP0622,Roshan Nambiar,roshan.nambiar@presight.ai,Digital,Content Strategist,14074.0,1,Active,Cost of living adjustment,2025-03-30,2025-06-20,False
1389,EMP0622,Roshan Nambiar,roshan.nambiar@presight.ai,Digital,Content Strategist,16794.0,1,Active,Market correction adjustment,2025-06-20,9999-12-31,True
1390,EMP0623,Saif Najjar,saif.najjar@presight.ai,Procurement,Vendor Manager,23951.0,5,Active,Hire - Initial Appointment,2022-05-29,9999-12-31,True
1391,EMP0624,Ravi Hussain,ravi.hussain1@presight.ai,Digital,UX Designer,21327.0,2,Active,Hire - Initial Appointment,2024-06-10,9999-12-31,True
1392,EMP0625,Aaliyah Al Hashimi,aaliyah.al.hashimi@presight.ai,Digital,Digital Analyst,32345.0,11,Active,Hire - Initial Appointment,2014-03-26,9999-12-31,True
1393,EMP0626,Abdulla Saeed,abdulla.saeed@presight.ai,Sales,Account Manager,18074.0,4,Active,Hire - Initial Appointment,2023-07-19,9999-12-31,True
1394,EMP0627,Hiroshi Pillai,hiroshi.pillai@presight.ai,Marketing,Marketing Analyst,22464.0,5,Active,Hire - Initial Appointment,2020-03-30,9999-12-31,True
1395,EMP0628,Hiroshi Kapoor,hiroshi.kapoor@presight.ai,Operations,Operations Analyst,10796.0,4,Active,Initial appointment,2022-07-02,2023-05-07,False
1396,EMP0628,Hiroshi Kapoor,hiroshi.kapoor@presight.ai,Operations,Operations Analyst,11788.0,4,Active,Annual performance increase,2023-05-07,2025-01-18,False
1397,EMP0628,Hiroshi Kapoor,hiroshi.kapoor@presight.ai,Operations,Operations Analyst,12519.0,4,Active,Project completion bonus integration,2025-01-18,2025-05-24,False
1398,EMP0628,Hiroshi Kapoor,hiroshi.kapoor@presight.ai,Operations,Operations Analyst,17148.0,4,Active,Market correction adjustment,2025-05-24,9999-12-31,True
1399,EMP0629,Karthik Joshi,karthik.joshi1@presight.ai,HR,Lead Data Engineer,11829.0,2,Active,Initial appointment,2024-04-24,2025-01-19,False
1400,EMP0629,Karthik Joshi,karthik.joshi1@presight.ai,HR,Lead Data Engineer,18857.0,2,Active,Retention adjustment,2025-01-19,9999-12-31,True
1401,EMP0630,Khalifa Mansour,khalifa.mansour1@presight.ai,Finance,Finance Manager,47900.0,18,Active,Hire - Initial Appointment,2007-01-30,9999-12-31,True
1402,EMP0631,Anika Nair,anika.nair@presight.ai,Marketing,Marketing Analyst,19547.0,5,Active,Initial appointment,2022-02-23,2022-11-15,False
1403,EMP0631,Anika Nair,anika.nair@presight.ai,Marketing,Marketing Analyst,21443.0,5,Active,Cost of living adjustment,2022-11-15,2022-12-10,False
1404,EMP0631,Anika Nair,anika.nair@presight.ai,Marketing,Marketing Analyst,34215.0,5,Active,Promoted following review,2022-12-10,9999-12-31,True
1405,EMP0632,Carlos Johnson,carlos.johnson@presight.ai,Finance,Finance Manager,24230.0,6,Active,Initial appointment,2019-07-07,2021-04-18,False
1406,EMP0632,Carlos Johnson,carlos.johnson@presight.ai,Finance,Finance Manager,26132.0,6,Active,Annual performance increase,2021-04-18,2024-10-08,False
1407,EMP0632,Carlos Johnson,carlos.johnson@presight.ai,Finance,Finance Manager,33165.0,6,Active,Annual performance increase,2024-10-08,9999-12-31,True
1408,EMP0633,Nadia Al Mansoori,nadia.al.mansoori1@presight.ai,Operations,Supply Chain Analyst,30592.0,9,Active,Hire - Initial Appointment,2018-03-30,9999-12-31,True
1409,EMP0634,Hassan Al Naqbi,hassan.al.naqbi@presight.ai,Sustainability,Data Analyst,18130.0,5,Active,Hire - Initial Appointment,2021-07-29,9999-12-31,True
1410,EMP0635,Anjali Zhang,anjali.zhang1@presight.ai,IT,Data Engineer,18603.0,6,Active,Initial appointment,2020-06-11,2021-09-27,False
1411,EMP0635,Anjali Zhang,anjali.zhang1@presight.ai,IT,Data Engineer,22103.0,6,Active,Annual performance increase,2021-09-27,2023-05-09,False
1412,EMP0635,Anjali Zhang,anjali.zhang1@presight.ai,IT,Data Engineer,26140.0,6,Active,Project completion bonus integration,2023-05-09,9999-12-31,True
1413,EMP0636,Khalifa Farooq,khalifa.farooq@presight.ai,Sales,Sales Analyst,9316.0,2,Active,Initial appointment,2024-07-24,2025-04-10,False
1414,EMP0636,Khalifa Farooq,khalifa.farooq@presight.ai,Sales,Sales Analyst,16258.0,2,Active,Retention adjustment,2025-04-10,9999-12-31,True
1415,EMP0637,Divya Murthy,divya.murthy@presight.ai,Engineering,Data Modeler,35000.0,7,Active,Hire - Initial Appointment,2020-07-26,9999-12-31,True
1416,EMP0638,Ravi Menon,ravi.menon@presight.ai,Digital,Content Strategist,28232.0,9,Active,Hire - Initial Appointment,2016-01-21,9999-12-31,True
1417,EMP0639,Mateo Reddy,mateo.reddy@presight.ai,Sustainability,Data Analyst,15245.0,6,Active,Initial appointment,2020-09-24,2022-10-16,False
1418,EMP0639,Mateo Reddy,mateo.reddy@presight.ai,Sustainability,Data Analyst,17726.0,6,Active,Annual performance increase,2022-10-16,2024-06-15,False
1419,EMP0639,Mateo Reddy,mateo.reddy@presight.ai,Sustainability,Data Analyst,21191.0,6,Active,Annual performance increase,2024-06-15,9999-12-31,True
1420,EMP0640,Fatima Al Mazrouei,fatima.al.mazrouei@presight.ai,Finance,Finance Manager,18339.0,5,Active,Initial appointment,2021-05-13,2023-10-23,False
1421,EMP0640,Fatima Al Mazrouei,fatima.al.mazrouei@presight.ai,Finance,Finance Manager,20892.0,5,Active,Promoted following review,2023-10-23,2024-05-08,False
1422,EMP0640,Fatima Al Mazrouei,fatima.al.mazrouei@presight.ai,Finance,Finance Manager,23575.0,5,Active,Retention adjustment,2024-05-08,2024-08-12,False
1423,EMP0640,Fatima Al Mazrouei,fatima.al.mazrouei@presight.ai,Finance,Finance Manager,26809.0,5,Active,Cost of living adjustment,2024-08-12,9999-12-31,True
1424,EMP0641,Anika Zhang,anika.zhang1@presight.ai,Finance,Financial Analyst,32424.0,10,Active,Hire - Initial Appointment,2015-05-02,9999-12-31,True
1425,EMP0642,Priya Hussain,priya.hussain2@presight.ai,IT,Data Engineer,18821.0,6,Active,Initial appointment,2020-09-22,2024-09-01,False
1426,EMP0642,Priya Hussain,priya.hussain2@presight.ai,IT,Data Engineer,21509.0,6,Active,Retention adjustment,2024-09-01,2024-12-23,False
1427,EMP0642,Priya Hussain,priya.hussain2@presight.ai,IT,Data Engineer,29057.0,6,Active,Promoted following review,2024-12-23,9999-12-31,True
1428,EMP0643,Sami Rahman,sami.rahman@presight.ai,Legal,Compliance Analyst,16996.0,5,Active,Initial appointment,2021-03-08,2022-07-08,False
1429,EMP0643,Sami Rahman,sami.rahman@presight.ai,Legal,Compliance Analyst,20259.0,5,Active,Cost of living adjustment,2022-07-08,2023-12-14,False
1430,EMP0643,Sami Rahman,sami.rahman@presight.ai,Legal,Compliance Analyst,26511.0,5,Active,Market correction adjustment,2023-12-14,9999-12-31,True
1431,EMP0644,Pooja Kumar,pooja.kumar@presight.ai,Sustainability,Sustainability Analyst,19160.0,6,Active,Hire - Initial Appointment,2020-08-05,9999-12-31,True
1432,EMP0645,Sanjay Pillai,sanjay.pillai@presight.ai,IT,IT Manager,13994.0,5,Active,Initial appointment,2020-09-20,2021-11-09,False
1433,EMP0645,Sanjay Pillai,sanjay.pillai@presight.ai,IT,IT Manager,14967.0,5,Active,Market correction adjustment,2021-11-09,2021-12-07,False
1434,EMP0645,Sanjay Pillai,sanjay.pillai@presight.ai,IT,IT Manager,22825.0,5,Active,Project completion bonus integration,2021-12-07,9999-12-31,True
1435,EMP0646,Adam Mansour,adam.mansour@presight.ai,HR,HR Analyst,47856.0,14,Active,Hire - Initial Appointment,2011-03-06,9999-12-31,True
1436,EMP0647,Salma Al Shamsi,salma.al.shamsi@presight.ai,HR,Learning & Development,17229.0,3,Active,Hire - Initial Appointment,2022-08-04,9999-12-31,True
1437,EMP0648,Khalid Hamdan,khalid.hamdan2@presight.ai,Engineering,Lead Data Engineer,7459.0,0,Active,Initial appointment,2024-09-03,2025-06-06,False
1438,EMP0648,Khalid Hamdan,khalid.hamdan2@presight.ai,Engineering,Lead Data Engineer,12553.0,0,Active,Cost of living adjustment,2025-06-06,9999-12-31,True
1439,EMP0649,Mira Hamdan,mira.hamdan@presight.ai,Procurement,Procurement Analyst,27269.0,12,Active,Hire - Initial Appointment,2014-08-20,9999-12-31,True
1440,EMP0650,Raj Nair,raj.nair@presight.ai,Legal,Legal Analyst,13424.0,6,Active,Initial appointment,2019-08-16,2024-03-08,False
1441,EMP0650,Raj Nair,raj.nair@presight.ai,Legal,Legal Analyst,19777.0,6,Active,Cost of living adjustment,2024-03-08,9999-12-31,True
1442,EMP0651,Mohammed Saeed,mohammed.saeed@presight.ai,Sales,Account Manager,34192.0,6,Active,Hire - Initial Appointment,2021-02-13,9999-12-31,True
1443,EMP0652,Priya Reddy,priya.reddy1@presight.ai,Operations,Senior Data Engineer,25305.0,6,Active,Hire - Initial Appointment,2021-04-03,9999-12-31,True
1444,EMP0653,Priya Zhang,priya.zhang@presight.ai,Data Science,BI Engineer,30249.0,11,Inactive,Hire - Initial Appointment,2016-01-26,9999-12-31,True
1445,EMP0654,Nadia Al Mansoori,nadia.al.mansoori2@presight.ai,Sustainability,Sustainability Analyst,10749.0,2,Active,Initial appointment,2023-03-28,2024-02-11,False
1446,EMP0654,Nadia Al Mansoori,nadia.al.mansoori2@presight.ai,Sustainability,Sustainability Analyst,12343.0,2,Active,Project completion bonus integration,2024-02-11,2024-03-31,False
1447,EMP0654,Nadia Al Mansoori,nadia.al.mansoori2@presight.ai,Sustainability,Sustainability Analyst,17745.0,2,Active,Cost of living adjustment,2024-03-31,9999-12-31,True
1448,EMP0655,Reem Yousef,reem.yousef@presight.ai,Sales,Account Manager,9587.0,0,Active,Initial appointment,2024-01-30,2024-12-11,False
1449,EMP0655,Reem Yousef,reem.yousef@presight.ai,Sales,Account Manager,13486.0,0,Active,Project completion bonus integration,2024-12-11,9999-12-31,True
1450,EMP0656,Hanan Al Rumaithi,hanan.al.rumaithi@presight.ai,Legal,Compliance Analyst,38849.0,11,Active,Hire - Initial Appointment,2014-05-04,9999-12-31,True
1451,EMP0657,Lara Okonkwo,lara.okonkwo@presight.ai,HR,Learning & Development,17536.0,5,Active,Hire - Initial Appointment,2020-07-28,9999-12-31,True
1452,EMP0658,Saif Al Mazrouei,saif.al.mazrouei@presight.ai,Sustainability,Data Analyst,21068.0,11,Active,Initial appointment,2015-02-14,2016-09-08,False
1453,EMP0658,Saif Al Mazrouei,saif.al.mazrouei@presight.ai,Sustainability,Data Analyst,22941.0,11,Active,Market correction adjustment,2016-09-08,2017-09-28,False
1454,EMP0658,Saif Al Mazrouei,saif.al.mazrouei@presight.ai,Sustainability,Data Analyst,29990.0,11,Active,Retention adjustment,2017-09-28,9999-12-31,True
1455,EMP0659,Adam Al Mazrouei,adam.al.mazrouei@presight.ai,Sustainability,Sustainability Analyst,38684.0,8,Inactive,Hire - Initial Appointment,2018-05-30,9999-12-31,True
1456,EMP0660,Inga Eriksson,inga.eriksson@presight.ai,Marketing,Brand Manager,11649.0,3,Active,Initial appointment,2024-09-18,2025-04-18,False
1457,EMP0660,Inga Eriksson,inga.eriksson@presight.ai,Marketing,Brand Manager,13845.0,3,Active,Cost of living adjustment,2025-04-18,2025-05-28,False
1458,EMP0660,Inga Eriksson,inga.eriksson@presight.ai,Marketing,Brand Manager,15255.0,3,Active,Promoted following review,2025-05-28,2025-06-15,False
1459,EMP0660,Inga Eriksson,inga.eriksson@presight.ai,Marketing,Brand Manager,19878.0,3,Active,Annual performance increase,2025-06-15,9999-12-31,True
1460,EMP0661,Nikhil Joshi,nikhil.joshi@presight.ai,Legal,Compliance Analyst,34117.0,9,Active,Hire - Initial Appointment,2017-04-19,9999-12-31,True
1461,EMP0662,Divya Menon,divya.menon@presight.ai,Finance,Finance Director,58946.0,15,Active,Hire - Initial Appointment,2012-06-16,9999-12-31,True
1462,EMP0663,Bilal Najjar,bilal.najjar2@presight.ai,Engineering,Data Engineer,16780.0,7,Active,Initial appointment,2019-09-09,2023-12-08,False
1463,EMP0663,Bilal Najjar,bilal.najjar2@presight.ai,Engineering,Data Engineer,18353.0,7,Active,Cost of living adjustment,2023-12-08,2024-06-30,False
1464,EMP0663,Bilal Najjar,bilal.najjar2@presight.ai,Engineering,Data Engineer,25156.0,7,Active,Promoted following review,2024-06-30,9999-12-31,True
1465,EMP0664,Meera Joshi,meera.joshi@presight.ai,Sustainability,Sustainability Analyst,9513.0,2,Active,Initial appointment,2024-07-02,2025-01-20,False
1466,EMP0664,Meera Joshi,meera.joshi@presight.ai,Sustainability,Sustainability Analyst,11026.0,2,Active,Cost of living adjustment,2025-01-20,2025-02-03,False
1467,EMP0664,Meera Joshi,meera.joshi@presight.ai,Sustainability,Sustainability Analyst,12049.0,2,Active,Annual performance increase,2025-02-03,2025-06-11,False
1468,EMP0664,Meera Joshi,meera.joshi@presight.ai,Sustainability,Sustainability Analyst,14301.0,2,Active,Retention adjustment,2025-06-11,2025-06-26,False
1469,EMP0664,Meera Joshi,meera.joshi@presight.ai,Sustainability,Sustainability Analyst,13011.0,2,Active,Annual performance increase,2025-06-26,9999-12-31,True
1470,EMP0665,Anjali Verma,anjali.verma1@presight.ai,Digital,Product Manager,15436.0,2,Active,Initial appointment,2023-01-11,2024-11-06,False
1471,EMP0665,Anjali Verma,anjali.verma1@presight.ai,Digital,Product Manager,18032.0,2,Active,Retention adjustment,2024-11-06,2025-01-11,False
1472,EMP0665,Anjali Verma,anjali.verma1@presight.ai,Digital,Product Manager,20641.0,2,Active,Retention adjustment,2025-01-11,9999-12-31,True
1473,EMP0666,Hamad Saleh,hamad.saleh1@presight.ai,Sales,Sales Analyst,18919.0,5,Active,Hire - Initial Appointment,2021-01-19,9999-12-31,True
1474,EMP0667,Anjali Chen,anjali.chen@presight.ai,Sales,Account Manager,13058.0,6,Active,Initial appointment,2020-03-29,2020-12-22,False
1475,EMP0667,Anjali Chen,anjali.chen@presight.ai,Sales,Account Manager,14695.0,6,Active,Project completion bonus integration,2020-12-22,2022-07-21,False
1476,EMP0667,Anjali Chen,anjali.chen@presight.ai,Sales,Account Manager,16502.0,6,Active,Market correction adjustment,2022-07-21,2023-05-27,False
1477,EMP0667,Anjali Chen,anjali.chen@presight.ai,Sales,Account Manager,21662.0,6,Active,Cost of living adjustment,2023-05-27,9999-12-31,True
1478,EMP0668,Ravi Kumar,ravi.kumar1@presight.ai,IT,Cloud Architect,7512.0,1,Active,Initial appointment,2024-04-26,2024-11-16,False
1479,EMP0668,Ravi Kumar,ravi.kumar1@presight.ai,IT,Cloud Architect,12532.0,1,Active,Project completion bonus integration,2024-11-16,9999-12-31,True
1480,EMP0669,Anjali Malik,anjali.malik@presight.ai,Sales,Account Manager,22576.0,6,Active,Hire - Initial Appointment,2020-01-03,9999-12-31,True
1481,EMP0670,Hanan Yousef,hanan.yousef1@presight.ai,Legal,Legal Analyst,13481.0,4,Active,Initial appointment,2023-01-23,2024-04-18,False
1482,EMP0670,Hanan Yousef,hanan.yousef1@presight.ai,Legal,Legal Analyst,21059.0,4,Active,Project completion bonus integration,2024-04-18,9999-12-31,True
1483,EMP0671,Maryam Al Bloushi,maryam.al.bloushi1@presight.ai,Engineering,Lead Data Engineer,17670.0,6,Active,Hire - Initial Appointment,2019-04-27,9999-12-31,True
1484,EMP0672,Adam Al Bloushi,adam.al.bloushi@presight.ai,Finance,Financial Analyst,12228.0,3,Active,Hire - Initial Appointment,2023-01-13,9999-12-31,True
1485,EMP0673,Min Verma,min.verma@presight.ai,Digital,Digital Analyst,13989.0,2,Active,Initial appointment,2024-09-23,2025-04-04,False
1486,EMP0673,Min Verma,min.verma@presight.ai,Digital,Digital Analyst,15743.0,2,Active,Market correction adjustment,2025-04-04,2025-05-27,False
1487,EMP0673,Min Verma,min.verma@presight.ai,Digital,Digital Analyst,23819.0,2,Active,Cost of living adjustment,2025-05-27,9999-12-31,True
1488,EMP0674,Anika Menon,anika.menon@presight.ai,Digital,UX Designer,25994.0,5,Active,Hire - Initial Appointment,2021-06-10,9999-12-31,True
1489,EMP0675,Paolo Okonkwo,paolo.okonkwo@presight.ai,Finance,Finance Director,17606.0,6,Active,Initial appointment,2021-01-29,2021-08-12,False
1490,EMP0675,Paolo Okonkwo,paolo.okonkwo@presight.ai,Finance,Finance Director,20223.0,6,Active,Annual performance increase,2021-08-12,2025-01-25,False
1491,EMP0675,Paolo Okonkwo,paolo.okonkwo@presight.ai,Finance,Finance Director,21576.0,6,Active,Retention adjustment,2025-01-25,2025-05-25,False
1492,EMP0675,Paolo Okonkwo,paolo.okonkwo@presight.ai,Finance,Finance Director,26077.0,6,Active,Market correction adjustment,2025-05-25,9999-12-31,True
1493,EMP0676,Nadia Al Mazrouei,nadia.al.mazrouei@presight.ai,Marketing,Marketing Analyst,32428.0,11,Active,Hire - Initial Appointment,2015-08-10,9999-12-31,True
1494,EMP0677,Daniel Pillai,daniel.pillai@presight.ai,Sustainability,Data Analyst,13386.0,2,Active,Initial appointment,2023-02-04,2024-11-14,False
1495,EMP0677,Daniel Pillai,daniel.pillai@presight.ai,Sustainability,Data Analyst,15004.0,2,Active,Annual performance increase,2024-11-14,2025-01-17,False
1496,EMP0677,Daniel Pillai,daniel.pillai@presight.ai,Sustainability,Data Analyst,17884.0,2,Active,Annual performance increase,2025-01-17,9999-12-31,True
1497,EMP0678,Meera Reddy,meera.reddy@presight.ai,Finance,Finance Director,16337.0,6,Active,Initial appointment,2020-04-06,2022-11-14,False
1498,EMP0678,Meera Reddy,meera.reddy@presight.ai,Finance,Finance Director,22936.0,6,Active,Market correction adjustment,2022-11-14,9999-12-31,True
1499,EMP0679,Eman Khoury,eman.khoury1@presight.ai,Sales,Account Manager,34562.0,7,Active,Hire - Initial Appointment,2018-08-30,9999-12-31,True
1500,EMP0680,James Okonkwo,james.okonkwo@presight.ai,Operations,Senior Data Engineer,12451.0,5,Active,Initial appointment,2021-04-11,2023-11-15,False
1501,EMP0680,James Okonkwo,james.okonkwo@presight.ai,Operations,Senior Data Engineer,13888.0,5,Active,Promoted following review,2023-11-15,2025-03-10,False
1502,EMP0680,James Okonkwo,james.okonkwo@presight.ai,Operations,Senior Data Engineer,15541.0,5,Active,Annual performance increase,2025-03-10,2025-03-11,False
1503,EMP0680,James Okonkwo,james.okonkwo@presight.ai,Operations,Senior Data Engineer,17447.0,5,Active,Annual performance increase,2025-03-11,9999-12-31,True
1504,EMP0681,Omar Farooq,omar.farooq1@presight.ai,Digital,Content Strategist,34826.0,10,Active,Hire - Initial Appointment,2017-06-22,9999-12-31,True
1505,EMP0682,Khalifa Hamdan,khalifa.hamdan1@presight.ai,Operations,Senior Data Engineer,41654.0,11,Active,Hire - Initial Appointment,2015-04-22,9999-12-31,True
1506,EMP0683,Arun Kapadia,arun.kapadia@presight.ai,Operations,Operations Analyst,13692.0,2,Active,Initial appointment,2023-07-03,2024-03-03,False
1507,EMP0683,Arun Kapadia,arun.kapadia@presight.ai,Operations,Operations Analyst,15069.0,2,Active,Promoted following review,2024-03-03,2024-07-10,False
1508,EMP0683,Arun Kapadia,arun.kapadia@presight.ai,Operations,Operations Analyst,17854.0,2,Active,Project completion bonus integration,2024-07-10,2025-04-21,False
1509,EMP0683,Arun Kapadia,arun.kapadia@presight.ai,Operations,Operations Analyst,19972.0,2,Active,Promoted following review,2025-04-21,9999-12-31,True
1510,EMP0684,Salma Al Suwaidi,salma.al.suwaidi@presight.ai,Engineering,Lead Data Engineer,13426.0,1,Active,Hire - Initial Appointment,2024-03-30,9999-12-31,True
1511,EMP0685,Khalid Al Rumaithi,khalid.al.rumaithi3@presight.ai,Data Science,BI Specialist,7415.0,3,Active,Initial appointment,2024-02-26,2024-10-17,False
1512,EMP0685,Khalid Al Rumaithi,khalid.al.rumaithi3@presight.ai,Data Science,BI Specialist,7966.0,3,Active,Project completion bonus integration,2024-10-17,2025-03-20,False
1513,EMP0685,Khalid Al Rumaithi,khalid.al.rumaithi3@presight.ai,Data Science,BI Specialist,13124.0,3,Active,Cost of living adjustment,2025-03-20,9999-12-31,True
1514,EMP0686,Salma Farooq,salma.farooq@presight.ai,IT,Data Engineer,31674.0,9,Active,Initial appointment,2016-03-16,2017-10-20,False
1515,EMP0686,Salma Farooq,salma.farooq@presight.ai,IT,Data Engineer,33290.0,9,Active,Project completion bonus integration,2017-10-20,2023-04-26,False
1516,EMP0686,Salma Farooq,salma.farooq@presight.ai,IT,Data Engineer,45106.0,9,Active,Market correction adjustment,2023-04-26,9999-12-31,True
1517,EMP0687,Salma Al Bloushi,salma.al.bloushi@presight.ai,Marketing,Marketing Analyst,17378.0,6,Active,Hire - Initial Appointment,2021-04-07,9999-12-31,True
1518,EMP0688,Mariam Al Naqbi,mariam.al.naqbi@presight.ai,Sustainability,Sustainability Analyst,24068.0,9,Active,Initial appointment,2017-02-04,2025-01-14,False
1519,EMP0688,Mariam Al Naqbi,mariam.al.naqbi@presight.ai,Sustainability,Sustainability Analyst,41428.0,9,Active,Project completion bonus integration,2025-01-14,9999-12-31,True
1520,EMP0689,Wei Murthy,wei.murthy2@presight.ai,Digital,Product Manager,14523.0,4,Active,Initial appointment,2023-09-05,2024-04-06,False
1521,EMP0689,Wei Murthy,wei.murthy2@presight.ai,Digital,Product Manager,16425.0,4,Active,Annual performance increase,2024-04-06,2024-10-05,False
1522,EMP0689,Wei Murthy,wei.murthy2@presight.ai,Digital,Product Manager,19636.0,4,Active,Market correction adjustment,2024-10-05,9999-12-31,True
1523,EMP0690,Meera Kumar,meera.kumar@presight.ai,Sales,Sales Analyst,13662.0,3,Active,Hire - Initial Appointment,2022-07-22,9999-12-31,True
1524,EMP0691,Aakash Desai,aakash.desai1@presight.ai,Sustainability,Data Analyst,10594.0,3,Active,Initial appointment,2024-06-29,2025-02-15,False
1525,EMP0691,Aakash Desai,aakash.desai1@presight.ai,Sustainability,Data Analyst,14417.0,3,Active,Project completion bonus integration,2025-02-15,9999-12-31,True
1526,EMP0692,Sanjay Zhang,sanjay.zhang@presight.ai,Digital,Digital Analyst,23590.0,5,Active,Hire - Initial Appointment,2021-05-20,9999-12-31,True
1527,EMP0693,Salim Al Zaabi,salim.al.zaabi@presight.ai,Data Science,BI Engineer,13563.0,6,Active,Initial appointment,2021-02-10,2023-09-30,False
1528,EMP0693,Salim Al Zaabi,salim.al.zaabi@presight.ai,Data Science,BI Engineer,15958.0,6,Active,Retention adjustment,2023-09-30,2025-02-14,False
1529,EMP0693,Salim Al Zaabi,salim.al.zaabi@presight.ai,Data Science,BI Engineer,21200.0,6,Active,Market correction adjustment,2025-02-14,9999-12-31,True
1530,EMP0694,Khalifa Mansour,khalifa.mansour2@presight.ai,Operations,Senior Data Engineer,14198.0,4,Active,Initial appointment,2022-05-21,2023-04-08,False
1531,EMP0694,Khalifa Mansour,khalifa.mansour2@presight.ai,Operations,Senior Data Engineer,19697.0,4,Active,Market correction adjustment,2023-04-08,9999-12-31,True
1532,EMP0695,Lara Okonkwo,lara.okonkwo1@presight.ai,Finance,Data Analyst,23415.0,5,Active,Hire - Initial Appointment,2021-01-07,9999-12-31,True
1533,EMP0696,Marcus Martin,marcus.martin@presight.ai,Operations,Operations Analyst,32773.0,8,Active,Hire - Initial Appointment,2019-08-29,9999-12-31,True
1534,EMP0697,Omar Yousef,omar.yousef@presight.ai,Procurement,Vendor Manager,20686.0,6,Active,Hire - Initial Appointment,2019-07-12,9999-12-31,True
1535,EMP0698,Daniel Pillai,daniel.pillai1@presight.ai,Sales,Account Manager,16016.0,11,Active,Initial appointment,2015-07-28,2019-12-31,False
1536,EMP0698,Daniel Pillai,daniel.pillai1@presight.ai,Sales,Account Manager,28694.0,11,Active,Retention adjustment,2019-12-31,9999-12-31,True
1537,EMP0699,Mohammed Saeed,mohammed.saeed1@presight.ai,Engineering,Senior Data Engineer,43410.0,17,Active,Hire - Initial Appointment,2010-07-23,9999-12-31,True
1538,EMP0700,Omar Hamdan,omar.hamdan2@presight.ai,Data Science,ML Engineer,22234.0,4,Active,Hire - Initial Appointment,2021-03-29,9999-12-31,True
1539,EMP0701,Ravi Nambiar,ravi.nambiar@presight.ai,Engineering,Data Engineer,10881.0,2,Active,Initial appointment,2023-04-30,2024-04-30,False
1540,EMP0701,Ravi Nambiar,ravi.nambiar@presight.ai,Engineering,Data Engineer,12539.0,2,Active,Market correction adjustment,2024-04-30,2024-07-20,False
1541,EMP0701,Ravi Nambiar,ravi.nambiar@presight.ai,Engineering,Data Engineer,14447.0,2,Active,Market correction adjustment,2024-07-20,2024-08-13,False
1542,EMP0701,Ravi Nambiar,ravi.nambiar@presight.ai,Engineering,Data Engineer,15262.0,2,Active,Market correction adjustment,2024-08-13,2025-03-18,False
1543,EMP0701,Ravi Nambiar,ravi.nambiar@presight.ai,Engineering,Data Engineer,15161.0,2,Active,Annual performance increase,2025-03-18,9999-12-31,True
1544,EMP0702,Ahmed Al Marri,ahmed.al.marri@presight.ai,HR,Learning & Development,44407.0,10,Active,Hire - Initial Appointment,2015-03-10,9999-12-31,True
1545,EMP0703,Ibrahim Al Naqbi,ibrahim.al.naqbi1@presight.ai,Operations,Senior Data Engineer,14572.0,5,Active,Initial appointment,2020-06-08,2022-04-27,False
1546,EMP0703,Ibrahim Al Naqbi,ibrahim.al.naqbi1@presight.ai,Operations,Senior Data Engineer,16369.0,5,Active,Promoted following review,2022-04-27,2023-01-20,False
1547,EMP0703,Ibrahim Al Naqbi,ibrahim.al.naqbi1@presight.ai,Operations,Senior Data Engineer,19143.0,5,Active,Promoted following review,2023-01-20,2025-01-25,False
1548,EMP0703,Ibrahim Al Naqbi,ibrahim.al.naqbi1@presight.ai,Operations,Senior Data Engineer,21550.0,5,Active,Annual performance increase,2025-01-25,2025-05-17,False
1549,EMP0703,Ibrahim Al Naqbi,ibrahim.al.naqbi1@presight.ai,Operations,Senior Data Engineer,22445.0,5,Active,Project completion bonus integration,2025-05-17,9999-12-31,True
1550,EMP0704,Omar Al Mansoori,omar.al.mansoori@presight.ai,IT,IT Manager,21954.0,3,Active,Hire - Initial Appointment,2024-06-17,9999-12-31,True
1551,EMP0705,Arun Joshi,arun.joshi1@presight.ai,Finance,Finance Director,30681.0,9,Active,Hire - Initial Appointment,2017-04-01,9999-12-31,True
1552,EMP0706,Roshan Kapadia,roshan.kapadia1@presight.ai,Sales,Sales Analyst,15223.0,0,Active,Hire - Initial Appointment,2024-03-21,9999-12-31,True
1553,EMP0707,Vikram Malik,vikram.malik1@presight.ai,Procurement,Procurement Analyst,19341.0,11,Active,Initial appointment,2016-03-05,2021-08-24,False
1554,EMP0707,Vikram Malik,vikram.malik1@presight.ai,Procurement,Procurement Analyst,23090.0,11,Active,Project completion bonus integration,2021-08-24,2022-08-11,False
1555,EMP0707,Vikram Malik,vikram.malik1@presight.ai,Procurement,Procurement Analyst,25441.0,11,Active,Cost of living adjustment,2022-08-11,2024-01-12,False
1556,EMP0707,Vikram Malik,vikram.malik1@presight.ai,Procurement,Procurement Analyst,33085.0,11,Active,Promoted following review,2024-01-12,9999-12-31,True
1557,EMP0708,Divya Tanaka,divya.tanaka2@presight.ai,Digital,Product Manager,16145.0,0,Active,Hire - Initial Appointment,2024-01-14,9999-12-31,True
1558,EMP0709,Layla Ibrahim,layla.ibrahim@presight.ai,Operations,Operations Analyst,12146.0,2,Active,Initial appointment,2024-03-10,2024-10-02,False
1559,EMP0709,Layla Ibrahim,layla.ibrahim@presight.ai,Operations,Operations Analyst,13019.0,2,Active,Project completion bonus integration,2024-10-02,2024-10-25,False
1560,EMP0709,Layla Ibrahim,layla.ibrahim@presight.ai,Operations,Operations Analyst,19052.0,2,Active,Retention adjustment,2024-10-25,9999-12-31,True
1561,EMP0710,Hamad Mansour,hamad.mansour@presight.ai,Sales,Account Manager,10389.0,5,Active,Initial appointment,2021-03-24,2025-05-10,False
1562,EMP0710,Hamad Mansour,hamad.mansour@presight.ai,Sales,Account Manager,18148.0,5,Active,Retention adjustment,2025-05-10,9999-12-31,True
1563,EMP0711,Yusuf Mansour,yusuf.mansour1@presight.ai,Procurement,Procurement Analyst,14850.0,2,Active,Initial appointment,2024-05-19,2025-02-07,False
1564,EMP0711,Yusuf Mansour,yusuf.mansour1@presight.ai,Procurement,Procurement Analyst,17557.0,2,Active,Cost of living adjustment,2025-02-07,2025-04-13,False
1565,EMP0711,Yusuf Mansour,yusuf.mansour1@presight.ai,Procurement,Procurement Analyst,19379.0,2,Active,Annual performance increase,2025-04-13,2025-04-28,False
1566,EMP0711,Yusuf Mansour,yusuf.mansour1@presight.ai,Procurement,Procurement Analyst,21844.0,2,Active,Retention adjustment,2025-04-28,2025-05-29,False
1567,EMP0711,Yusuf Mansour,yusuf.mansour1@presight.ai,Procurement,Procurement Analyst,22500.0,2,Active,Market correction adjustment,2025-05-29,9999-12-31,True
1568,EMP0712,Raj Patel,raj.patel@presight.ai,Operations,Operations Analyst,23852.0,6,Active,Hire - Initial Appointment,2021-02-22,9999-12-31,True
1569,EMP0713,Karthik Kapadia,karthik.kapadia@presight.ai,Operations,Supply Chain Analyst,30721.0,11,Inactive,Initial appointment,2014-01-11,2024-03-08,False
1570,EMP0713,Karthik Kapadia,karthik.kapadia@presight.ai,Operations,Supply Chain Analyst,41908.0,11,Inactive,Promoted following review,2024-03-08,9999-12-31,True
1571,EMP0714,Raj Hussain,raj.hussain@presight.ai,Data Science,Data Analyst,17040.0,3,Active,Initial appointment,2024-03-26,2024-10-06,False
1572,EMP0714,Raj Hussain,raj.hussain@presight.ai,Data Science,Data Analyst,19839.0,3,Active,Promoted following review,2024-10-06,2025-01-27,False
1573,EMP0714,Raj Hussain,raj.hussain@presight.ai,Data Science,Data Analyst,22685.0,3,Active,Cost of living adjustment,2025-01-27,2025-04-15,False
1574,EMP0714,Raj Hussain,raj.hussain@presight.ai,Data Science,Data Analyst,23528.0,3,Active,Market correction adjustment,2025-04-15,9999-12-31,True
1575,EMP0715,Omar Saleh,omar.saleh@presight.ai,Operations,Supply Chain Analyst,45010.0,9,Active,Hire - Initial Appointment,2016-04-21,9999-12-31,True
1576,EMP0716,Hanan Al Mansoori,hanan.al.mansoori1@presight.ai,Legal,Compliance Analyst,17540.0,4,Active,Hire - Initial Appointment,2023-07-08,9999-12-31,True
1577,EMP0717,Dana Al Hashimi,dana.al.hashimi@presight.ai,Procurement,Procurement Analyst,19063.0,2,Active,Hire - Initial Appointment,2024-06-15,9999-12-31,True
1578,EMP0718,James Hernandez,james.hernandez1@presight.ai,IT,Network Engineer,23530.0,12,Active,Initial appointment,2013-06-23,2016-04-07,False
1579,EMP0718,James Hernandez,james.hernandez1@presight.ai,IT,Network Engineer,25940.0,12,Active,Project completion bonus integration,2016-04-07,2020-06-18,False
1580,EMP0718,James Hernandez,james.hernandez1@presight.ai,IT,Network Engineer,29967.0,12,Active,Retention adjustment,2020-06-18,2022-11-05,False
1581,EMP0718,James Hernandez,james.hernandez1@presight.ai,IT,Network Engineer,35917.0,12,Active,Market correction adjustment,2022-11-05,9999-12-31,True
1582,EMP0719,Abdulla Khoury,abdulla.khoury1@presight.ai,Marketing,Marketing Analyst,20853.0,5,Active,Initial appointment,2022-03-05,2024-12-20,False
1583,EMP0719,Abdulla Khoury,abdulla.khoury1@presight.ai,Marketing,Marketing Analyst,28811.0,5,Active,Project completion bonus integration,2024-12-20,9999-12-31,True
1584,EMP0720,Hamad Al Suwaidi,hamad.al.suwaidi@presight.ai,IT,Network Engineer,13967.0,5,Active,Initial appointment,2023-04-15,2024-03-27,False
1585,EMP0720,Hamad Al Suwaidi,hamad.al.suwaidi@presight.ai,IT,Network Engineer,15852.0,5,Active,Annual performance increase,2024-03-27,2025-04-15,False
1586,EMP0720,Hamad Al Suwaidi,hamad.al.suwaidi@presight.ai,IT,Network Engineer,18654.0,5,Active,Annual performance increase,2025-04-15,9999-12-31,True
1587,EMP0721,Roshan Mehta,roshan.mehta@presight.ai,IT,DevOps Engineer,14155.0,5,Active,Initial appointment,2022-05-28,2023-10-04,False
1588,EMP0721,Roshan Mehta,roshan.mehta@presight.ai,IT,DevOps Engineer,21266.0,5,Active,Annual performance increase,2023-10-04,9999-12-31,True
1589,EMP0722,Hassan Al Dhaheri,hassan.al.dhaheri@presight.ai,Sustainability,Data Analyst,13822.0,3,Inactive,Hire - Initial Appointment,2024-06-13,9999-12-31,True
1590,EMP0723,Vikram Chen,vikram.chen1@presight.ai,Engineering,Senior Data Engineer,28345.0,7,Active,Hire - Initial Appointment,2018-03-31,9999-12-31,True
1591,EMP0724,Hamad Yousef,hamad.yousef1@presight.ai,Procurement,Procurement Analyst,14777.0,3,Active,Initial appointment,2022-08-06,2023-09-09,False
1592,EMP0724,Hamad Yousef,hamad.yousef1@presight.ai,Procurement,Procurement Analyst,22911.0,3,Active,Promoted following review,2023-09-09,9999-12-31,True
1593,EMP0725,Meera Chen,meera.chen@presight.ai,Finance,Finance Director,23993.0,13,Active,Initial appointment,2013-07-15,2014-11-10,False
1594,EMP0725,Meera Chen,meera.chen@presight.ai,Finance,Finance Director,26125.0,13,Active,Cost of living adjustment,2014-11-10,2015-01-22,False
1595,EMP0725,Meera Chen,meera.chen@presight.ai,Finance,Finance Director,30779.0,13,Active,Retention adjustment,2015-01-22,2023-08-01,False
1596,EMP0725,Meera Chen,meera.chen@presight.ai,Finance,Finance Director,39310.0,13,Active,Cost of living adjustment,2023-08-01,9999-12-31,True
1597,EMP0726,Sanjay Krishnan,sanjay.krishnan@presight.ai,Digital,Content Strategist,8914.0,0,Active,Initial appointment,2024-03-19,2025-02-10,False
1598,EMP0726,Sanjay Krishnan,sanjay.krishnan@presight.ai,Digital,Content Strategist,9567.0,0,Active,Project completion bonus integration,2025-02-10,2025-02-25,False
1599,EMP0726,Sanjay Krishnan,sanjay.krishnan@presight.ai,Digital,Content Strategist,15501.0,0,Active,Retention adjustment,2025-02-25,9999-12-31,True
1600,EMP0727,Noura Al Shamsi,noura.al.shamsi@presight.ai,Legal,Legal Analyst,17212.0,10,Active,Initial appointment,2015-08-31,2020-09-14,False
1601,EMP0727,Noura Al Shamsi,noura.al.shamsi@presight.ai,Legal,Legal Analyst,18292.0,10,Active,Project completion bonus integration,2020-09-14,2023-07-11,False
1602,EMP0727,Noura Al Shamsi,noura.al.shamsi@presight.ai,Legal,Legal Analyst,26178.0,10,Active,Market correction adjustment,2023-07-11,9999-12-31,True
1603,EMP0728,Salma Hamdan,salma.hamdan@presight.ai,Legal,Legal Analyst,44113.0,14,Active,Hire - Initial Appointment,2012-06-09,9999-12-31,True
1604,EMP0729,Anika Kapadia,anika.kapadia@presight.ai,Marketing,Brand Manager,14091.0,2,Active,Hire - Initial Appointment,2024-09-07,9999-12-31,True
1605,EMP0730,Sanjay Bhatt,sanjay.bhatt@presight.ai,Operations,Supply Chain Analyst,13542.0,2,Active,Initial appointment,2024-03-16,2024-10-22,False
1606,EMP0730,Sanjay Bhatt,sanjay.bhatt@presight.ai,Operations,Supply Chain Analyst,16209.0,2,Active,Market correction adjustment,2024-10-22,2025-05-05,False
1607,EMP0730,Sanjay Bhatt,sanjay.bhatt@presight.ai,Operations,Supply Chain Analyst,22168.0,2,Active,Cost of living adjustment,2025-05-05,9999-12-31,True
1608,EMP0731,Hassan Saleh,hassan.saleh@presight.ai,Marketing,Marketing Analyst,38202.0,9,Active,Hire - Initial Appointment,2016-07-17,9999-12-31,True
1609,EMP0732,Omar Yousef,omar.yousef1@presight.ai,IT,Network Engineer,29951.0,11,Active,Hire - Initial Appointment,2016-06-08,9999-12-31,True
1610,EMP0733,Vikram Verma,vikram.verma@presight.ai,Sales,Account Manager,20449.0,9,Active,Initial appointment,2018-04-19,2022-08-16,False
1611,EMP0733,Vikram Verma,vikram.verma@presight.ai,Sales,Account Manager,23978.0,9,Active,Retention adjustment,2022-08-16,2023-01-31,False
1612,EMP0733,Vikram Verma,vikram.verma@presight.ai,Sales,Account Manager,27338.0,9,Active,Promoted following review,2023-01-31,9999-12-31,True
1613,EMP0734,Inga Okonkwo,inga.okonkwo@presight.ai,Data Science,BI Specialist,15422.0,3,Active,Hire - Initial Appointment,2024-05-27,9999-12-31,True
1614,EMP0735,Bilal Al Dhaheri,bilal.al.dhaheri@presight.ai,Digital,UX Designer,15691.0,1,Active,Hire - Initial Appointment,2024-04-12,9999-12-31,True
1615,EMP0736,Nadia Mahmoud,nadia.mahmoud1@presight.ai,Sales,Sales Analyst,31195.0,10,Active,Initial appointment,2015-06-02,2023-09-19,False
1616,EMP0736,Nadia Mahmoud,nadia.mahmoud1@presight.ai,Sales,Sales Analyst,48427.0,10,Active,Promoted following review,2023-09-19,9999-12-31,True
1617,EMP0737,Hassan Hamdan,hassan.hamdan1@presight.ai,Digital,UX Designer,17584.0,5,Active,Initial appointment,2021-01-04,2023-02-09,False
1618,EMP0737,Hassan Hamdan,hassan.hamdan1@presight.ai,Digital,UX Designer,19031.0,5,Active,Project completion bonus integration,2023-02-09,2024-08-29,False
1619,EMP0737,Hassan Hamdan,hassan.hamdan1@presight.ai,Digital,UX Designer,22196.0,5,Active,Promoted following review,2024-08-29,2025-01-08,False
1620,EMP0737,Hassan Hamdan,hassan.hamdan1@presight.ai,Digital,UX Designer,25155.0,5,Active,Market correction adjustment,2025-01-08,9999-12-31,True
1621,EMP0738,Ahmed Ibrahim,ahmed.ibrahim1@presight.ai,Marketing,Brand Manager,13516.0,5,Active,Initial appointment,2021-08-08,2022-05-22,False
1622,EMP0738,Ahmed Ibrahim,ahmed.ibrahim1@presight.ai,Marketing,Brand Manager,15783.0,5,Active,Annual performance increase,2022-05-22,2024-02-10,False
1623,EMP0738,Ahmed Ibrahim,ahmed.ibrahim1@presight.ai,Marketing,Brand Manager,18706.0,5,Active,Promoted following review,2024-02-10,2024-11-18,False
1624,EMP0738,Ahmed Ibrahim,ahmed.ibrahim1@presight.ai,Marketing,Brand Manager,22304.0,5,Active,Market correction adjustment,2024-11-18,2025-01-13,False
1625,EMP0738,Ahmed Ibrahim,ahmed.ibrahim1@presight.ai,Marketing,Brand Manager,20980.0,5,Active,Annual performance increase,2025-01-13,9999-12-31,True
1626,EMP0739,Sara Hernandez,sara.hernandez@presight.ai,Sales,Sales Analyst,19916.0,4,Active,Hire - Initial Appointment,2021-01-02,9999-12-31,True
1627,EMP0740,Mateo Sharma,mateo.sharma@presight.ai,Marketing,Brand Manager,14036.0,2,Active,Hire - Initial Appointment,2024-08-31,9999-12-31,True
1628,EMP0741,Eric Okonkwo,eric.okonkwo@presight.ai,Sales,Sales Analyst,23615.0,4,Active,Hire - Initial Appointment,2023-08-16,9999-12-31,True
1629,EMP0742,Vikram Murthy,vikram.murthy@presight.ai,Legal,Legal Analyst,33138.0,9,Active,Initial appointment,2018-07-18,2022-07-27,False
1630,EMP0742,Vikram Murthy,vikram.murthy@presight.ai,Legal,Legal Analyst,38642.0,9,Active,Market correction adjustment,2022-07-27,2022-10-01,False
1631,EMP0742,Vikram Murthy,vikram.murthy@presight.ai,Legal,Legal Analyst,41537.0,9,Active,Market correction adjustment,2022-10-01,2024-03-23,False
1632,EMP0742,Vikram Murthy,vikram.murthy@presight.ai,Legal,Legal Analyst,48786.0,9,Active,Cost of living adjustment,2024-03-23,9999-12-31,True
1633,EMP0743,Priya Malik,priya.malik@presight.ai,Sustainability,Sustainability Analyst,12713.0,2,Active,Hire - Initial Appointment,2024-08-27,9999-12-31,True
1634,EMP0744,Hassan Al Mazrouei,hassan.al.mazrouei@presight.ai,Operations,Senior Data Engineer,7754.0,0,Active,Initial appointment,2024-01-15,2024-11-14,False
1635,EMP0744,Hassan Al Mazrouei,hassan.al.mazrouei@presight.ai,Operations,Senior Data Engineer,8854.0,0,Active,Project completion bonus integration,2024-11-14,2025-03-19,False
1636,EMP0744,Hassan Al Mazrouei,hassan.al.mazrouei@presight.ai,Operations,Senior Data Engineer,9348.0,0,Active,Promoted following review,2025-03-19,2025-05-10,False
1637,EMP0744,Hassan Al Mazrouei,hassan.al.mazrouei@presight.ai,Operations,Senior Data Engineer,12732.0,0,Active,Project completion bonus integration,2025-05-10,9999-12-31,True
1638,EMP0745,Mariam Al Mazrouei,mariam.al.mazrouei1@presight.ai,Procurement,Vendor Manager,22493.0,2,Active,Hire - Initial Appointment,2024-03-10,9999-12-31,True
1639,EMP0746,Divya Bhatt,divya.bhatt@presight.ai,Marketing,Marketing Analyst,35551.0,10,Active,Hire - Initial Appointment,2016-07-16,9999-12-31,True
1640,EMP0747,Min Bhatt,min.bhatt1@presight.ai,Finance,Financial Analyst,9312.0,0,Active,Initial appointment,2024-04-06,2024-10-13,False
1641,EMP0747,Min Bhatt,min.bhatt1@presight.ai,Finance,Financial Analyst,10283.0,0,Active,Annual performance increase,2024-10-13,2025-04-09,False
1642,EMP0747,Min Bhatt,min.bhatt1@presight.ai,Finance,Financial Analyst,11754.0,0,Active,Promoted following review,2025-04-09,2025-05-18,False
1643,EMP0747,Min Bhatt,min.bhatt1@presight.ai,Finance,Financial Analyst,12912.0,0,Active,Project completion bonus integration,2025-05-18,9999-12-31,True
1644,EMP0748,Hanan Ibrahim,hanan.ibrahim@presight.ai,Marketing,Brand Manager,26013.0,8,Active,Hire - Initial Appointment,2018-08-06,9999-12-31,True
1645,EMP0749,James Schmidt,james.schmidt1@presight.ai,Sales,Sales Analyst,15509.0,11,Active,Initial appointment,2014-08-26,2015-05-25,False
1646,EMP0749,James Schmidt,james.schmidt1@presight.ai,Sales,Sales Analyst,26746.0,11,Active,Annual performance increase,2015-05-25,9999-12-31,True
1647,EMP0750,Hiroshi Hussain,hiroshi.hussain@presight.ai,Digital,Digital Analyst,9806.0,0,Active,Initial appointment,2024-06-12,2025-01-16,False
1648,EMP0750,Hiroshi Hussain,hiroshi.hussain@presight.ai,Digital,Digital Analyst,11229.0,0,Active,Cost of living adjustment,2025-01-16,2025-03-20,False
1649,EMP0750,Hiroshi Hussain,hiroshi.hussain@presight.ai,Digital,Digital Analyst,13194.0,0,Active,Project completion bonus integration,2025-03-20,9999-12-31,True
1650,EMP0751,Aaliyah Najjar,aaliyah.najjar@presight.ai,Operations,Senior Data Engineer,14333.0,2,Active,Initial appointment,2024-03-19,2024-11-21,False
1651,EMP0751,Aaliyah Najjar,aaliyah.najjar@presight.ai,Operations,Senior Data Engineer,16994.0,2,Active,Retention adjustment,2024-11-21,2025-02-03,False
1652,EMP0751,Aaliyah Najjar,aaliyah.najjar@presight.ai,Operations,Senior Data Engineer,20085.0,2,Active,Retention adjustment,2025-02-03,9999-12-31,True
1653,EMP0752,Kavya Iyer,kavya.iyer@presight.ai,IT,IT Manager,29649.0,18,Active,Initial appointment,2007-01-16,2022-11-13,False
1654,EMP0752,Kavya Iyer,kavya.iyer@presight.ai,IT,IT Manager,42900.0,18,Active,Annual performance increase,2022-11-13,9999-12-31,True
1655,EMP0753,Yasmin Ibrahim,yasmin.ibrahim@presight.ai,Legal,Legal Analyst,10500.0,1,Active,Initial appointment,2024-07-20,2025-02-13,False
1656,EMP0753,Yasmin Ibrahim,yasmin.ibrahim@presight.ai,Legal,Legal Analyst,14313.0,1,Active,Annual performance increase,2025-02-13,9999-12-31,True
1657,EMP0754,Karthik Malik,karthik.malik@presight.ai,Finance,Budget Analyst,15870.0,3,Active,Initial appointment,2023-09-05,2024-09-18,False
1658,EMP0754,Karthik Malik,karthik.malik@presight.ai,Finance,Budget Analyst,17808.0,3,Active,Retention adjustment,2024-09-18,2025-01-05,False
1659,EMP0754,Karthik Malik,karthik.malik@presight.ai,Finance,Budget Analyst,21728.0,3,Active,Market correction adjustment,2025-01-05,9999-12-31,True
1660,EMP0755,Deepak Menon,deepak.menon@presight.ai,Engineering,Data Modeler,17835.0,3,Active,Hire - Initial Appointment,2023-08-07,9999-12-31,True
1661,EMP0756,Aaliyah Al Marri,aaliyah.al.marri@presight.ai,Engineering,Data Modeler,9975.0,3,Active,Initial appointment,2022-07-26,2023-05-05,False
1662,EMP0756,Aaliyah Al Marri,aaliyah.al.marri@presight.ai,Engineering,Data Modeler,11885.0,3,Active,Retention adjustment,2023-05-05,2023-12-26,False
1663,EMP0756,Aaliyah Al Marri,aaliyah.al.marri@presight.ai,Engineering,Data Modeler,12714.0,3,Active,Retention adjustment,2023-12-26,2024-11-27,False
1664,EMP0756,Aaliyah Al Marri,aaliyah.al.marri@presight.ai,Engineering,Data Modeler,14772.0,3,Active,Market correction adjustment,2024-11-27,9999-12-31,True
1665,EMP0757,Khalid Najjar,khalid.najjar@presight.ai,Procurement,Procurement Analyst,23371.0,5,Active,Hire - Initial Appointment,2022-07-15,9999-12-31,True
1666,EMP0758,Yusuf Al Khaja,yusuf.al.khaja@presight.ai,Data Science,BI Specialist,21175.0,3,Active,Hire - Initial Appointment,2022-09-03,9999-12-31,True
1667,EMP0759,Pooja Nambiar,pooja.nambiar1@presight.ai,Sales,Account Manager,24449.0,7,Active,Initial appointment,2018-06-17,2019-09-24,False
1668,EMP0759,Pooja Nambiar,pooja.nambiar1@presight.ai,Sales,Account Manager,34362.0,7,Active,Annual performance increase,2019-09-24,9999-12-31,True
1669,EMP0760,Huda Rahman,huda.rahman@presight.ai,Engineering,Data Modeler,23418.0,6,Active,Hire - Initial Appointment,2020-02-03,9999-12-31,True
1670,EMP0761,Meera Verma,meera.verma@presight.ai,Operations,Operations Analyst,28013.0,17,Active,Initial appointment,2010-04-06,2011-07-13,False
1671,EMP0761,Meera Verma,meera.verma@presight.ai,Operations,Operations Analyst,31007.0,17,Active,Cost of living adjustment,2011-07-13,2015-05-01,False
1672,EMP0761,Meera Verma,meera.verma@presight.ai,Operations,Operations Analyst,40960.0,17,Active,Market correction adjustment,2015-05-01,9999-12-31,True
1673,EMP0762,Bilal Saeed,bilal.saeed@presight.ai,Operations,Operations Analyst,34215.0,9,Active,Hire - Initial Appointment,2016-02-15,9999-12-31,True
1674,EMP0763,Eman Farooq,eman.farooq@presight.ai,Engineering,Data Engineer,13048.0,4,Active,Initial appointment,2023-08-16,2024-05-09,False
1675,EMP0763,Eman Farooq,eman.farooq@presight.ai,Engineering,Data Engineer,21255.0,4,Active,Project completion bonus integration,2024-05-09,9999-12-31,True
1676,EMP0764,Yasmin Saleh,yasmin.saleh2@presight.ai,Sustainability,Data Analyst,16453.0,2,Active,Initial appointment,2023-01-19,2024-11-07,False
1677,EMP0764,Yasmin Saleh,yasmin.saleh2@presight.ai,Sustainability,Data Analyst,19625.0,2,Active,Project completion bonus integration,2024-11-07,2024-12-10,False
1678,EMP0764,Yasmin Saleh,yasmin.saleh2@presight.ai,Sustainability,Data Analyst,22428.0,2,Active,Promoted following review,2024-12-10,9999-12-31,True
1679,EMP0765,Bilal Saleh,bilal.saleh1@presight.ai,Sustainability,Sustainability Analyst,11809.0,3,Active,Initial appointment,2024-08-04,2025-03-13,False
1680,EMP0765,Bilal Saleh,bilal.saleh1@presight.ai,Sustainability,Sustainability Analyst,13678.0,3,Active,Retention adjustment,2025-03-13,2025-06-11,False
1681,EMP0765,Bilal Saleh,bilal.saleh1@presight.ai,Sustainability,Sustainability Analyst,14730.0,3,Active,Retention adjustment,2025-06-11,2025-06-24,False
1682,EMP0765,Bilal Saleh,bilal.saleh1@presight.ai,Sustainability,Sustainability Analyst,19272.0,3,Active,Annual performance increase,2025-06-24,9999-12-31,True
1683,EMP0766,Rohan Kapadia,rohan.kapadia@presight.ai,Digital,Digital Analyst,15484.0,1,Active,Hire - Initial Appointment,2024-04-14,9999-12-31,True
1684,EMP0767,Meera Chen,meera.chen1@presight.ai,Procurement,Procurement Analyst,13004.0,3,Active,Initial appointment,2023-08-11,2025-03-29,False
1685,EMP0767,Meera Chen,meera.chen1@presight.ai,Procurement,Procurement Analyst,20438.0,3,Active,Retention adjustment,2025-03-29,9999-12-31,True
1686,EMP0768,Yusuf Mansour,yusuf.mansour2@presight.ai,Data Science,ML Engineer,18200.0,10,Active,Initial appointment,2017-02-16,2024-07-25,False
1687,EMP0768,Yusuf Mansour,yusuf.mansour2@presight.ai,Data Science,ML Engineer,21622.0,10,Active,Project completion bonus integration,2024-07-25,2024-08-28,False
1688,EMP0768,Yusuf Mansour,yusuf.mansour2@presight.ai,Data Science,ML Engineer,26080.0,10,Active,Promoted following review,2024-08-28,9999-12-31,True
1689,EMP0769,Abdulla Al Rumaithi,abdulla.al.rumaithi@presight.ai,Engineering,Senior Data Engineer,9616.0,0,Active,Initial appointment,2024-03-30,2025-03-16,False
1690,EMP0769,Abdulla Al Rumaithi,abdulla.al.rumaithi@presight.ai,Engineering,Senior Data Engineer,11326.0,0,Active,Project completion bonus integration,2025-03-16,2025-05-04,False
1691,EMP0769,Abdulla Al Rumaithi,abdulla.al.rumaithi@presight.ai,Engineering,Senior Data Engineer,15101.0,0,Active,Retention adjustment,2025-05-04,9999-12-31,True
1692,EMP0770,Hiroshi Verma,hiroshi.verma@presight.ai,Sustainability,Sustainability Analyst,14123.0,4,Active,Initial appointment,2023-02-20,2023-10-17,False
1693,EMP0770,Hiroshi Verma,hiroshi.verma@presight.ai,Sustainability,Sustainability Analyst,15308.0,4,Active,Retention adjustment,2023-10-17,2023-12-20,False
1694,EMP0770,Hiroshi Verma,hiroshi.verma@presight.ai,Sustainability,Sustainability Analyst,21518.0,4,Active,Market correction adjustment,2023-12-20,9999-12-31,True
1695,EMP0771,Yasmin Farooq,yasmin.farooq1@presight.ai,Sustainability,Sustainability Analyst,24564.0,7,Active,Initial appointment,2019-01-06,2019-12-30,False
1696,EMP0771,Yasmin Farooq,yasmin.farooq1@presight.ai,Sustainability,Sustainability Analyst,26571.0,7,Active,Project completion bonus integration,2019-12-30,2021-08-25,False
1697,EMP0771,Yasmin Farooq,yasmin.farooq1@presight.ai,Sustainability,Sustainability Analyst,31841.0,7,Active,Cost of living adjustment,2021-08-25,2024-05-19,False
1698,EMP0771,Yasmin Farooq,yasmin.farooq1@presight.ai,Sustainability,Sustainability Analyst,32812.0,7,Active,Retention adjustment,2024-05-19,9999-12-31,True
1699,EMP0772,Mira Saeed,mira.saeed1@presight.ai,Procurement,Vendor Manager,13259.0,3,Active,Initial appointment,2024-08-02,2025-04-15,False
1700,EMP0772,Mira Saeed,mira.saeed1@presight.ai,Procurement,Vendor Manager,14316.0,3,Active,Annual performance increase,2025-04-15,2025-04-18,False
1701,EMP0772,Mira Saeed,mira.saeed1@presight.ai,Procurement,Vendor Manager,16998.0,3,Active,Project completion bonus integration,2025-04-18,2025-06-20,False
1702,EMP0772,Mira Saeed,mira.saeed1@presight.ai,Procurement,Vendor Manager,18169.0,3,Active,Promoted following review,2025-06-20,2025-06-29,False
1703,EMP0772,Mira Saeed,mira.saeed1@presight.ai,Procurement,Vendor Manager,22795.0,3,Active,Project completion bonus integration,2025-06-29,9999-12-31,True
1704,EMP0773,Noura Khoury,noura.khoury@presight.ai,Finance,Finance Director,12909.0,3,Active,Initial appointment,2023-02-14,2024-04-20,False
1705,EMP0773,Noura Khoury,noura.khoury@presight.ai,Finance,Finance Director,21264.0,3,Active,Annual performance increase,2024-04-20,9999-12-31,True
1706,EMP0774,Hamad Al Khaja,hamad.al.khaja@presight.ai,Procurement,Procurement Analyst,18352.0,6,Active,Hire - Initial Appointment,2019-02-14,9999-12-31,True
1707,EMP0775,Anjali Tanaka,anjali.tanaka1@presight.ai,Sales,Sales Analyst,20929.0,5,Active,Hire - Initial Appointment,2022-03-05,9999-12-31,True
1708,EMP0776,Anjali Malik,anjali.malik1@presight.ai,Legal,Legal Analyst,21589.0,5,Active,Initial appointment,2022-08-18,2023-03-16,False
1709,EMP0776,Anjali Malik,anjali.malik1@presight.ai,Legal,Legal Analyst,24285.0,5,Active,Project completion bonus integration,2023-03-16,2023-10-29,False
1710,EMP0776,Anjali Malik,anjali.malik1@presight.ai,Legal,Legal Analyst,29001.0,5,Active,Market correction adjustment,2023-10-29,9999-12-31,True
1711,EMP0777,Abdulla Al Marri,abdulla.al.marri1@presight.ai,Data Science,Senior Data Analyst,14390.0,4,Active,Initial appointment,2021-08-05,2024-01-05,False
1712,EMP0777,Abdulla Al Marri,abdulla.al.marri1@presight.ai,Data Science,Senior Data Analyst,21208.0,4,Active,Promoted following review,2024-01-05,9999-12-31,True
1713,EMP0778,Hassan Mansour,hassan.mansour@presight.ai,Data Science,ML Engineer,11501.0,4,Active,Initial appointment,2021-01-02,2022-04-14,False
1714,EMP0778,Hassan Mansour,hassan.mansour@presight.ai,Data Science,ML Engineer,13686.0,4,Active,Cost of living adjustment,2022-04-14,2024-12-15,False
1715,EMP0778,Hassan Mansour,hassan.mansour@presight.ai,Data Science,ML Engineer,19404.0,4,Active,Promoted following review,2024-12-15,9999-12-31,True
1716,EMP0779,Lucas Pillai,lucas.pillai@presight.ai,Marketing,Marketing Analyst,17538.0,5,Active,Initial appointment,2022-08-24,2023-12-08,False
1717,EMP0779,Lucas Pillai,lucas.pillai@presight.ai,Marketing,Marketing Analyst,30828.0,5,Active,Promoted following review,2023-12-08,9999-12-31,True
1718,EMP0780,Khalid Ibrahim,khalid.ibrahim@presight.ai,HR,Learning & Development,16030.0,1,Active,Hire - Initial Appointment,2024-09-27,9999-12-31,True
1719,EMP0781,Daniel Laurent,daniel.laurent@presight.ai,Sales,Account Manager,11759.0,4,Active,Initial appointment,2022-07-06,2023-01-17,False
1720,EMP0781,Daniel Laurent,daniel.laurent@presight.ai,Sales,Account Manager,20238.0,4,Active,Promoted following review,2023-01-17,9999-12-31,True
1721,EMP0782,Maryam Farooq,maryam.farooq@presight.ai,Digital,Digital Analyst,15555.0,0,Active,Hire - Initial Appointment,2024-04-11,9999-12-31,True
1722,EMP0783,Layla Al Suwaidi,layla.al.suwaidi@presight.ai,IT,IT Manager,26247.0,9,Active,Initial appointment,2016-08-05,2018-11-24,False
1723,EMP0783,Layla Al Suwaidi,layla.al.suwaidi@presight.ai,IT,IT Manager,29061.0,9,Active,Cost of living adjustment,2018-11-24,2020-02-20,False
1724,EMP0783,Layla Al Suwaidi,layla.al.suwaidi@presight.ai,IT,IT Manager,31327.0,9,Active,Promoted following review,2020-02-20,2021-07-22,False
1725,EMP0783,Layla Al Suwaidi,layla.al.suwaidi@presight.ai,IT,IT Manager,36462.0,9,Active,Promoted following review,2021-07-22,2022-04-03,False
1726,EMP0783,Layla Al Suwaidi,layla.al.suwaidi@presight.ai,IT,IT Manager,35899.0,9,Active,Market correction adjustment,2022-04-03,9999-12-31,True
1727,EMP0784,Divya Kapadia,divya.kapadia@presight.ai,Sustainability,Sustainability Analyst,20073.0,6,Active,Initial appointment,2019-01-12,2021-04-12,False
1728,EMP0784,Divya Kapadia,divya.kapadia@presight.ai,Sustainability,Sustainability Analyst,22031.0,6,Active,Annual performance increase,2021-04-12,2021-09-05,False
1729,EMP0784,Divya Kapadia,divya.kapadia@presight.ai,Sustainability,Sustainability Analyst,24403.0,6,Active,Cost of living adjustment,2021-09-05,2022-09-28,False
1730,EMP0784,Divya Kapadia,divya.kapadia@presight.ai,Sustainability,Sustainability Analyst,27153.0,6,Active,Retention adjustment,2022-09-28,9999-12-31,True
1731,EMP0785,Min Iyer,min.iyer@presight.ai,Sales,Account Manager,34782.0,5,Active,Hire - Initial Appointment,2021-09-03,9999-12-31,True
1732,EMP0786,Sami Khoury,sami.khoury@presight.ai,IT,DevOps Engineer,12813.0,3,Active,Initial appointment,2024-08-07,2025-03-12,False
1733,EMP0786,Sami Khoury,sami.khoury@presight.ai,IT,DevOps Engineer,15294.0,3,Active,Annual performance increase,2025-03-12,2025-06-10,False
1734,EMP0786,Sami Khoury,sami.khoury@presight.ai,IT,DevOps Engineer,19158.0,3,Active,Promoted following review,2025-06-10,9999-12-31,True
1735,EMP0787,Khalid Al Dhaheri,khalid.al.dhaheri@presight.ai,Marketing,Marketing Analyst,17817.0,6,Active,Initial appointment,2019-07-26,2025-01-25,False
1736,EMP0787,Khalid Al Dhaheri,khalid.al.dhaheri@presight.ai,Marketing,Marketing Analyst,19073.0,6,Active,Annual performance increase,2025-01-25,2025-03-27,False
1737,EMP0787,Khalid Al Dhaheri,khalid.al.dhaheri@presight.ai,Marketing,Marketing Analyst,28758.0,6,Active,Market correction adjustment,2025-03-27,9999-12-31,True
1738,EMP0788,Mohammed Saleh,mohammed.saleh2@presight.ai,Operations,Operations Analyst,8806.0,3,Active,Initial appointment,2024-06-05,2025-04-23,False
1739,EMP0788,Mohammed Saleh,mohammed.saleh2@presight.ai,Operations,Operations Analyst,15115.0,3,Active,Promoted following review,2025-04-23,9999-12-31,True
1740,EMP0789,Aaliyah Al Suwaidi,aaliyah.al.suwaidi1@presight.ai,Sustainability,Data Analyst,12855.0,2,Active,Initial appointment,2024-07-05,2025-01-27,False
1741,EMP0789,Aaliyah Al Suwaidi,aaliyah.al.suwaidi1@presight.ai,Sustainability,Data Analyst,13559.0,2,Active,Promoted following review,2025-01-27,2025-03-31,False
1742,EMP0789,Aaliyah Al Suwaidi,aaliyah.al.suwaidi1@presight.ai,Sustainability,Data Analyst,15367.0,2,Active,Market correction adjustment,2025-03-31,2025-04-01,False
1743,EMP0789,Aaliyah Al Suwaidi,aaliyah.al.suwaidi1@presight.ai,Sustainability,Data Analyst,19492.0,2,Active,Market correction adjustment,2025-04-01,9999-12-31,True
1744,EMP0790,Rashid Al Marri,rashid.al.marri1@presight.ai,Engineering,Lead Data Engineer,9992.0,2,Active,Initial appointment,2024-05-23,2025-05-10,False
1745,EMP0790,Rashid Al Marri,rashid.al.marri1@presight.ai,Engineering,Lead Data Engineer,11912.0,2,Active,Cost of living adjustment,2025-05-10,2025-06-14,False
1746,EMP0790,Rashid Al Marri,rashid.al.marri1@presight.ai,Engineering,Lead Data Engineer,13736.0,2,Active,Project completion bonus integration,2025-06-14,9999-12-31,True
1747,EMP0791,Anna Hernandez,anna.hernandez@presight.ai,Finance,Financial Analyst,10118.0,1,Active,Initial appointment,2024-07-03,2025-01-23,False
1748,EMP0791,Anna Hernandez,anna.hernandez@presight.ai,Finance,Financial Analyst,11207.0,1,Active,Market correction adjustment,2025-01-23,2025-03-01,False
1749,EMP0791,Anna Hernandez,anna.hernandez@presight.ai,Finance,Financial Analyst,12137.0,1,Active,Market correction adjustment,2025-03-01,2025-03-19,False
1750,EMP0791,Anna Hernandez,anna.hernandez@presight.ai,Finance,Financial Analyst,16520.0,1,Active,Project completion bonus integration,2025-03-19,9999-12-31,True
1751,EMP0792,Ravi Murthy,ravi.murthy@presight.ai,Operations,Operations Analyst,34573.0,11,Active,Hire - Initial Appointment,2014-02-26,9999-12-31,True
1752,EMP0793,Omar Al Dhaheri,omar.al.dhaheri1@presight.ai,Procurement,Procurement Analyst,11781.0,6,Active,Initial appointment,2021-06-25,2022-03-28,False
1753,EMP0793,Omar Al Dhaheri,omar.al.dhaheri1@presight.ai,Procurement,Procurement Analyst,13741.0,6,Active,Annual performance increase,2022-03-28,2023-03-14,False
1754,EMP0793,Omar Al Dhaheri,omar.al.dhaheri1@presight.ai,Procurement,Procurement Analyst,17613.0,6,Active,Promoted following review,2023-03-14,9999-12-31,True
1755,EMP0794,Sami Al Suwaidi,sami.al.suwaidi@presight.ai,IT,Data Engineer,8196.0,2,Active,Initial appointment,2024-08-17,2025-06-04,False
1756,EMP0794,Sami Al Suwaidi,sami.al.suwaidi@presight.ai,IT,Data Engineer,9824.0,2,Active,Cost of living adjustment,2025-06-04,2025-06-06,False
1757,EMP0794,Sami Al Suwaidi,sami.al.suwaidi@presight.ai,IT,Data Engineer,14068.0,2,Active,Cost of living adjustment,2025-06-06,9999-12-31,True
1758,EMP0795,Nadia Khoury,nadia.khoury1@presight.ai,Sustainability,Data Analyst,19686.0,9,Active,Initial appointment,2018-03-09,2018-10-21,False
1759,EMP0795,Nadia Khoury,nadia.khoury1@presight.ai,Sustainability,Data Analyst,21432.0,9,Active,Project completion bonus integration,2018-10-21,2021-09-24,False
1760,EMP0795,Nadia Khoury,nadia.khoury1@presight.ai,Sustainability,Data Analyst,34816.0,9,Active,Retention adjustment,2021-09-24,9999-12-31,True
1761,EMP0796,Kavya Chen,kavya.chen1@presight.ai,Procurement,Vendor Manager,24580.0,6,Active,Initial appointment,2019-08-14,2021-01-29,False
1762,EMP0796,Kavya Chen,kavya.chen1@presight.ai,Procurement,Vendor Manager,27326.0,6,Active,Promoted following review,2021-01-29,2024-12-22,False
1763,EMP0796,Kavya Chen,kavya.chen1@presight.ai,Procurement,Vendor Manager,33723.0,6,Active,Promoted following review,2024-12-22,9999-12-31,True
1764,EMP0797,Mariam Al Dhaheri,mariam.al.dhaheri@presight.ai,IT,Data Engineer,13784.0,0,Active,Hire - Initial Appointment,2024-08-21,9999-12-31,True
1765,EMP0798,Abdulla Al Shamsi,abdulla.al.shamsi@presight.ai,Procurement,Procurement Analyst,11713.0,3,Active,Initial appointment,2022-05-02,2024-01-31,False
1766,EMP0798,Abdulla Al Shamsi,abdulla.al.shamsi@presight.ai,Procurement,Procurement Analyst,13624.0,3,Active,Retention adjustment,2024-01-31,2024-07-16,False
1767,EMP0798,Abdulla Al Shamsi,abdulla.al.shamsi@presight.ai,Procurement,Procurement Analyst,18401.0,3,Active,Promoted following review,2024-07-16,9999-12-31,True
1768,EMP0799,Mateo Desai,mateo.desai1@presight.ai,Engineering,Senior Data Engineer,16036.0,6,Active,Initial appointment,2019-06-28,2020-09-28,False
1769,EMP0799,Mateo Desai,mateo.desai1@presight.ai,Engineering,Senior Data Engineer,18098.0,6,Active,Annual performance increase,2020-09-28,2021-10-08,False
1770,EMP0799,Mateo Desai,mateo.desai1@presight.ai,Engineering,Senior Data Engineer,20757.0,6,Active,Project completion bonus integration,2021-10-08,2022-03-23,False
1771,EMP0799,Mateo Desai,mateo.desai1@presight.ai,Engineering,Senior Data Engineer,24786.0,6,Active,Project completion bonus integration,2022-03-23,2023-11-18,False
1772,EMP0799,Mateo Desai,mateo.desai1@presight.ai,Engineering,Senior Data Engineer,28440.0,6,Active,Project completion bonus integration,2023-11-18,9999-12-31,True
1773,EMP0800,Fatima Al Naqbi,fatima.al.naqbi@presight.ai,Legal,Legal Analyst,27602.0,8,Active,Initial appointment,2019-01-07,2020-07-21,False
1774,EMP0800,Fatima Al Naqbi,fatima.al.naqbi@presight.ai,Legal,Legal Analyst,43318.0,8,Active,Retention adjustment,2020-07-21,9999-12-31,True
1775,EMP0801,Mohammed Mansour,mohammed.mansour1@presight.ai,Sales,Sales Analyst,39260.0,22,Active,Initial appointment,2004-04-20,2013-07-01,False
1776,EMP0801,Mohammed Mansour,mohammed.mansour1@presight.ai,Sales,Sales Analyst,45186.0,22,Active,Cost of living adjustment,2013-07-01,2014-06-05,False
1777,EMP0801,Mohammed Mansour,mohammed.mansour1@presight.ai,Sales,Sales Analyst,62516.0,22,Active,Annual performance increase,2014-06-05,9999-12-31,True
1778,EMP0802,Pooja Krishnan,pooja.krishnan2@presight.ai,Digital,Content Strategist,20019.0,3,Active,Hire - Initial Appointment,2023-02-17,9999-12-31,True
1779,EMP0803,Deepak Kumar,deepak.kumar@presight.ai,Digital,Product Manager,31173.0,12,Active,Initial appointment,2013-06-10,2018-11-22,False
1780,EMP0803,Deepak Kumar,deepak.kumar@presight.ai,Digital,Product Manager,48609.0,12,Active,Promoted following review,2018-11-22,9999-12-31,True
1781,EMP0804,Deepak Joshi,deepak.joshi@presight.ai,IT,Cloud Architect,10161.0,3,Active,Initial appointment,2022-09-27,2023-11-09,False
1782,EMP0804,Deepak Joshi,deepak.joshi@presight.ai,IT,Cloud Architect,11122.0,3,Active,Promoted following review,2023-11-09,2023-12-01,False
1783,EMP0804,Deepak Joshi,deepak.joshi@presight.ai,IT,Cloud Architect,15727.0,3,Active,Project completion bonus integration,2023-12-01,9999-12-31,True
1784,EMP0805,Pooja Kapadia,pooja.kapadia@presight.ai,Engineering,Data Engineer,12358.0,1,Active,Hire - Initial Appointment,2024-02-12,9999-12-31,True
1785,EMP0806,Ahmed Al Hashimi,ahmed.al.hashimi1@presight.ai,Sustainability,Sustainability Analyst,15992.0,8,Active,Initial appointment,2017-09-04,2019-03-07,False
1786,EMP0806,Ahmed Al Hashimi,ahmed.al.hashimi1@presight.ai,Sustainability,Sustainability Analyst,26392.0,8,Active,Annual performance increase,2019-03-07,9999-12-31,True
1787,EMP0807,Layla Hamdan,layla.hamdan1@presight.ai,IT,Data Engineer,16848.0,4,Active,Initial appointment,2023-03-05,2023-10-16,False
1788,EMP0807,Layla Hamdan,layla.hamdan1@presight.ai,IT,Data Engineer,19712.0,4,Active,Project completion bonus integration,2023-10-16,2024-03-08,False
1789,EMP0807,Layla Hamdan,layla.hamdan1@presight.ai,IT,Data Engineer,21902.0,4,Active,Cost of living adjustment,2024-03-08,2024-12-20,False
1790,EMP0807,Layla Hamdan,layla.hamdan1@presight.ai,IT,Data Engineer,24182.0,4,Active,Project completion bonus integration,2024-12-20,2025-01-29,False
1791,EMP0807,Layla Hamdan,layla.hamdan1@presight.ai,IT,Data Engineer,22669.0,4,Active,Annual performance increase,2025-01-29,9999-12-31,True
1792,EMP0808,Nadia Al Naqbi,nadia.al.naqbi2@presight.ai,Engineering,Data Engineer,41713.0,14,Active,Hire - Initial Appointment,2012-03-19,9999-12-31,True
1793,EMP0809,Pooja Hussain,pooja.hussain1@presight.ai,Procurement,Procurement Analyst,21547.0,7,Active,Initial appointment,2018-04-26,2022-03-11,False
1794,EMP0809,Pooja Hussain,pooja.hussain1@presight.ai,Procurement,Procurement Analyst,25736.0,7,Active,Market correction adjustment,2022-03-11,2023-06-27,False
1795,EMP0809,Pooja Hussain,pooja.hussain1@presight.ai,Procurement,Procurement Analyst,30049.0,7,Active,Annual performance increase,2023-06-27,2025-04-03,False
1796,EMP0809,Pooja Hussain,pooja.hussain1@presight.ai,Procurement,Procurement Analyst,33057.0,7,Active,Annual performance increase,2025-04-03,9999-12-31,True
1797,EMP0810,Layla Al Hashimi,layla.al.hashimi1@presight.ai,HR,HR Analyst,22741.0,17,Active,Initial appointment,2008-04-05,2013-09-15,False
1798,EMP0810,Layla Al Hashimi,layla.al.hashimi1@presight.ai,HR,HR Analyst,38710.0,17,Active,Retention adjustment,2013-09-15,9999-12-31,True
1799,EMP0811,Mateo Hussain,mateo.hussain@presight.ai,Sales,Account Manager,19853.0,2,Active,Hire - Initial Appointment,2024-09-12,9999-12-31,True
1800,EMP0812,Camille Williams,camille.williams@presight.ai,Engineering,Senior Data Engineer,28081.0,10,Active,Initial appointment,2016-03-18,2018-01-06,False
1801,EMP0812,Camille Williams,camille.williams@presight.ai,Engineering,Senior Data Engineer,30363.0,10,Active,Annual performance increase,2018-01-06,2024-07-24,False
1802,EMP0812,Camille Williams,camille.williams@presight.ai,Engineering,Senior Data Engineer,48745.0,10,Active,Project completion bonus integration,2024-07-24,9999-12-31,True
1803,EMP0813,Camille Andersen,camille.andersen1@presight.ai,Marketing,Brand Manager,18185.0,2,Active,Hire - Initial Appointment,2024-03-06,9999-12-31,True
1804,EMP0814,Aaliyah Rahman,aaliyah.rahman1@presight.ai,Legal,Legal Analyst,27264.0,8,Active,Hire - Initial Appointment,2018-08-04,9999-12-31,True
1805,EMP0815,Abdulla Ibrahim,abdulla.ibrahim@presight.ai,Data Science,ML Engineer,33633.0,8,Active,Hire - Initial Appointment,2019-02-15,9999-12-31,True
1806,EMP0816,Aakash Patel,aakash.patel1@presight.ai,Digital,UX Designer,38976.0,13,Active,Hire - Initial Appointment,2013-03-15,9999-12-31,True
1807,EMP0817,Sanjay Bhatt,sanjay.bhatt1@presight.ai,Operations,Operations Analyst,27257.0,6,Active,Hire - Initial Appointment,2021-03-15,9999-12-31,True
1808,EMP0818,Rashid Rahman,rashid.rahman@presight.ai,Data Science,Data Analyst,18050.0,7,Active,Initial appointment,2018-03-18,2020-10-02,False
1809,EMP0818,Rashid Rahman,rashid.rahman@presight.ai,Data Science,Data Analyst,19700.0,7,Active,Retention adjustment,2020-10-02,2022-03-03,False
1810,EMP0818,Rashid Rahman,rashid.rahman@presight.ai,Data Science,Data Analyst,23047.0,7,Active,Project completion bonus integration,2022-03-03,2023-12-23,False
1811,EMP0818,Rashid Rahman,rashid.rahman@presight.ai,Data Science,Data Analyst,32812.0,7,Active,Cost of living adjustment,2023-12-23,9999-12-31,True
1812,EMP0819,Nadia Al Naqbi,nadia.al.naqbi3@presight.ai,IT,Cloud Architect,14831.0,6,Active,Initial appointment,2021-06-03,2021-12-31,False
1813,EMP0819,Nadia Al Naqbi,nadia.al.naqbi3@presight.ai,IT,Cloud Architect,15753.0,6,Active,Retention adjustment,2021-12-31,2022-01-25,False
1814,EMP0819,Nadia Al Naqbi,nadia.al.naqbi3@presight.ai,IT,Cloud Architect,17430.0,6,Active,Project completion bonus integration,2022-01-25,2023-08-07,False
1815,EMP0819,Nadia Al Naqbi,nadia.al.naqbi3@presight.ai,IT,Cloud Architect,23128.0,6,Active,Promoted following review,2023-08-07,9999-12-31,True
1816,EMP0820,Kavya Sharma,kavya.sharma1@presight.ai,Finance,Financial Analyst,12263.0,1,Active,Hire - Initial Appointment,2024-03-23,9999-12-31,True
1817,EMP0821,Paolo Schmidt,paolo.schmidt@presight.ai,Procurement,Vendor Manager,16395.0,11,Active,Initial appointment,2014-05-22,2020-11-09,False
1818,EMP0821,Paolo Schmidt,paolo.schmidt@presight.ai,Procurement,Vendor Manager,18412.0,11,Active,Market correction adjustment,2020-11-09,2024-02-01,False
1819,EMP0821,Paolo Schmidt,paolo.schmidt@presight.ai,Procurement,Vendor Manager,28724.0,11,Active,Retention adjustment,2024-02-01,9999-12-31,True
1820,EMP0822,Ibrahim Ibrahim,ibrahim.ibrahim1@presight.ai,Marketing,Brand Manager,8157.0,0,Active,Initial appointment,2024-08-27,2025-05-21,False
1821,EMP0822,Ibrahim Ibrahim,ibrahim.ibrahim1@presight.ai,Marketing,Brand Manager,13504.0,0,Active,Promoted following review,2025-05-21,9999-12-31,True
1822,EMP0823,Rohan Iyer,rohan.iyer@presight.ai,HR,HR Analyst,29422.0,6,Active,Hire - Initial Appointment,2019-02-10,9999-12-31,True
1823,EMP0824,Aisha Al Marri,aisha.al.marri@presight.ai,Sustainability,Data Analyst,11685.0,0,Active,Initial appointment,2024-04-06,2025-03-28,False
1824,EMP0824,Aisha Al Marri,aisha.al.marri@presight.ai,Sustainability,Data Analyst,12818.0,0,Active,Cost of living adjustment,2025-03-28,2025-04-01,False
1825,EMP0824,Aisha Al Marri,aisha.al.marri@presight.ai,Sustainability,Data Analyst,16891.0,0,Active,Promoted following review,2025-04-01,9999-12-31,True
1826,EMP0825,Hamad Saeed,hamad.saeed@presight.ai,Marketing,Brand Manager,8025.0,0,Active,Initial appointment,2024-02-17,2025-04-21,False
1827,EMP0825,Hamad Saeed,hamad.saeed@presight.ai,Marketing,Brand Manager,12374.0,0,Active,Promoted following review,2025-04-21,9999-12-31,True
1828,EMP0826,Huda Khoury,huda.khoury@presight.ai,Operations,Supply Chain Analyst,17048.0,4,Active,Initial appointment,2021-02-19,2022-11-09,False
1829,EMP0826,Huda Khoury,huda.khoury@presight.ai,Operations,Supply Chain Analyst,22944.0,4,Active,Market correction adjustment,2022-11-09,9999-12-31,True
1830,EMP0827,Sami Al Mansoori,sami.al.mansoori1@presight.ai,Marketing,Brand Manager,21969.0,5,Active,Initial appointment,2021-03-24,2021-12-07,False
1831,EMP0827,Sami Al Mansoori,sami.al.mansoori1@presight.ai,Marketing,Brand Manager,23356.0,5,Active,Promoted following review,2021-12-07,2022-03-02,False
1832,EMP0827,Sami Al Mansoori,sami.al.mansoori1@presight.ai,Marketing,Brand Manager,34606.0,5,Active,Market correction adjustment,2022-03-02,9999-12-31,True
1833,EMP0828,Kavya Bhatt,kavya.bhatt1@presight.ai,Operations,Senior Data Engineer,16677.0,7,Active,Initial appointment,2020-09-22,2024-11-22,False
1834,EMP0828,Kavya Bhatt,kavya.bhatt1@presight.ai,Operations,Senior Data Engineer,17531.0,7,Active,Annual performance increase,2024-11-22,2025-06-09,False
1835,EMP0828,Kavya Bhatt,kavya.bhatt1@presight.ai,Operations,Senior Data Engineer,27307.0,7,Active,Retention adjustment,2025-06-09,9999-12-31,True
1836,EMP0829,Roshan Krishnan,roshan.krishnan@presight.ai,HR,Lead Data Engineer,20529.0,2,Active,Hire - Initial Appointment,2024-07-17,9999-12-31,True
1837,EMP0830,Sami Saeed,sami.saeed2@presight.ai,Sales,Sales Analyst,32449.0,14,Active,Initial appointment,2012-02-17,2018-03-14,False
1838,EMP0830,Sami Saeed,sami.saeed2@presight.ai,Sales,Sales Analyst,38179.0,14,Active,Annual performance increase,2018-03-14,2023-11-25,False
1839,EMP0830,Sami Saeed,sami.saeed2@presight.ai,Sales,Sales Analyst,41493.0,14,Active,Annual performance increase,2023-11-25,2024-09-30,False
1840,EMP0830,Sami Saeed,sami.saeed2@presight.ai,Sales,Sales Analyst,50489.0,14,Active,Market correction adjustment,2024-09-30,9999-12-31,True
1841,EMP0831,Carlos Andersen,carlos.andersen1@presight.ai,Finance,Data Analyst,14955.0,6,Active,Initial appointment,2019-08-25,2025-03-16,False
1842,EMP0831,Carlos Andersen,carlos.andersen1@presight.ai,Finance,Data Analyst,26461.0,6,Active,Market correction adjustment,2025-03-16,9999-12-31,True
1843,EMP0832,Roshan Menon,roshan.menon@presight.ai,IT,Data Engineer,25817.0,8,Active,Initial appointment,2018-05-28,2021-12-29,False
1844,EMP0832,Roshan Menon,roshan.menon@presight.ai,IT,Data Engineer,27253.0,8,Active,Promoted following review,2021-12-29,2022-05-13,False
1845,EMP0832,Roshan Menon,roshan.menon@presight.ai,IT,Data Engineer,30729.0,8,Active,Promoted following review,2022-05-13,2023-10-08,False
1846,EMP0832,Roshan Menon,roshan.menon@presight.ai,IT,Data Engineer,35510.0,8,Active,Cost of living adjustment,2023-10-08,2024-11-22,False
1847,EMP0832,Roshan Menon,roshan.menon@presight.ai,IT,Data Engineer,45999.0,8,Active,Promoted following review,2024-11-22,9999-12-31,True
1848,EMP0833,Roshan Murthy,roshan.murthy1@presight.ai,Sustainability,Sustainability Analyst,31122.0,6,Active,Hire - Initial Appointment,2021-07-31,9999-12-31,True
1849,EMP0834,Lucas Rossi,lucas.rossi@presight.ai,Sales,Sales Analyst,12223.0,0,Active,Initial appointment,2024-02-23,2025-04-22,False
1850,EMP0834,Lucas Rossi,lucas.rossi@presight.ai,Sales,Sales Analyst,16594.0,0,Active,Market correction adjustment,2025-04-22,9999-12-31,True
1851,EMP0835,Min Kapadia,min.kapadia@presight.ai,Digital,Digital Analyst,21263.0,12,Active,Initial appointment,2015-08-29,2020-01-20,False
1852,EMP0835,Min Kapadia,min.kapadia@presight.ai,Digital,Digital Analyst,24545.0,12,Active,Cost of living adjustment,2020-01-20,2022-02-06,False
1853,EMP0835,Min Kapadia,min.kapadia@presight.ai,Digital,Digital Analyst,28881.0,12,Active,Cost of living adjustment,2022-02-06,2025-01-18,False
1854,EMP0835,Min Kapadia,min.kapadia@presight.ai,Digital,Digital Analyst,32632.0,12,Active,Retention adjustment,2025-01-18,9999-12-31,True
1855,EMP0836,Marcus Williams,marcus.williams@presight.ai,Legal,Legal Analyst,12528.0,2,Active,Hire - Initial Appointment,2024-09-05,9999-12-31,True
1856,EMP0837,Khalifa Mansour,khalifa.mansour3@presight.ai,IT,Cloud Architect,48489.0,11,Active,Hire - Initial Appointment,2015-01-19,9999-12-31,True
1857,EMP0838,Sanjay Nambiar,sanjay.nambiar@presight.ai,Operations,Operations Analyst,15464.0,2,Active,Hire - Initial Appointment,2024-03-31,9999-12-31,True
1858,EMP0839,Maryam Yousef,maryam.yousef@presight.ai,Sustainability,Sustainability Analyst,10182.0,2,Active,Initial appointment,2023-08-08,2024-03-29,False
1859,EMP0839,Maryam Yousef,maryam.yousef@presight.ai,Sustainability,Sustainability Analyst,11676.0,2,Active,Annual performance increase,2024-03-29,2025-01-23,False
1860,EMP0839,Maryam Yousef,maryam.yousef@presight.ai,Sustainability,Sustainability Analyst,18507.0,2,Active,Market correction adjustment,2025-01-23,9999-12-31,True
1861,EMP0840,Nadia Hamdan,nadia.hamdan@presight.ai,Digital,Product Manager,16595.0,5,Active,Initial appointment,2021-07-19,2024-11-09,False
1862,EMP0840,Nadia Hamdan,nadia.hamdan@presight.ai,Digital,Product Manager,22707.0,5,Active,Cost of living adjustment,2024-11-09,9999-12-31,True
1863,EMP0841,Sami Al Bloushi,sami.al.bloushi1@presight.ai,Sales,Account Manager,50464.0,14,Active,Hire - Initial Appointment,2012-03-19,9999-12-31,True
1864,EMP0842,Elena Eriksson,elena.eriksson@presight.ai,Sustainability,Sustainability Analyst,16816.0,12,Active,Initial appointment,2015-02-21,2019-07-14,False
1865,EMP0842,Elena Eriksson,elena.eriksson@presight.ai,Sustainability,Sustainability Analyst,27059.0,12,Active,Promoted following review,2019-07-14,9999-12-31,True
1866,EMP0843,Adam Saleh,adam.saleh@presight.ai,Legal,Compliance Analyst,18565.0,6,Active,Hire - Initial Appointment,2019-07-10,9999-12-31,True
1867,EMP0844,Yusuf Rahman,yusuf.rahman@presight.ai,Digital,Content Strategist,21785.0,11,Active,Initial appointment,2015-07-02,2020-11-26,False
1868,EMP0844,Yusuf Rahman,yusuf.rahman@presight.ai,Digital,Content Strategist,31783.0,11,Active,Cost of living adjustment,2020-11-26,9999-12-31,True
1869,EMP0845,Khalid Mahmoud,khalid.mahmoud@presight.ai,Legal,Compliance Analyst,21446.0,5,Active,Hire - Initial Appointment,2021-05-26,9999-12-31,True
1870,EMP0846,Saif Al Khaja,saif.al.khaja1@presight.ai,Data Science,Data Analyst,15369.0,0,Active,Hire - Initial Appointment,2024-02-21,9999-12-31,True
1871,EMP0847,Aisha Yousef,aisha.yousef1@presight.ai,Operations,Supply Chain Analyst,21518.0,5,Active,Hire - Initial Appointment,2020-04-11,9999-12-31,True
1872,EMP0848,Roshan Tanaka,roshan.tanaka1@presight.ai,Sales,Account Manager,25124.0,10,Active,Hire - Initial Appointment,2015-09-19,9999-12-31,True
1873,EMP0849,Nadia Farooq,nadia.farooq@presight.ai,Operations,Supply Chain Analyst,12267.0,0,Active,Hire - Initial Appointment,2024-03-19,9999-12-31,True
1874,EMP0850,Divya Mehta,divya.mehta@presight.ai,IT,IT Manager,41962.0,16,Active,Hire - Initial Appointment,2010-04-12,9999-12-31,True
1875,EMP0851,Priya Tanaka,priya.tanaka3@presight.ai,IT,IT Manager,34825.0,10,Active,Initial appointment,2016-06-13,2024-07-11,False
1876,EMP0851,Priya Tanaka,priya.tanaka3@presight.ai,IT,IT Manager,49929.0,10,Active,Annual performance increase,2024-07-11,9999-12-31,True
1877,EMP0852,Mateo Reddy,mateo.reddy@presight.ai,Data Science,BI Developer,20702.0,9,Active,Initial appointment,2018-03-24,2023-10-27,False
1878,EMP0852,Mateo Reddy,mateo.reddy@presight.ai,Data Science,BI Developer,31422.0,9,Active,Project completion bonus integration,2023-10-27,9999-12-31,True
1879,EMP0853,Sami Al Mansoori,sami.al.mansoori2@presight.ai,Marketing,Marketing Analyst,34368.0,11,Active,Hire - Initial Appointment,2014-03-10,9999-12-31,True
1880,EMP0854,Abdulla Al Shamsi,abdulla.al.shamsi1@presight.ai,Operations,Operations Analyst,13312.0,5,Active,Initial appointment,2021-01-27,2024-02-12,False
1881,EMP0854,Abdulla Al Shamsi,abdulla.al.shamsi1@presight.ai,Operations,Operations Analyst,22949.0,5,Active,Project completion bonus integration,2024-02-12,9999-12-31,True
1882,EMP0855,Saif Al Hashimi,saif.al.hashimi1@presight.ai,Digital,UX Designer,39754.0,10,Active,Hire - Initial Appointment,2020-01-01,9999-12-31,True
1883,EMP0856,Ibrahim Ibrahim,ibrahim.ibrahim2@presight.ai,Data Science,Data Analyst,11823.0,2,Active,Initial appointment,2024-02-09,2024-10-31,False
1884,EMP0856,Ibrahim Ibrahim,ibrahim.ibrahim2@presight.ai,Data Science,Data Analyst,13866.0,2,Active,Annual performance increase,2024-10-31,2024-12-18,False
1885,EMP0856,Ibrahim Ibrahim,ibrahim.ibrahim2@presight.ai,Data Science,Data Analyst,15090.0,2,Active,Annual performance increase,2024-12-18,2025-02-15,False
1886,EMP0856,Ibrahim Ibrahim,ibrahim.ibrahim2@presight.ai,Data Science,Data Analyst,17974.0,2,Active,Project completion bonus integration,2025-02-15,2025-04-24,False
1887,EMP0856,Ibrahim Ibrahim,ibrahim.ibrahim2@presight.ai,Data Science,Data Analyst,20389.0,2,Active,Cost of living adjustment,2025-04-24,9999-12-31,True
1888,EMP0857,Maryam Al Marri,maryam.al.marri1@presight.ai,IT,Cloud Architect,16707.0,6,Active,Initial appointment,2021-01-17,2021-08-07,False
1889,EMP0857,Maryam Al Marri,maryam.al.marri1@presight.ai,IT,Cloud Architect,18683.0,6,Active,Project completion bonus integration,2021-08-07,2023-04-27,False
1890,EMP0857,Maryam Al Marri,maryam.al.marri1@presight.ai,IT,Cloud Architect,22403.0,6,Active,Project completion bonus integration,2023-04-27,9999-12-31,True
1891,EMP0858,Ahmed Al Marri,ahmed.al.marri1@presight.ai,Sustainability,Data Analyst,28159.0,5,Active,Hire - Initial Appointment,2022-01-12,9999-12-31,True
1892,EMP0859,Anika Chen,anika.chen@presight.ai,Engineering,Senior Data Engineer,17683.0,3,Active,Hire - Initial Appointment,2023-05-21,9999-12-31,True
1893,EMP0860,Meera Kapoor,meera.kapoor@presight.ai,Digital,Content Strategist,32144.0,11,Active,Hire - Initial Appointment,2014-05-11,9999-12-31,True
1894,EMP0861,Pooja Verma,pooja.verma@presight.ai,Marketing,Brand Manager,27714.0,8,Active,Hire - Initial Appointment,2019-09-08,9999-12-31,True
1895,EMP0862,Divya Nair,divya.nair@presight.ai,Data Science,ML Engineer,18197.0,10,Inactive,Initial appointment,2016-02-04,2020-07-05,False
1896,EMP0862,Divya Nair,divya.nair@presight.ai,Data Science,ML Engineer,19464.0,10,Inactive,Promoted following review,2020-07-05,2024-01-09,False
1897,EMP0862,Divya Nair,divya.nair@presight.ai,Data Science,ML Engineer,28272.0,10,Inactive,Cost of living adjustment,2024-01-09,9999-12-31,True
1898,EMP0863,Nadia Al Shamsi,nadia.al.shamsi1@presight.ai,Marketing,Brand Manager,18307.0,5,Active,Initial appointment,2020-04-03,2022-08-17,False
1899,EMP0863,Nadia Al Shamsi,nadia.al.shamsi1@presight.ai,Marketing,Brand Manager,21592.0,5,Active,Promoted following review,2022-08-17,2022-09-13,False
1900,EMP0863,Nadia Al Shamsi,nadia.al.shamsi1@presight.ai,Marketing,Brand Manager,23617.0,5,Active,Promoted following review,2022-09-13,2024-06-24,False
1901,EMP0863,Nadia Al Shamsi,nadia.al.shamsi1@presight.ai,Marketing,Brand Manager,31525.0,5,Active,Retention adjustment,2024-06-24,9999-12-31,True
1902,EMP0864,Ibrahim Farooq,ibrahim.farooq@presight.ai,HR,Learning & Development,18001.0,2,Active,Hire - Initial Appointment,2024-01-06,9999-12-31,True
1903,EMP0865,Min Patel,min.patel1@presight.ai,Data Science,BI Engineer,18738.0,6,Active,Hire - Initial Appointment,2019-02-23,9999-12-31,True
1904,EMP0866,Raj Joshi,raj.joshi@presight.ai,Marketing,Brand Manager,30416.0,14,Active,Initial appointment,2012-06-15,2017-05-27,False
1905,EMP0866,Raj Joshi,raj.joshi@presight.ai,Marketing,Brand Manager,32584.0,14,Active,Project completion bonus integration,2017-05-27,2023-10-10,False
1906,EMP0866,Raj Joshi,raj.joshi@presight.ai,Marketing,Brand Manager,49176.0,14,Active,Cost of living adjustment,2023-10-10,9999-12-31,True
1907,EMP0867,Mariam Yousef,mariam.yousef@presight.ai,Data Science,Senior Data Analyst,66797.0,2,Active,Hire - Initial Appointment,2024-07-15,9999-12-31,True
1908,EMP0868,Priya Sharma,priya.sharma@presight.ai,Digital,Content Strategist,17303.0,6,Active,Hire - Initial Appointment,2021-01-21,9999-12-31,True
1909,EMP0869,Nadia Al Shamsi,nadia.al.shamsi2@presight.ai,Finance,Data Analyst,14488.0,2,Active,Initial appointment,2024-06-09,2025-02-04,False
1910,EMP0869,Nadia Al Shamsi,nadia.al.shamsi2@presight.ai,Finance,Data Analyst,15928.0,2,Active,Promoted following review,2025-02-04,2025-02-12,False
1911,EMP0869,Nadia Al Shamsi,nadia.al.shamsi2@presight.ai,Finance,Data Analyst,16803.0,2,Active,Retention adjustment,2025-02-12,2025-03-08,False
1912,EMP0869,Nadia Al Shamsi,nadia.al.shamsi2@presight.ai,Finance,Data Analyst,19591.0,2,Active,Market correction adjustment,2025-03-08,2025-04-25,False
1913,EMP0869,Nadia Al Shamsi,nadia.al.shamsi2@presight.ai,Finance,Data Analyst,20279.0,2,Active,Market correction adjustment,2025-04-25,9999-12-31,True
1914,EMP0870,Roshan Nambiar,roshan.nambiar1@presight.ai,Sales,Sales Analyst,27857.0,17,Inactive,Initial appointment,2008-01-19,2024-10-07,False
1915,EMP0870,Roshan Nambiar,roshan.nambiar1@presight.ai,Sales,Sales Analyst,44126.0,17,Inactive,Promoted following review,2024-10-07,9999-12-31,True
1916,EMP0871,Hanan Rahman,hanan.rahman1@presight.ai,Procurement,Procurement Analyst,11357.0,3,Active,Initial appointment,2024-07-07,2025-05-07,False
1917,EMP0871,Hanan Rahman,hanan.rahman1@presight.ai,Procurement,Procurement Analyst,12275.0,3,Active,Annual performance increase,2025-05-07,2025-06-30,False
1918,EMP0871,Hanan Rahman,hanan.rahman1@presight.ai,Procurement,Procurement Analyst,17721.0,3,Active,Retention adjustment,2025-06-30,9999-12-31,True
1919,EMP0872,Arjun Iyer,arjun.iyer@presight.ai,Data Science,Data Scientist,7860.0,2,Active,Initial appointment,2024-07-13,2025-06-11,False
1920,EMP0872,Arjun Iyer,arjun.iyer@presight.ai,Data Science,Data Scientist,12614.0,2,Active,Project completion bonus integration,2025-06-11,9999-12-31,True
1921,EMP0873,Anika Krishnan,anika.krishnan@presight.ai,HR,Lead Data Engineer,44771.0,18,Active,Hire - Initial Appointment,2008-03-07,9999-12-31,True
1922,EMP0874,Arjun Mehta,arjun.mehta@presight.ai,Procurement,Procurement Analyst,13547.0,4,Active,Initial appointment,2023-02-12,2023-09-04,False
1923,EMP0874,Arjun Mehta,arjun.mehta@presight.ai,Procurement,Procurement Analyst,15457.0,4,Active,Cost of living adjustment,2023-09-04,2024-09-08,False
1924,EMP0874,Arjun Mehta,arjun.mehta@presight.ai,Procurement,Procurement Analyst,19161.0,4,Active,Promoted following review,2024-09-08,9999-12-31,True
1925,EMP0875,Arun Chen,arun.chen@presight.ai,Procurement,Vendor Manager,7573.0,1,Active,Initial appointment,2024-04-20,2025-01-10,False
1926,EMP0875,Arun Chen,arun.chen@presight.ai,Procurement,Vendor Manager,12493.0,1,Active,Project completion bonus integration,2025-01-10,9999-12-31,True
1927,EMP0876,Ibrahim Saeed,ibrahim.saeed1@presight.ai,Sustainability,Sustainability Analyst,13878.0,4,Active,Initial appointment,2023-08-21,2024-03-27,False
1928,EMP0876,Ibrahim Saeed,ibrahim.saeed1@presight.ai,Sustainability,Sustainability Analyst,16246.0,4,Active,Retention adjustment,2024-03-27,2025-06-01,False
1929,EMP0876,Ibrahim Saeed,ibrahim.saeed1@presight.ai,Sustainability,Sustainability Analyst,23229.0,4,Active,Project completion bonus integration,2025-06-01,9999-12-31,True
1930,EMP0877,Sara Hernandez,sara.hernandez1@presight.ai,Legal,Compliance Analyst,63113.0,15,Active,Hire - Initial Appointment,2010-05-26,9999-12-31,True
1931,EMP0878,Meera Verma,meera.verma1@presight.ai,IT,DevOps Engineer,14538.0,2,Inactive,Initial appointment,2023-01-09,2023-09-11,False
1932,EMP0878,Meera Verma,meera.verma1@presight.ai,IT,DevOps Engineer,16241.0,2,Inactive,Retention adjustment,2023-09-11,2024-10-22,False
1933,EMP0878,Meera Verma,meera.verma1@presight.ai,IT,DevOps Engineer,19176.0,2,Inactive,Market correction adjustment,2024-10-22,2025-05-28,False
1934,EMP0878,Meera Verma,meera.verma1@presight.ai,IT,DevOps Engineer,23103.0,2,Inactive,Project completion bonus integration,2025-05-28,9999-12-31,True
1935,EMP0879,Roshan Murthy,roshan.murthy2@presight.ai,Finance,Finance Manager,8658.0,2,Active,Initial appointment,2024-04-18,2024-11-06,False
1936,EMP0879,Roshan Murthy,roshan.murthy2@presight.ai,Finance,Finance Manager,12688.0,2,Active,Retention adjustment,2024-11-06,9999-12-31,True
1937,EMP0880,Maryam Al Rumaithi,maryam.al.rumaithi1@presight.ai,HR,Lead Data Engineer,11169.0,3,Active,Initial appointment,2022-05-31,2022-12-10,False
1938,EMP0880,Maryam Al Rumaithi,maryam.al.rumaithi1@presight.ai,HR,Lead Data Engineer,11852.0,3,Active,Market correction adjustment,2022-12-10,2023-05-03,False
1939,EMP0880,Maryam Al Rumaithi,maryam.al.rumaithi1@presight.ai,HR,Lead Data Engineer,15133.0,3,Active,Promoted following review,2023-05-03,9999-12-31,True
1940,EMP0881,Dana Khoury,dana.khoury@presight.ai,Legal,Compliance Analyst,14039.0,0,Active,Hire - Initial Appointment,2024-02-28,9999-12-31,True
1941,EMP0882,Saif Al Rumaithi,saif.al.rumaithi2@presight.ai,Operations,Senior Data Engineer,49728.0,14,Active,Hire - Initial Appointment,2012-07-23,9999-12-31,True
1942,EMP0883,Hiroshi Chen,hiroshi.chen2@presight.ai,IT,Network Engineer,19976.0,9,Active,Initial appointment,2018-05-29,2022-07-23,False
1943,EMP0883,Hiroshi Chen,hiroshi.chen2@presight.ai,IT,Network Engineer,35434.0,9,Active,Annual performance increase,2022-07-23,9999-12-31,True
1944,EMP0884,Inga Johnson,inga.johnson@presight.ai,Finance,Budget Analyst,24419.0,13,Active,Initial appointment,2014-02-07,2017-10-13,False
1945,EMP0884,Inga Johnson,inga.johnson@presight.ai,Finance,Budget Analyst,40789.0,13,Active,Annual performance increase,2017-10-13,9999-12-31,True
1946,EMP0885,Ahmed Farooq,ahmed.farooq2@presight.ai,Digital,UX Designer,11857.0,4,Inactive,Initial appointment,2021-03-29,2024-07-17,False
1947,EMP0885,Ahmed Farooq,ahmed.farooq2@presight.ai,Digital,UX Designer,18454.0,4,Inactive,Retention adjustment,2024-07-17,9999-12-31,True
1948,EMP0886,Aaliyah Saeed,aaliyah.saeed1@presight.ai,Engineering,Senior Data Engineer,11727.0,2,Active,Initial appointment,2023-01-09,2024-04-30,False
1949,EMP0886,Aaliyah Saeed,aaliyah.saeed1@presight.ai,Engineering,Senior Data Engineer,12516.0,2,Active,Promoted following review,2024-04-30,2025-01-07,False
1950,EMP0886,Aaliyah Saeed,aaliyah.saeed1@presight.ai,Engineering,Senior Data Engineer,20871.0,2,Active,Promoted following review,2025-01-07,9999-12-31,True
1951,EMP0887,Adam Al Naqbi,adam.al.naqbi@presight.ai,Data Science,BI Developer,14749.0,3,Active,Hire - Initial Appointment,2023-06-29,9999-12-31,True
1952,EMP0888,Ahmed Al Zaabi,ahmed.al.zaabi@presight.ai,Finance,Finance Manager,26551.0,12,Active,Initial appointment,2013-05-21,2018-11-21,False
1953,EMP0888,Ahmed Al Zaabi,ahmed.al.zaabi@presight.ai,Finance,Finance Manager,35877.0,12,Active,Market correction adjustment,2018-11-21,9999-12-31,True
1954,EMP0889,Nadia Al Mazrouei,nadia.al.mazrouei1@presight.ai,Sales,Account Manager,66312.0,12,Active,Hire - Initial Appointment,2013-08-11,9999-12-31,True
1955,EMP0890,Marcus Smith,marcus.smith@presight.ai,Data Science,BI Specialist,29591.0,16,Active,Initial appointment,2010-09-30,2022-05-01,False
1956,EMP0890,Marcus Smith,marcus.smith@presight.ai,Data Science,BI Specialist,49121.0,16,Active,Cost of living adjustment,2022-05-01,9999-12-31,True
1957,EMP0891,Pooja Kumar,pooja.kumar1@presight.ai,Legal,Legal Analyst,43067.0,11,Active,Hire - Initial Appointment,2014-09-26,9999-12-31,True
1958,EMP0892,Noura Saeed,noura.saeed2@presight.ai,HR,HR Analyst,13995.0,3,Active,Initial appointment,2023-03-18,2024-01-17,False
1959,EMP0892,Noura Saeed,noura.saeed2@presight.ai,HR,HR Analyst,16194.0,3,Active,Annual performance increase,2024-01-17,2025-06-01,False
1960,EMP0892,Noura Saeed,noura.saeed2@presight.ai,HR,HR Analyst,21087.0,3,Active,Promoted following review,2025-06-01,9999-12-31,True
1961,EMP0893,Nikhil Nambiar,nikhil.nambiar@presight.ai,Finance,Data Analyst,12127.0,3,Active,Hire - Initial Appointment,2022-04-22,9999-12-31,True
1962,EMP0894,Ahmed Yousef,ahmed.yousef2@presight.ai,HR,HR Analyst,25817.0,9,Active,Hire - Initial Appointment,2016-06-30,9999-12-31,True
1963,EMP0895,James Andersen,james.andersen1@presight.ai,Procurement,Procurement Analyst,12726.0,6,Active,Initial appointment,2019-05-30,2021-04-11,False
1964,EMP0895,James Andersen,james.andersen1@presight.ai,Procurement,Procurement Analyst,20539.0,6,Active,Retention adjustment,2021-04-11,9999-12-31,True
1965,EMP0896,Mira Yousef,mira.yousef2@presight.ai,Legal,Compliance Analyst,24974.0,12,Active,Initial appointment,2015-06-11,2017-06-19,False
1966,EMP0896,Mira Yousef,mira.yousef2@presight.ai,Legal,Compliance Analyst,27014.0,12,Active,Promoted following review,2017-06-19,2023-06-05,False
1967,EMP0896,Mira Yousef,mira.yousef2@presight.ai,Legal,Compliance Analyst,29335.0,12,Active,Market correction adjustment,2023-06-05,2024-06-19,False
1968,EMP0896,Mira Yousef,mira.yousef2@presight.ai,Legal,Compliance Analyst,42280.0,12,Active,Promoted following review,2024-06-19,9999-12-31,True
1969,EMP0897,Bilal Farooq,bilal.farooq1@presight.ai,Operations,Supply Chain Analyst,21540.0,3,Active,Hire - Initial Appointment,2023-06-06,9999-12-31,True
1970,EMP0898,Khalid Ibrahim,khalid.ibrahim1@presight.ai,Legal,Legal Analyst,9019.0,2,Active,Initial appointment,2024-06-30,2025-03-23,False
1971,EMP0898,Khalid Ibrahim,khalid.ibrahim1@presight.ai,Legal,Legal Analyst,10220.0,2,Active,Project completion bonus integration,2025-03-23,2025-05-26,False
1972,EMP0898,Khalid Ibrahim,khalid.ibrahim1@presight.ai,Legal,Legal Analyst,14566.0,2,Active,Retention adjustment,2025-05-26,9999-12-31,True
1973,EMP0899,Mohammed Yousef,mohammed.yousef1@presight.ai,Data Science,BI Engineer,21035.0,8,Active,Initial appointment,2019-09-21,2023-09-16,False
1974,EMP0899,Mohammed Yousef,mohammed.yousef1@presight.ai,Data Science,BI Engineer,24791.0,8,Active,Retention adjustment,2023-09-16,2024-01-25,False
1975,EMP0899,Mohammed Yousef,mohammed.yousef1@presight.ai,Data Science,BI Engineer,29954.0,8,Active,Annual performance increase,2024-01-25,9999-12-31,True
1976,EMP0900,Nikhil Iyer,nikhil.iyer@presight.ai,Legal,Compliance Analyst,48860.0,3,Active,Initial appointment,2022-02-13,2022-12-14,False
1977,EMP0900,Nikhil Iyer,nikhil.iyer@presight.ai,Legal,Compliance Analyst,56773.0,3,Active,Annual performance increase,2022-12-14,2023-02-12,False
1978,EMP0900,Nikhil Iyer,nikhil.iyer@presight.ai,Legal,Compliance Analyst,64294.0,3,Active,Project completion bonus integration,2023-02-12,2024-05-19,False
1979,EMP0900,Nikhil Iyer,nikhil.iyer@presight.ai,Legal,Compliance Analyst,71212.0,3,Active,Cost of living adjustment,2024-05-19,9999-12-31,True
1980,EMP0901,Saif Al Shamsi,saif.al.shamsi@presight.ai,Marketing,Brand Manager,17498.0,2,Active,Hire - Initial Appointment,2024-09-18,9999-12-31,True
1981,EMP0902,Dana Al Naqbi,dana.al.naqbi1@presight.ai,Operations,Senior Data Engineer,26438.0,12,Inactive,Initial appointment,2015-06-11,2018-05-04,False
1982,EMP0902,Dana Al Naqbi,dana.al.naqbi1@presight.ai,Operations,Senior Data Engineer,28680.0,12,Inactive,Retention adjustment,2018-05-04,2018-06-05,False
1983,EMP0902,Dana Al Naqbi,dana.al.naqbi1@presight.ai,Operations,Senior Data Engineer,33911.0,12,Inactive,Promoted following review,2018-06-05,2022-10-13,False
1984,EMP0902,Dana Al Naqbi,dana.al.naqbi1@presight.ai,Operations,Senior Data Engineer,40535.0,12,Inactive,Project completion bonus integration,2022-10-13,9999-12-31,True
1985,EMP0903,Omar Al Hashimi,omar.al.hashimi@presight.ai,Data Science,BI Engineer,9149.0,0,Active,Initial appointment,2024-04-14,2025-02-03,False
1986,EMP0903,Omar Al Hashimi,omar.al.hashimi@presight.ai,Data Science,BI Engineer,10095.0,0,Active,Market correction adjustment,2025-02-03,2025-02-21,False
1987,EMP0903,Omar Al Hashimi,omar.al.hashimi@presight.ai,Data Science,BI Engineer,11568.0,0,Active,Cost of living adjustment,2025-02-21,2025-03-31,False
1988,EMP0903,Omar Al Hashimi,omar.al.hashimi@presight.ai,Data Science,BI Engineer,12991.0,0,Active,Annual performance increase,2025-03-31,9999-12-31,True
1989,EMP0904,Rashid Al Hashimi,rashid.al.hashimi@presight.ai,Finance,Budget Analyst,13400.0,3,Active,Initial appointment,2024-05-13,2025-01-26,False
1990,EMP0904,Rashid Al Hashimi,rashid.al.hashimi@presight.ai,Finance,Budget Analyst,15186.0,3,Active,Annual performance increase,2025-01-26,2025-04-27,False
1991,EMP0904,Rashid Al Hashimi,rashid.al.hashimi@presight.ai,Finance,Budget Analyst,23719.0,3,Active,Retention adjustment,2025-04-27,9999-12-31,True
1992,EMP0905,Sanjay Krishnan,sanjay.krishnan1@presight.ai,Sales,Sales Analyst,9257.0,1,Active,Initial appointment,2024-04-12,2025-02-07,False
1993,EMP0905,Sanjay Krishnan,sanjay.krishnan1@presight.ai,Sales,Sales Analyst,10202.0,1,Active,Market correction adjustment,2025-02-07,2025-02-21,False
1994,EMP0905,Sanjay Krishnan,sanjay.krishnan1@presight.ai,Sales,Sales Analyst,11929.0,1,Active,Annual performance increase,2025-02-21,2025-03-23,False
1995,EMP0905,Sanjay Krishnan,sanjay.krishnan1@presight.ai,Sales,Sales Analyst,12652.0,1,Active,Annual performance increase,2025-03-23,2025-05-19,False
1996,EMP0905,Sanjay Krishnan,sanjay.krishnan1@presight.ai,Sales,Sales Analyst,13971.0,1,Active,Retention adjustment,2025-05-19,9999-12-31,True
1997,EMP0906,Dana Al Zaabi,dana.al.zaabi@presight.ai,Sales,Account Manager,13581.0,2,Active,Initial appointment,2024-08-01,2025-03-24,False
1998,EMP0906,Dana Al Zaabi,dana.al.zaabi@presight.ai,Sales,Account Manager,15996.0,2,Active,Project completion bonus integration,2025-03-24,2025-03-29,False
1999,EMP0906,Dana Al Zaabi,dana.al.zaabi@presight.ai,Sales,Account Manager,22715.0,2,Active,Annual performance increase,2025-03-29,9999-12-31,True
2000,EMP0907,Mira Al Mansoori,mira.al.mansoori@presight.ai,Marketing,Brand Manager,12731.0,4,Inactive,Initial appointment,2021-08-28,2025-02-10,False
2001,EMP0907,Mira Al Mansoori,mira.al.mansoori@presight.ai,Marketing,Brand Manager,17349.0,4,Inactive,Annual performance increase,2025-02-10,9999-12-31,True
2002,EMP0908,Ibrahim Al Zaabi,ibrahim.al.zaabi@presight.ai,Procurement,Procurement Analyst,11200.0,3,Active,Initial appointment,2023-06-23,2024-05-07,False
2003,EMP0908,Ibrahim Al Zaabi,ibrahim.al.zaabi@presight.ai,Procurement,Procurement Analyst,18429.0,3,Active,Annual performance increase,2024-05-07,9999-12-31,True
2004,EMP0909,Reem Ibrahim,reem.ibrahim@presight.ai,Data Science,BI Specialist,31693.0,14,Active,Initial appointment,2012-04-05,2017-10-29,False
2005,EMP0909,Reem Ibrahim,reem.ibrahim@presight.ai,Data Science,BI Specialist,35330.0,14,Active,Retention adjustment,2017-10-29,2020-10-21,False
2006,EMP0909,Reem Ibrahim,reem.ibrahim@presight.ai,Data Science,BI Specialist,38343.0,14,Active,Promoted following review,2020-10-21,2022-01-11,False
2007,EMP0909,Reem Ibrahim,reem.ibrahim@presight.ai,Data Science,BI Specialist,45925.0,14,Active,Market correction adjustment,2022-01-11,9999-12-31,True
2008,EMP0910,Arjun Krishnan,arjun.krishnan1@presight.ai,Procurement,Vendor Manager,21788.0,6,Active,Hire - Initial Appointment,2020-02-05,9999-12-31,True
2009,EMP0911,Saif Hamdan,saif.hamdan1@presight.ai,Sales,Sales Analyst,23322.0,3,Active,Hire - Initial Appointment,2022-03-31,9999-12-31,True
2010,EMP0912,Salim Al Suwaidi,salim.al.suwaidi@presight.ai,Marketing,Marketing Analyst,23937.0,2,Inactive,Hire - Initial Appointment,2024-07-10,9999-12-31,True
2011,EMP0913,Saif Rahman,saif.rahman@presight.ai,Digital,Senior Data Engineer,21558.0,3,Active,Hire - Initial Appointment,2022-05-10,9999-12-31,True
2012,EMP0914,Adam Yousef,adam.yousef@presight.ai,Sustainability,Data Analyst,17609.0,5,Active,Initial appointment,2022-02-19,2023-10-26,False
2013,EMP0914,Adam Yousef,adam.yousef@presight.ai,Sustainability,Data Analyst,20113.0,5,Active,Retention adjustment,2023-10-26,2023-10-27,False
2014,EMP0914,Adam Yousef,adam.yousef@presight.ai,Sustainability,Data Analyst,22833.0,5,Active,Cost of living adjustment,2023-10-27,2024-08-31,False
2015,EMP0914,Adam Yousef,adam.yousef@presight.ai,Sustainability,Data Analyst,26409.0,5,Active,Promoted following review,2024-08-31,9999-12-31,True
2016,EMP0915,Nadia Saeed,nadia.saeed1@presight.ai,Sustainability,Sustainability Analyst,23336.0,18,Active,Initial appointment,2009-10-01,2015-02-19,False
2017,EMP0915,Nadia Saeed,nadia.saeed1@presight.ai,Sustainability,Sustainability Analyst,25205.0,18,Active,Market correction adjustment,2015-02-19,2024-05-09,False
2018,EMP0915,Nadia Saeed,nadia.saeed1@presight.ai,Sustainability,Sustainability Analyst,41036.0,18,Active,Market correction adjustment,2024-05-09,9999-12-31,True
2019,EMP0916,Wei Murthy,wei.murthy3@presight.ai,HR,Lead Data Engineer,27258.0,6,Active,Hire - Initial Appointment,2020-08-07,9999-12-31,True
2020,EMP0917,Reem Al Hashimi,reem.al.hashimi@presight.ai,Data Science,Data Analyst,13006.0,6,Active,Initial appointment,2020-01-13,2022-12-03,False
2021,EMP0917,Reem Al Hashimi,reem.al.hashimi@presight.ai,Data Science,Data Analyst,15437.0,6,Active,Cost of living adjustment,2022-12-03,2024-04-25,False
2022,EMP0917,Reem Al Hashimi,reem.al.hashimi@presight.ai,Data Science,Data Analyst,21927.0,6,Active,Market correction adjustment,2024-04-25,9999-12-31,True
2023,EMP0918,Pooja Malik,pooja.malik@presight.ai,HR,HR Analyst,9978.0,0,Active,Initial appointment,2024-05-03,2025-01-06,False
2024,EMP0918,Pooja Malik,pooja.malik@presight.ai,HR,HR Analyst,10767.0,0,Active,Market correction adjustment,2025-01-06,2025-06-16,False
2025,EMP0918,Pooja Malik,pooja.malik@presight.ai,HR,HR Analyst,14359.0,0,Active,Cost of living adjustment,2025-06-16,9999-12-31,True
2026,EMP0919,Rashid Mansour,rashid.mansour@presight.ai,Procurement,Vendor Manager,25108.0,18,Active,Initial appointment,2007-01-21,2013-07-23,False
2027,EMP0919,Rashid Mansour,rashid.mansour@presight.ai,Procurement,Vendor Manager,29287.0,18,Active,Annual performance increase,2013-07-23,2018-08-09,False
2028,EMP0919,Rashid Mansour,rashid.mansour@presight.ai,Procurement,Vendor Manager,42309.0,18,Active,Annual performance increase,2018-08-09,9999-12-31,True
2029,EMP0920,Karthik Krishnan,karthik.krishnan@presight.ai,Operations,Senior Data Engineer,11627.0,2,Active,Initial appointment,2023-09-10,2024-07-10,False
2030,EMP0920,Karthik Krishnan,karthik.krishnan@presight.ai,Operations,Senior Data Engineer,12579.0,2,Active,Market correction adjustment,2024-07-10,2024-12-08,False
2031,EMP0920,Karthik Krishnan,karthik.krishnan@presight.ai,Operations,Senior Data Engineer,13781.0,2,Active,Promoted following review,2024-12-08,2024-12-23,False
2032,EMP0920,Karthik Krishnan,karthik.krishnan@presight.ai,Operations,Senior Data Engineer,14882.0,2,Active,Annual performance increase,2024-12-23,2025-06-13,False
2033,EMP0920,Karthik Krishnan,karthik.krishnan@presight.ai,Operations,Senior Data Engineer,19700.0,2,Active,Retention adjustment,2025-06-13,9999-12-31,True
2034,EMP0921,Karthik Murthy,karthik.murthy1@presight.ai,Data Science,BI Engineer,26642.0,9,Active,Initial appointment,2018-09-04,2022-05-25,False
2035,EMP0921,Karthik Murthy,karthik.murthy1@presight.ai,Data Science,BI Engineer,28668.0,9,Active,Retention adjustment,2022-05-25,2023-04-12,False
2036,EMP0921,Karthik Murthy,karthik.murthy1@presight.ai,Data Science,BI Engineer,48034.0,9,Active,Project completion bonus integration,2023-04-12,9999-12-31,True
2037,EMP0922,Abdulla Najjar,abdulla.najjar1@presight.ai,HR,Learning & Development,14664.0,3,Active,Initial appointment,2022-01-29,2023-09-04,False
2038,EMP0922,Abdulla Najjar,abdulla.najjar1@presight.ai,HR,Learning & Development,15874.0,3,Active,Cost of living adjustment,2023-09-04,2023-11-26,False
2039,EMP0922,Abdulla Najjar,abdulla.najjar1@presight.ai,HR,Learning & Development,23402.0,3,Active,Promoted following review,2023-11-26,9999-12-31,True
2040,EMP0923,Mira Farooq,mira.farooq@presight.ai,Sales,Account Manager,25854.0,11,Active,Hire - Initial Appointment,2015-03-08,9999-12-31,True
2041,EMP0924,Yusuf Saleh,yusuf.saleh@presight.ai,HR,Learning & Development,20576.0,2,Active,Hire - Initial Appointment,2023-04-29,9999-12-31,True
2042,EMP0925,Lin Kumar,lin.kumar@presight.ai,Engineering,Data Engineer,35008.0,25,Active,Initial appointment,2000-02-15,2004-11-17,False
2043,EMP0925,Lin Kumar,lin.kumar@presight.ai,Engineering,Data Engineer,39864.0,25,Active,Annual performance increase,2004-11-17,2010-10-07,False
2044,EMP0925,Lin Kumar,lin.kumar@presight.ai,Engineering,Data Engineer,46266.0,25,Active,Annual performance increase,2010-10-07,2017-10-25,False
2045,EMP0925,Lin Kumar,lin.kumar@presight.ai,Engineering,Data Engineer,58189.0,25,Active,Market correction adjustment,2017-10-25,9999-12-31,True
2046,EMP0926,Yasmin Saleh,yasmin.saleh3@presight.ai,Sales,Account Manager,24808.0,17,Active,Initial appointment,2009-09-06,2011-06-21,False
2047,EMP0926,Yasmin Saleh,yasmin.saleh3@presight.ai,Sales,Account Manager,28517.0,17,Active,Retention adjustment,2011-06-21,2015-04-29,False
2048,EMP0926,Yasmin Saleh,yasmin.saleh3@presight.ai,Sales,Account Manager,40125.0,17,Active,Promoted following review,2015-04-29,9999-12-31,True
2049,EMP0927,Ibrahim Hamdan,ibrahim.hamdan@presight.ai,Procurement,Vendor Manager,18391.0,12,Active,Initial appointment,2015-06-06,2016-08-23,False
2050,EMP0927,Ibrahim Hamdan,ibrahim.hamdan@presight.ai,Procurement,Vendor Manager,20829.0,12,Active,Cost of living adjustment,2016-08-23,2019-05-28,False
2051,EMP0927,Ibrahim Hamdan,ibrahim.hamdan@presight.ai,Procurement,Vendor Manager,28609.0,12,Active,Project completion bonus integration,2019-05-28,9999-12-31,True
2052,EMP0928,Wei Desai,wei.desai@presight.ai,HR,Lead Data Engineer,26710.0,5,Active,Hire - Initial Appointment,2021-07-30,9999-12-31,True
2053,EMP0929,Bilal Khoury,bilal.khoury1@presight.ai,Operations,Senior Data Engineer,18726.0,2,Active,Hire - Initial Appointment,2024-03-13,9999-12-31,True
2054,EMP0930,Roshan Verma,roshan.verma@presight.ai,Engineering,Data Engineer,11042.0,4,Active,Initial appointment,2023-07-16,2025-03-01,False
2055,EMP0930,Roshan Verma,roshan.verma@presight.ai,Engineering,Data Engineer,19214.0,4,Active,Cost of living adjustment,2025-03-01,9999-12-31,True
2056,EMP0931,Mira Hamdan,mira.hamdan1@presight.ai,Engineering,Platform Engineer,31987.0,8,Active,Initial appointment,2017-04-17,2020-04-05,False
2057,EMP0931,Mira Hamdan,mira.hamdan1@presight.ai,Engineering,Platform Engineer,35204.0,8,Active,Cost of living adjustment,2020-04-05,2021-12-25,False
2058,EMP0931,Mira Hamdan,mira.hamdan1@presight.ai,Engineering,Platform Engineer,39073.0,8,Active,Market correction adjustment,2021-12-25,2022-06-24,False
2059,EMP0931,Mira Hamdan,mira.hamdan1@presight.ai,Engineering,Platform Engineer,45274.0,8,Active,Promoted following review,2022-06-24,9999-12-31,True
2060,EMP0932,Reem Al Suwaidi,reem.al.suwaidi@presight.ai,Sustainability,Data Analyst,19986.0,10,Active,Initial appointment,2016-04-22,2017-03-27,False
2061,EMP0932,Reem Al Suwaidi,reem.al.suwaidi@presight.ai,Sustainability,Data Analyst,21283.0,10,Active,Annual performance increase,2017-03-27,2020-11-11,False
2062,EMP0932,Reem Al Suwaidi,reem.al.suwaidi@presight.ai,Sustainability,Data Analyst,25098.0,10,Active,Market correction adjustment,2020-11-11,2024-05-30,False
2063,EMP0932,Reem Al Suwaidi,reem.al.suwaidi@presight.ai,Sustainability,Data Analyst,34973.0,10,Active,Retention adjustment,2024-05-30,9999-12-31,True
2064,EMP0933,Sanjay Iyer,sanjay.iyer1@presight.ai,Data Science,BI Specialist,16896.0,12,Active,Initial appointment,2014-09-25,2020-10-18,False
2065,EMP0933,Sanjay Iyer,sanjay.iyer1@presight.ai,Data Science,BI Specialist,18315.0,12,Active,Annual performance increase,2020-10-18,2022-12-05,False
2066,EMP0933,Sanjay Iyer,sanjay.iyer1@presight.ai,Data Science,BI Specialist,29709.0,12,Active,Project completion bonus integration,2022-12-05,9999-12-31,True
2067,EMP0934,Min Krishnan,min.krishnan1@presight.ai,Engineering,Lead Data Engineer,17700.0,3,Inactive,Hire - Initial Appointment,2024-05-31,9999-12-31,True
2068,EMP0935,Mariam Farooq,mariam.farooq@presight.ai,Finance,Finance Manager,15010.0,6,Active,Initial appointment,2020-06-14,2023-08-25,False
2069,EMP0935,Mariam Farooq,mariam.farooq@presight.ai,Finance,Finance Manager,25202.0,6,Active,Annual performance increase,2023-08-25,9999-12-31,True
2070,EMP0936,Ahmed Mahmoud,ahmed.mahmoud@presight.ai,Engineering,Platform Engineer,28742.0,16,Active,Initial appointment,2009-08-01,2023-04-25,False
2071,EMP0936,Ahmed Mahmoud,ahmed.mahmoud@presight.ai,Engineering,Platform Engineer,48448.0,16,Active,Cost of living adjustment,2023-04-25,9999-12-31,True
2072,EMP0937,Lin Mehta,lin.mehta@presight.ai,Data Science,Data Scientist,16351.0,4,Active,Initial appointment,2022-09-11,2023-09-27,False
2073,EMP0937,Lin Mehta,lin.mehta@presight.ai,Data Science,Data Scientist,19513.0,4,Active,Project completion bonus integration,2023-09-27,2025-05-19,False
2074,EMP0937,Lin Mehta,lin.mehta@presight.ai,Data Science,Data Scientist,23274.0,4,Active,Annual performance increase,2025-05-19,9999-12-31,True
2075,EMP0938,Meera Iyer,meera.iyer@presight.ai,Operations,Operations Analyst,10036.0,3,Active,Initial appointment,2024-06-11,2025-05-10,False
2076,EMP0938,Meera Iyer,meera.iyer@presight.ai,Operations,Operations Analyst,10968.0,3,Active,Market correction adjustment,2025-05-10,2025-06-13,False
2077,EMP0938,Meera Iyer,meera.iyer@presight.ai,Operations,Operations Analyst,13509.0,3,Active,Cost of living adjustment,2025-06-13,9999-12-31,True
2078,EMP0939,Lara Eriksson,lara.eriksson@presight.ai,Engineering,Lead Data Engineer,24158.0,5,Active,Initial appointment,2022-05-01,2024-03-21,False
2079,EMP0939,Lara Eriksson,lara.eriksson@presight.ai,Engineering,Lead Data Engineer,25784.0,5,Active,Annual performance increase,2024-03-21,2024-09-11,False
2080,EMP0939,Lara Eriksson,lara.eriksson@presight.ai,Engineering,Lead Data Engineer,33854.0,5,Active,Annual performance increase,2024-09-11,9999-12-31,True
2081,EMP0940,Salim Al Mazrouei,salim.al.mazrouei1@presight.ai,Operations,Supply Chain Analyst,13876.0,5,Active,Initial appointment,2020-08-07,2023-05-24,False
2082,EMP0940,Salim Al Mazrouei,salim.al.mazrouei1@presight.ai,Operations,Supply Chain Analyst,16566.0,5,Active,Promoted following review,2023-05-24,2024-02-12,False
2083,EMP0940,Salim Al Mazrouei,salim.al.mazrouei1@presight.ai,Operations,Supply Chain Analyst,23792.0,5,Active,Market correction adjustment,2024-02-12,9999-12-31,True
2084,EMP0941,Divya Tanaka,divya.tanaka3@presight.ai,Sales,Account Manager,22094.0,2,Active,Hire - Initial Appointment,2023-07-08,9999-12-31,True
2085,EMP0942,Anika Nair,anika.nair1@presight.ai,Operations,Senior Data Engineer,20028.0,10,Active,Initial appointment,2015-07-15,2016-06-19,False
2086,EMP0942,Anika Nair,anika.nair1@presight.ai,Operations,Senior Data Engineer,23046.0,10,Active,Project completion bonus integration,2016-06-19,2016-12-11,False
2087,EMP0942,Anika Nair,anika.nair1@presight.ai,Operations,Senior Data Engineer,25721.0,10,Active,Cost of living adjustment,2016-12-11,2020-04-05,False
2088,EMP0942,Anika Nair,anika.nair1@presight.ai,Operations,Senior Data Engineer,29784.0,10,Active,Cost of living adjustment,2020-04-05,2025-05-25,False
2089,EMP0942,Anika Nair,anika.nair1@presight.ai,Operations,Senior Data Engineer,33326.0,10,Active,Market correction adjustment,2025-05-25,9999-12-31,True
2090,EMP0943,Hamad Al Khaja,hamad.al.khaja1@presight.ai,Operations,Senior Data Engineer,21551.0,11,Active,Initial appointment,2016-03-05,2024-03-14,False
2091,EMP0943,Hamad Al Khaja,hamad.al.khaja1@presight.ai,Operations,Senior Data Engineer,35327.0,11,Active,Promoted following review,2024-03-14,9999-12-31,True
2092,EMP0944,Wei Zhang,wei.zhang@presight.ai,HR,Lead Data Engineer,11566.0,3,Active,Initial appointment,2023-05-05,2024-01-01,False
2093,EMP0944,Wei Zhang,wei.zhang@presight.ai,HR,Lead Data Engineer,19400.0,3,Active,Annual performance increase,2024-01-01,9999-12-31,True
2094,EMP0945,Yusuf Rahman,yusuf.rahman1@presight.ai,Operations,Supply Chain Analyst,19964.0,2,Active,Hire - Initial Appointment,2024-09-15,9999-12-31,True
2095,EMP0946,Roshan Tanaka,roshan.tanaka2@presight.ai,Operations,Operations Analyst,33808.0,8,Active,Hire - Initial Appointment,2018-03-13,9999-12-31,True
2096,EMP0947,Hamad Yousef,hamad.yousef2@presight.ai,Legal,Compliance Analyst,21718.0,5,Inactive,Hire - Initial Appointment,2022-04-12,9999-12-31,True
2097,EMP0948,Fatima Mansour,fatima.mansour1@presight.ai,Procurement,Procurement Analyst,22205.0,8,Active,Initial appointment,2018-01-14,2019-09-21,False
2098,EMP0948,Fatima Mansour,fatima.mansour1@presight.ai,Procurement,Procurement Analyst,25692.0,8,Active,Promoted following review,2019-09-21,2021-04-15,False
2099,EMP0948,Fatima Mansour,fatima.mansour1@presight.ai,Procurement,Procurement Analyst,27421.0,8,Active,Cost of living adjustment,2021-04-15,2021-09-07,False
2100,EMP0948,Fatima Mansour,fatima.mansour1@presight.ai,Procurement,Procurement Analyst,40070.0,8,Active,Market correction adjustment,2021-09-07,9999-12-31,True
2101,EMP0949,Mira Yousef,mira.yousef3@presight.ai,HR,Lead Data Engineer,11368.0,1,Active,Initial appointment,2024-05-30,2025-01-30,False
2102,EMP0949,Mira Yousef,mira.yousef3@presight.ai,HR,Lead Data Engineer,12190.0,1,Active,Retention adjustment,2025-01-30,2025-02-04,False
2103,EMP0949,Mira Yousef,mira.yousef3@presight.ai,HR,Lead Data Engineer,14588.0,1,Active,Project completion bonus integration,2025-02-04,2025-03-09,False
2104,EMP0949,Mira Yousef,mira.yousef3@presight.ai,HR,Lead Data Engineer,17321.0,1,Active,Promoted following review,2025-03-09,2025-04-28,False
2105,EMP0949,Mira Yousef,mira.yousef3@presight.ai,HR,Lead Data Engineer,16562.0,1,Active,Market correction adjustment,2025-04-28,9999-12-31,True
2106,EMP0950,Saif Al Suwaidi,saif.al.suwaidi@presight.ai,Data Science,Data Scientist,23313.0,11,Active,Initial appointment,2016-08-20,2018-10-16,False
2107,EMP0950,Saif Al Suwaidi,saif.al.suwaidi@presight.ai,Data Science,Data Scientist,25886.0,11,Active,Market correction adjustment,2018-10-16,2023-08-03,False
2108,EMP0950,Saif Al Suwaidi,saif.al.suwaidi@presight.ai,Data Science,Data Scientist,27779.0,11,Active,Project completion bonus integration,2023-08-03,2024-07-01,False
2109,EMP0950,Saif Al Suwaidi,saif.al.suwaidi@presight.ai,Data Science,Data Scientist,32354.0,11,Active,Market correction adjustment,2024-07-01,9999-12-31,True
2110,EMP0951,Bilal Al Marri,bilal.al.marri@presight.ai,Procurement,Procurement Analyst,15380.0,5,Active,Initial appointment,2022-07-09,2023-03-03,False
2111,EMP0951,Bilal Al Marri,bilal.al.marri@presight.ai,Procurement,Procurement Analyst,17147.0,5,Active,Project completion bonus integration,2023-03-03,2025-05-15,False
2112,EMP0951,Bilal Al Marri,bilal.al.marri@presight.ai,Procurement,Procurement Analyst,27494.0,5,Active,Promoted following review,2025-05-15,9999-12-31,True
2113,EMP0952,Mariam Al Hashimi,mariam.al.hashimi@presight.ai,Operations,Supply Chain Analyst,17395.0,6,Active,Hire - Initial Appointment,2021-09-26,9999-12-31,True
2114,EMP0953,Mira Al Bloushi,mira.al.bloushi1@presight.ai,IT,DevOps Engineer,28131.0,11,Active,Initial appointment,2015-09-25,2024-02-15,False
2115,EMP0953,Mira Al Bloushi,mira.al.bloushi1@presight.ai,IT,DevOps Engineer,32640.0,11,Active,Cost of living adjustment,2024-02-15,2024-02-17,False
2116,EMP0953,Mira Al Bloushi,mira.al.bloushi1@presight.ai,IT,DevOps Engineer,49976.0,11,Active,Cost of living adjustment,2024-02-17,9999-12-31,True
2117,EMP0954,Aisha Al Marri,aisha.al.marri1@presight.ai,Data Science,ML Engineer,20595.0,3,Active,Hire - Initial Appointment,2022-05-28,9999-12-31,True
2118,EMP0955,Lara Laurent,lara.laurent2@presight.ai,Data Science,BI Developer,13136.0,3,Active,Initial appointment,2022-01-21,2022-11-12,False
2119,EMP0955,Lara Laurent,lara.laurent2@presight.ai,Data Science,BI Developer,14377.0,3,Active,Promoted following review,2022-11-12,2023-01-20,False
2120,EMP0955,Lara Laurent,lara.laurent2@presight.ai,Data Science,BI Developer,15645.0,3,Active,Market correction adjustment,2023-01-20,2024-01-02,False
2121,EMP0955,Lara Laurent,lara.laurent2@presight.ai,Data Science,BI Developer,16598.0,3,Active,Annual performance increase,2024-01-02,2024-03-19,False
2122,EMP0955,Lara Laurent,lara.laurent2@presight.ai,Data Science,BI Developer,21167.0,3,Active,Annual performance increase,2024-03-19,9999-12-31,True
2123,EMP0956,Mohammed Al Zaabi,mohammed.al.zaabi@presight.ai,Operations,Senior Data Engineer,20493.0,5,Active,Hire - Initial Appointment,2022-03-06,9999-12-31,True
2124,EMP0957,Anika Zhang,anika.zhang2@presight.ai,Legal,Compliance Analyst,13389.0,4,Active,Initial appointment,2023-03-01,2024-11-08,False
2125,EMP0957,Anika Zhang,anika.zhang2@presight.ai,Legal,Compliance Analyst,14887.0,4,Active,Retention adjustment,2024-11-08,2025-05-30,False
2126,EMP0957,Anika Zhang,anika.zhang2@presight.ai,Legal,Compliance Analyst,18120.0,4,Active,Annual performance increase,2025-05-30,9999-12-31,True
2127,EMP0958,Salim Al Bloushi,salim.al.bloushi@presight.ai,IT,Network Engineer,11569.0,6,Active,Initial appointment,2021-02-07,2023-04-24,False
2128,EMP0958,Salim Al Bloushi,salim.al.bloushi@presight.ai,IT,Network Engineer,12396.0,6,Active,Annual performance increase,2023-04-24,2023-07-10,False
2129,EMP0958,Salim Al Bloushi,salim.al.bloushi@presight.ai,IT,Network Engineer,20714.0,6,Active,Project completion bonus integration,2023-07-10,9999-12-31,True
2130,EMP0959,Saif Rahman,saif.rahman1@presight.ai,Sustainability,Data Analyst,14748.0,2,Active,Initial appointment,2023-03-12,2023-11-08,False
2131,EMP0959,Saif Rahman,saif.rahman1@presight.ai,Sustainability,Data Analyst,22197.0,2,Active,Cost of living adjustment,2023-11-08,9999-12-31,True
2132,EMP0960,Arjun Nambiar,arjun.nambiar@presight.ai,IT,Cloud Architect,23009.0,5,Active,Hire - Initial Appointment,2021-03-09,9999-12-31,True
2133,EMP0961,Ibrahim Al Mansoori,ibrahim.al.mansoori@presight.ai,Legal,Compliance Analyst,8956.0,0,Active,Initial appointment,2024-05-14,2024-12-11,False
2134,EMP0961,Ibrahim Al Mansoori,ibrahim.al.mansoori@presight.ai,Legal,Compliance Analyst,9499.0,0,Active,Project completion bonus integration,2024-12-11,2025-02-10,False
2135,EMP0961,Ibrahim Al Mansoori,ibrahim.al.mansoori@presight.ai,Legal,Compliance Analyst,10492.0,0,Active,Promoted following review,2025-02-10,2025-02-23,False
2136,EMP0961,Ibrahim Al Mansoori,ibrahim.al.mansoori@presight.ai,Legal,Compliance Analyst,12102.0,0,Active,Cost of living adjustment,2025-02-23,2025-06-01,False
2137,EMP0961,Ibrahim Al Mansoori,ibrahim.al.mansoori@presight.ai,Legal,Compliance Analyst,13459.0,0,Active,Promoted following review,2025-06-01,9999-12-31,True
2138,EMP0962,Hiroshi Reddy,hiroshi.reddy1@presight.ai,Sales,Account Manager,41799.0,12,Active,Hire - Initial Appointment,2015-09-08,9999-12-31,True
2139,EMP0963,Aaliyah Al Shamsi,aaliyah.al.shamsi2@presight.ai,Data Science,BI Developer,15240.0,4,Active,Initial appointment,2022-08-17,2023-10-26,False
2140,EMP0963,Aaliyah Al Shamsi,aaliyah.al.shamsi2@presight.ai,Data Science,BI Developer,17796.0,4,Active,Retention adjustment,2023-10-26,2025-03-03,False
2141,EMP0963,Aaliyah Al Shamsi,aaliyah.al.shamsi2@presight.ai,Data Science,BI Developer,23258.0,4,Active,Annual performance increase,2025-03-03,9999-12-31,True
2142,EMP0964,Hanan Farooq,hanan.farooq@presight.ai,Data Science,ML Engineer,22773.0,3,Active,Hire - Initial Appointment,2023-09-08,9999-12-31,True
2143,EMP0965,Ibrahim Yousef,ibrahim.yousef@presight.ai,Engineering,Lead Data Engineer,18906.0,10,Active,Initial appointment,2016-07-21,2017-11-25,False
2144,EMP0965,Ibrahim Yousef,ibrahim.yousef@presight.ai,Engineering,Lead Data Engineer,29286.0,10,Active,Cost of living adjustment,2017-11-25,9999-12-31,True
2145,EMP0966,Dana Al Mazrouei,dana.al.mazrouei1@presight.ai,HR,HR Analyst,17892.0,12,Active,Initial appointment,2014-04-26,2020-10-01,False
2146,EMP0966,Dana Al Mazrouei,dana.al.mazrouei1@presight.ai,HR,HR Analyst,30054.0,12,Active,Project completion bonus integration,2020-10-01,9999-12-31,True
2147,EMP0967,Anika Nair,anika.nair2@presight.ai,Marketing,Marketing Analyst,22916.0,2,Active,Hire - Initial Appointment,2024-02-16,9999-12-31,True
2148,EMP0968,Lin Joshi,lin.joshi@presight.ai,Sales,Sales Analyst,14966.0,1,Active,Hire - Initial Appointment,2024-07-21,9999-12-31,True
2149,EMP0969,Eric Rivera,eric.rivera2@presight.ai,Operations,Operations Analyst,18781.0,5,Active,Initial appointment,2020-09-27,2021-04-03,False
2150,EMP0969,Eric Rivera,eric.rivera2@presight.ai,Operations,Operations Analyst,19766.0,5,Active,Promoted following review,2021-04-03,2024-01-19,False
2151,EMP0969,Eric Rivera,eric.rivera2@presight.ai,Operations,Operations Analyst,25223.0,5,Active,Cost of living adjustment,2024-01-19,9999-12-31,True
2152,EMP0970,Aisha Al Shamsi,aisha.al.shamsi@presight.ai,Engineering,Senior Data Engineer,12950.0,4,Active,Initial appointment,2023-03-05,2025-03-12,False
2153,EMP0970,Aisha Al Shamsi,aisha.al.shamsi@presight.ai,Engineering,Senior Data Engineer,17276.0,4,Active,Annual performance increase,2025-03-12,9999-12-31,True
2154,EMP0971,Arjun Joshi,arjun.joshi@presight.ai,Data Science,BI Specialist,9672.0,0,Active,Initial appointment,2024-03-18,2024-09-27,False
2155,EMP0971,Arjun Joshi,arjun.joshi@presight.ai,Data Science,BI Specialist,15402.0,0,Active,Annual performance increase,2024-09-27,9999-12-31,True
2156,EMP0972,Reem Al Bloushi,reem.al.bloushi1@presight.ai,Legal,Compliance Analyst,12072.0,4,Active,Initial appointment,2022-04-14,2023-11-17,False
2157,EMP0972,Reem Al Bloushi,reem.al.bloushi1@presight.ai,Legal,Compliance Analyst,13679.0,4,Active,Project completion bonus integration,2023-11-17,2024-04-03,False
2158,EMP0972,Reem Al Bloushi,reem.al.bloushi1@presight.ai,Legal,Compliance Analyst,19475.0,4,Active,Project completion bonus integration,2024-04-03,9999-12-31,True
2159,EMP0973,Aisha Yousef,aisha.yousef2@presight.ai,Data Science,ML Engineer,21595.0,4,Active,Hire - Initial Appointment,2020-01-01,9999-12-31,True
2160,EMP0974,Dana Ibrahim,dana.ibrahim@presight.ai,HR,Lead Data Engineer,16045.0,12,Active,Initial appointment,2013-01-15,2017-05-21,False
2161,EMP0974,Dana Ibrahim,dana.ibrahim@presight.ai,HR,Lead Data Engineer,26774.0,12,Active,Project completion bonus integration,2017-05-21,9999-12-31,True
2162,EMP0975,Saif Najjar,saif.najjar1@presight.ai,Finance,Financial Analyst,12829.0,6,Active,Initial appointment,2019-04-18,2025-06-22,False
2163,EMP0975,Saif Najjar,saif.najjar1@presight.ai,Finance,Financial Analyst,17781.0,6,Active,Retention adjustment,2025-06-22,9999-12-31,True
2164,EMP0976,Aaliyah Khoury,aaliyah.khoury1@presight.ai,Procurement,Procurement Analyst,25965.0,12,Active,Hire - Initial Appointment,2014-08-01,9999-12-31,True
2165,EMP0977,Nadia Al Mansoori,nadia.al.mansoori3@presight.ai,Finance,Finance Manager,21129.0,12,Active,Initial appointment,2014-05-03,2019-02-14,False
2166,EMP0977,Nadia Al Mansoori,nadia.al.mansoori3@presight.ai,Finance,Finance Manager,33007.0,12,Active,Market correction adjustment,2019-02-14,9999-12-31,True
2167,EMP0978,Arun Joshi,arun.joshi2@presight.ai,Data Science,Data Analyst,12903.0,3,Active,Initial appointment,2022-03-24,2023-03-26,False
2168,EMP0978,Arun Joshi,arun.joshi2@presight.ai,Data Science,Data Analyst,13920.0,3,Active,Market correction adjustment,2023-03-26,2023-06-30,False
2169,EMP0978,Arun Joshi,arun.joshi2@presight.ai,Data Science,Data Analyst,20077.0,3,Active,Cost of living adjustment,2023-06-30,9999-12-31,True
2170,EMP0979,Yusuf Al Suwaidi,yusuf.al.suwaidi@presight.ai,Legal,Legal Analyst,18145.0,6,Active,Hire - Initial Appointment,2020-07-24,9999-12-31,True
2171,EMP0980,Mariam Khoury,mariam.khoury@presight.ai,HR,Learning & Development,21604.0,7,Active,Initial appointment,2018-05-30,2023-12-29,False
2172,EMP0980,Mariam Khoury,mariam.khoury@presight.ai,HR,Learning & Development,34237.0,7,Active,Market correction adjustment,2023-12-29,9999-12-31,True
2173,EMP0981,Anna Schmidt,anna.schmidt@presight.ai,Marketing,Brand Manager,18725.0,4,Active,Hire - Initial Appointment,2023-03-11,9999-12-31,True
2174,EMP0982,Nadia Al Marri,nadia.al.marri@presight.ai,IT,DevOps Engineer,13862.0,3,Active,Initial appointment,2022-02-18,2023-02-07,False
2175,EMP0982,Nadia Al Marri,nadia.al.marri@presight.ai,IT,DevOps Engineer,16454.0,3,Active,Market correction adjustment,2023-02-07,2023-08-22,False
2176,EMP0982,Nadia Al Marri,nadia.al.marri@presight.ai,IT,DevOps Engineer,19554.0,3,Active,Cost of living adjustment,2023-08-22,9999-12-31,True
2177,EMP0983,Ravi Pillai,ravi.pillai@presight.ai,Data Science,BI Engineer,13077.0,4,Active,Initial appointment,2023-01-08,2024-04-27,False
2178,EMP0983,Ravi Pillai,ravi.pillai@presight.ai,Data Science,BI Engineer,15055.0,4,Active,Cost of living adjustment,2024-04-27,2025-04-12,False
2179,EMP0983,Ravi Pillai,ravi.pillai@presight.ai,Data Science,BI Engineer,18851.0,4,Active,Annual performance increase,2025-04-12,9999-12-31,True
2180,EMP0984,Priya Kapoor,priya.kapoor@presight.ai,HR,Learning & Development,29173.0,8,Active,Hire - Initial Appointment,2017-03-21,9999-12-31,True
2181,EMP0985,Saif Al Naqbi,saif.al.naqbi@presight.ai,Sustainability,Sustainability Analyst,21313.0,9,Active,Initial appointment,2018-09-01,2021-09-13,False
2182,EMP0985,Saif Al Naqbi,saif.al.naqbi@presight.ai,Sustainability,Sustainability Analyst,30409.0,9,Active,Annual performance increase,2021-09-13,9999-12-31,True
2183,EMP0986,Camille Williams,camille.williams1@presight.ai,Marketing,Marketing Analyst,10797.0,0,Active,Initial appointment,2024-02-09,2024-09-13,False
2184,EMP0986,Camille Williams,camille.williams1@presight.ai,Marketing,Marketing Analyst,12437.0,0,Active,Promoted following review,2024-09-13,2024-10-28,False
2185,EMP0986,Camille Williams,camille.williams1@presight.ai,Marketing,Marketing Analyst,13663.0,0,Active,Market correction adjustment,2024-10-28,2025-04-20,False
2186,EMP0986,Camille Williams,camille.williams1@presight.ai,Marketing,Marketing Analyst,15895.0,0,Active,Annual performance increase,2025-04-20,9999-12-31,True
2187,EMP0987,Aaliyah Al Bloushi,aaliyah.al.bloushi@presight.ai,Finance,Financial Analyst,12425.0,6,Active,Initial appointment,2020-07-13,2022-03-06,False
2188,EMP0987,Aaliyah Al Bloushi,aaliyah.al.bloushi@presight.ai,Finance,Financial Analyst,14775.0,6,Active,Retention adjustment,2022-03-06,2023-11-19,False
2189,EMP0987,Aaliyah Al Bloushi,aaliyah.al.bloushi@presight.ai,Finance,Financial Analyst,16036.0,6,Active,Market correction adjustment,2023-11-19,2025-06-06,False
2190,EMP0987,Aaliyah Al Bloushi,aaliyah.al.bloushi@presight.ai,Finance,Financial Analyst,16904.0,6,Active,Promoted following review,2025-06-06,2025-06-21,False
2191,EMP0987,Aaliyah Al Bloushi,aaliyah.al.bloushi@presight.ai,Finance,Financial Analyst,18972.0,6,Active,Annual performance increase,2025-06-21,9999-12-31,True
2192,EMP0988,Hanan Khoury,hanan.khoury@presight.ai,Data Science,BI Developer,28764.0,10,Active,Initial appointment,2017-05-24,2021-03-05,False
2193,EMP0988,Hanan Khoury,hanan.khoury@presight.ai,Data Science,BI Developer,41504.0,10,Active,Retention adjustment,2021-03-05,9999-12-31,True
2194,EMP0989,Fatima Farooq,fatima.farooq1@presight.ai,Data Science,ML Engineer,20880.0,10,Active,Initial appointment,2015-01-15,2015-07-26,False
2195,EMP0989,Fatima Farooq,fatima.farooq1@presight.ai,Data Science,ML Engineer,23234.0,10,Active,Promoted following review,2015-07-26,2019-03-11,False
2196,EMP0989,Fatima Farooq,fatima.farooq1@presight.ai,Data Science,ML Engineer,25582.0,10,Active,Annual performance increase,2019-03-11,2023-08-21,False
2197,EMP0989,Fatima Farooq,fatima.farooq1@presight.ai,Data Science,ML Engineer,35683.0,10,Active,Retention adjustment,2023-08-21,9999-12-31,True
2198,EMP0990,Eman Al Dhaheri,eman.al.dhaheri@presight.ai,Marketing,Marketing Analyst,18511.0,10,Active,Initial appointment,2015-01-08,2020-09-09,False
2199,EMP0990,Eman Al Dhaheri,eman.al.dhaheri@presight.ai,Marketing,Marketing Analyst,22035.0,10,Active,Project completion bonus integration,2020-09-09,2023-10-13,False
2200,EMP0990,Eman Al Dhaheri,eman.al.dhaheri@presight.ai,Marketing,Marketing Analyst,31266.0,10,Active,Market correction adjustment,2023-10-13,9999-12-31,True
2201,EMP0991,Reem Al Bloushi,reem.al.bloushi2@presight.ai,Data Science,Data Scientist,31158.0,8,Active,Initial appointment,2019-05-21,2020-05-05,False
2202,EMP0991,Reem Al Bloushi,reem.al.bloushi2@presight.ai,Data Science,Data Scientist,34337.0,8,Active,Cost of living adjustment,2020-05-05,2022-04-19,False
2203,EMP0991,Reem Al Bloushi,reem.al.bloushi2@presight.ai,Data Science,Data Scientist,39529.0,8,Active,Retention adjustment,2022-04-19,2024-12-22,False
2204,EMP0991,Reem Al Bloushi,reem.al.bloushi2@presight.ai,Data Science,Data Scientist,43346.0,8,Active,Cost of living adjustment,2024-12-22,2025-04-16,False
2205,EMP0991,Reem Al Bloushi,reem.al.bloushi2@presight.ai,Data Science,Data Scientist,46237.0,8,Active,Cost of living adjustment,2025-04-16,9999-12-31,True
2206,EMP0992,Fatima Al Rumaithi,fatima.al.rumaithi@presight.ai,Sales,Sales Analyst,10874.0,3,Active,Initial appointment,2023-03-30,2024-01-24,False
2207,EMP0992,Fatima Al Rumaithi,fatima.al.rumaithi@presight.ai,Sales,Sales Analyst,11618.0,3,Active,Market correction adjustment,2024-01-24,2024-11-07,False
2208,EMP0992,Fatima Al Rumaithi,fatima.al.rumaithi@presight.ai,Sales,Sales Analyst,15856.0,3,Active,Promoted following review,2024-11-07,9999-12-31,True
2209,EMP0993,Saif Al Suwaidi,saif.al.suwaidi1@presight.ai,HR,Lead Data Engineer,13254.0,1,Active,Hire - Initial Appointment,2024-02-12,9999-12-31,True
2210,EMP0994,Rashid Al Bloushi,rashid.al.bloushi@presight.ai,Data Science,Data Scientist,30684.0,18,Active,Initial appointment,2009-01-12,2014-03-31,False
2211,EMP0994,Rashid Al Bloushi,rashid.al.bloushi@presight.ai,Data Science,Data Scientist,36642.0,18,Active,Project completion bonus integration,2014-03-31,2020-06-10,False
2212,EMP0994,Rashid Al Bloushi,rashid.al.bloushi@presight.ai,Data Science,Data Scientist,41181.0,18,Active,Annual performance increase,2020-06-10,9999-12-31,True
2213,EMP0995,Adam Saeed,adam.saeed@presight.ai,Procurement,Procurement Analyst,48887.0,14,Active,Hire - Initial Appointment,2012-02-04,9999-12-31,True
2214,EMP0996,Mariam Al Khaja,mariam.al.khaja@presight.ai,IT,Network Engineer,14745.0,3,Active,Initial appointment,2024-09-15,2025-06-12,False
2215,EMP0996,Mariam Al Khaja,mariam.al.khaja@presight.ai,IT,Network Engineer,21985.0,3,Active,Market correction adjustment,2025-06-12,9999-12-31,True
2216,EMP0997,Anjali Kapoor,anjali.kapoor2@presight.ai,Finance,Financial Analyst,22710.0,12,Active,Initial appointment,2015-02-16,2015-12-30,False
2217,EMP0997,Anjali Kapoor,anjali.kapoor2@presight.ai,Finance,Financial Analyst,26663.0,12,Active,Project completion bonus integration,2015-12-30,2016-11-29,False
2218,EMP0997,Anjali Kapoor,anjali.kapoor2@presight.ai,Finance,Financial Analyst,29132.0,12,Active,Market correction adjustment,2016-11-29,2017-03-12,False
2219,EMP0997,Anjali Kapoor,anjali.kapoor2@presight.ai,Finance,Financial Analyst,31226.0,12,Active,Cost of living adjustment,2017-03-12,2024-02-02,False
2220,EMP0997,Anjali Kapoor,anjali.kapoor2@presight.ai,Finance,Financial Analyst,30594.0,12,Active,Retention adjustment,2024-02-02,9999-12-31,True
2221,EMP0998,Carlos Johnson,carlos.johnson1@presight.ai,Data Science,BI Engineer,8996.0,1,Active,Initial appointment,2024-04-21,2024-11-04,False
2222,EMP0998,Carlos Johnson,carlos.johnson1@presight.ai,Data Science,BI Engineer,9768.0,1,Active,Project completion bonus integration,2024-11-04,2025-01-28,False
2223,EMP0998,Carlos Johnson,carlos.johnson1@presight.ai,Data Science,BI Engineer,10844.0,1,Active,Promoted following review,2025-01-28,2025-03-01,False
2224,EMP0998,Carlos Johnson,carlos.johnson1@presight.ai,Data Science,BI Engineer,12488.0,1,Active,Retention adjustment,2025-03-01,2025-06-14,False
2225,EMP0998,Carlos Johnson,carlos.johnson1@presight.ai,Data Science,BI Engineer,12164.0,1,Active,Market correction adjustment,2025-06-14,9999-12-31,True
2226,EMP0999,Min Kapoor,min.kapoor@presight.ai,Sales,Sales Analyst,19746.0,9,Active,Initial appointment,2016-07-15,2021-08-29,False
2227,EMP0999,Min Kapoor,min.kapoor@presight.ai,Sales,Sales Analyst,21945.0,9,Active,Cost of living adjustment,2021-08-29,2022-12-13,False
2228,EMP0999,Min Kapoor,min.kapoor@presight.ai,Sales,Sales Analyst,24394.0,9,Active,Promoted following review,2022-12-13,2024-04-28,False
2229,EMP0999,Min Kapoor,min.kapoor@presight.ai,Sales,Sales Analyst,27174.0,9,Active,Retention adjustment,2024-04-28,9999-12-31,True
2230,EMP1000,Sanjay Bhatt,sanjay.bhatt2@presight.ai,Operations,Operations Analyst,13188.0,4,Active,Initial appointment,2022-08-14,2024-02-23,False
2231,EMP1000,Sanjay Bhatt,sanjay.bhatt2@presight.ai,Operations,Operations Analyst,15613.0,4,Active,Promoted following review,2024-02-23,2024-08-25,False
2232,EMP1000,Sanjay Bhatt,sanjay.bhatt2@presight.ai,Operations,Operations Analyst,18450.0,4,Active,Market correction adjustment,2024-08-25,9999-12-31,True
